eps,realization,seed,N,pairs,local,regional,sum_W_real,sum_W_imag,area,null,corr,corr_centered,corr_centered_rms
0.0,0,3000,324,901,0.09636089785994541,0.047009523459047256,0.04326423532876866,0.018387529395316807,1121.4024517673631,1.952409574234401,-0.45694744641478535,-0.45695933054285554,-0.36902431681295084
0.0,1,3001,324,901,0.08930551911895272,0.034464370409500705,-0.0343071792590397,0.00328789887487195,1123.1633392880349,1.82216766709175,-0.4105393431037854,-0.4105461921705573,-0.33282241815669084
0.0,2,3002,324,901,0.09023787725802367,0.164661141429881,-0.15038725627894234,-0.0670594113147662,1121.919749852873,1.8205960969435193,-0.39678720313181143,-0.39669836134352254,-0.3270303192458649
0.0,3,3003,324,901,0.08651404181459545,0.08817920005564354,-0.010548813067470686,-0.08754595287802153,1122.7897025131913,1.7817141038820243,-0.4414524011365669,-0.44148766538219864,-0.3508002485566152
0.0,4,3004,324,901,0.09386139554144697,0.21976643818644057,0.20292975775971467,0.08436113304560418,1122.6866100429484,1.9250382994334132,-0.43369376211327204,-0.4337125299108316,-0.34469738048615656
0.0,5,3005,324,901,0.09405889430674069,0.24806005738839448,-0.1635128270132844,0.18654047140944321,1121.7540403501505,1.9122483874638445,-0.4395354000236407,-0.43946638955196016,-0.3593358981427996
0.0,6,3006,324,901,0.08973435814084431,0.07567678238153953,0.035184925096576336,0.0669999734147052,1122.5331750962691,1.7917510647855412,-0.40559356610167663,-0.4056070554683156,-0.3321619606325904
0.0,7,3007,324,901,0.0802189255071648,0.03492176072063591,0.03139036298989284,-0.015302760639574635,1122.7458453132733,1.6494254646199258,-0.40210372532303246,-0.4021028688582285,-0.3188798301762708
0.0,8,3008,324,901,0.082726757997873,0.04572324345196875,0.008987202857537291,-0.04483129684233411,1122.6892997332445,1.6813604449362725,-0.398737544557118,-0.3987636592710256,-0.31862561720739235
0.0,9,3009,324,901,0.08460388415110447,0.09404603148737668,0.027766611596597546,-0.0898536104948952,1122.8352144490764,1.706950789701386,-0.40511937964837424,-0.4050984771237528,-0.32860727445754806
0.0,10,3010,324,901,0.09321546244950255,0.28652232113298415,0.05712839240443479,0.28076927767958837,1123.5839453701878,1.8917950880790955,-0.40950001036045364,-0.4098328022343708,-0.32991766759783286
0.0,11,3011,324,901,0.09152703739969018,0.050532915350962646,0.0252458928322703,0.043774655098230975,1122.4590705495452,1.8340638064162587,-0.4122050127132336,-0.4122348165299772,-0.335618623579751
0.0,12,3012,324,901,0.08125835844787882,0.11521961457518148,0.07856285923929951,-0.08428188851111124,1122.6547613057867,1.6342563118512388,-0.3787264191029787,-0.3787818669343218,-0.30384759466768674
0.0,13,3013,324,901,0.08715343176677344,0.16371171394981857,-0.0026607243712142292,0.16369009081250963,1122.0685920514388,1.7682417058172697,-0.4092832453524608,-0.40915792952213115,-0.328873803670548
0.0,14,3014,324,901,0.0869655472871076,0.08182140089612523,0.03966799752973538,-0.07156250146959195,1121.6020315906635,1.7674637790161385,-0.38008497268799596,-0.380072138539638,-0.302631006001822
0.0,15,3015,324,901,0.09535124188153726,0.1392100705045751,-0.1266464533613303,0.05779376766473317,1122.4159031981947,1.9361328773479958,-0.4057448752859412,-0.4055706786593025,-0.33523118760617104
0.0,16,3016,324,901,0.08690289185964711,0.04599459262388896,-0.04548451521621644,0.0068309169357617106,1123.6641523491962,1.7541628577211335,-0.3792249070002316,-0.379233509507855,-0.30437585028486414
0.0,17,3017,324,901,0.08981561511834245,0.07694613429549092,-0.0691877326455197,0.03367143053675939,1122.0699299547607,1.8063514834967385,-0.4036593416633347,-0.4036803136784099,-0.3318455204149866
0.0,18,3018,324,901,0.0884339368432857,0.13875504130987987,-0.05527154981926019,0.1272714314741667,1122.4800251565366,1.8109000006485128,-0.42074730246473113,-0.4206289040456055,-0.336566861984499
0.0,19,3019,324,901,0.08372719143753507,0.06091021467626592,0.010847605374559421,-0.05993649730795611,1122.7052742279639,1.6965531377837906,-0.37961539392869176,-0.37963765277874467,-0.3095703392298248
0.0,20,3020,324,901,0.09055173002191215,0.18551038706127243,0.184605485701824,-0.018300774749085667,1122.3873329097057,1.8542725136929965,-0.4136410046006878,-0.4138260529807966,-0.33263725287936474
0.0,21,3021,324,901,0.08299144781778948,0.1023748893736323,-0.02850077605971668,0.0983276346621708,1123.1651192150389,1.7039789606183995,-0.41244181838330085,-0.41241742194091024,-0.32983230190594204
0.0,22,3022,324,901,0.08800112024485385,0.09687258166689922,-0.074543856901089,0.061866877059699926,1122.6603593674097,1.797928236205207,-0.42002487199421246,-0.42001233753723083,-0.33343633046784493
0.0,23,3023,324,901,0.09428140459179844,0.1153804790120506,0.07177649252174367,-0.09033709126558329,1121.5841093679176,1.892171203690502,-0.42025090613010635,-0.42031942299908637,-0.34000230540606585
0.0,24,3024,324,901,0.08843879681602963,0.12248915481903415,0.10775997145085547,-0.05823556989668882,1123.1245086595331,1.815896193624139,-0.4281551633148539,-0.42807495065990175,-0.3421850719523789
0.0,25,3025,324,901,0.08775630127479593,0.1806074790647641,-0.179835785239983,0.016677884795378323,1122.7440322607306,1.7802218456177632,-0.4011902532664531,-0.40120836774689844,-0.3294930109471317
0.0,26,3026,324,901,0.08928014019178729,0.15309339572317568,-0.07858943708280286,0.1313822217541667,1122.609608994969,1.8469641767120648,-0.41275882171903905,-0.4127202913629897,-0.32616735786538203
0.0,27,3027,324,901,0.08742237458299687,0.16948119740637405,0.13397835981258233,0.10379631677583052,1122.1001770135615,1.7667766658787296,-0.3896615908388105,-0.38937637934209457,-0.32211230249302747
0.0,28,3028,324,901,0.09089375069310213,0.24578645226655707,-0.005797905758370803,0.2457180587718322,1121.5359607625032,1.8250910714474367,-0.41446698881329846,-0.41446661593699774,-0.3364614215631567
0.0,29,3029,324,901,0.08997830834324702,0.05755499333928098,0.05397111493221596,-0.01999239883701337,1122.980632581686,1.812060401043729,-0.4112031036359815,-0.41119086953138306,-0.33313300395123524
0.0,30,3030,324,901,0.09218745173179316,0.18894848844784998,-0.08619401905074131,0.16814316033252064,1122.1892399168037,1.8930536230372474,-0.41254968907496514,-0.4126069923247064,-0.32744241898866694
0.0,31,3031,324,901,0.08621544122183342,0.03726200160582239,0.0368072890088329,-0.005803467885028668,1123.0527784532255,1.7609593769311203,-0.4012072929819082,-0.401181186159649,-0.31843077211935794
0.0,32,3032,324,901,0.08976033385913633,0.08255809068249963,0.011392312030340968,-0.08176829192139934,1122.3909244829895,1.8263452118214656,-0.41645624442709217,-0.4164462268123833,-0.3318411074732707
0.0,33,3033,324,901,0.08643513366366916,0.06226407194490536,0.0615302104607367,0.009531414156241397,1121.3294104919396,1.77934984275802,-0.4158221319978115,-0.4157702108425107,-0.32707427539167633
0.0,34,3034,324,901,0.08750457029993136,0.12378930734715338,0.07691320066027574,0.09699562968340461,1122.239534247475,1.7725228910856783,-0.40762935711801546,-0.40769329634392587,-0.3339278298303573
0.0,35,3035,324,901,0.08358207270988031,0.02227829427474108,0.022264515715591404,0.0007834128810178254,1122.4098324181293,1.685036185671437,-0.38589823403401446,-0.3858866926617692,-0.3190985642845358
0.0,36,3036,324,901,0.09126846855633573,0.019485788803305214,0.004025253754357028,-0.01906550019013531,1121.4919970730432,1.8712730557901585,-0.4065440887367941,-0.4065531495438005,-0.3314056842930733
0.0,37,3037,324,901,0.09125831744473012,0.1565321706087981,0.01766293722844381,-0.15553244383075168,1121.8139253935694,1.840932938478241,-0.42409270642859087,-0.42395929322674347,-0.34741741138478893
0.0,38,3038,324,901,0.0957370246464463,0.056573000704269336,-0.02932511333904042,-0.048379149809992444,1123.1151832444054,1.9429724629124767,-0.43619469688767326,-0.43619159974669175,-0.34878710617105835
0.0,39,3039,324,901,0.09066727958967864,0.1803035515741044,-0.17516650008067902,-0.04273251642158707,1121.9565411430983,1.854200529702937,-0.4334612289352687,-0.43360122854152167,-0.3435471662753778
0.01,0,3000,324,901,0.0965727870441843,0.05038266381321435,0.046110702758456856,0.020303100847816766,1121.4015625745403,1.9601587647770926,-0.4583082494428376,-0.4583220725853299,-0.3696313370234008
0.01,1,3001,324,901,0.08932708902251074,0.03579478380622914,-0.03568482398828632,0.002803548583440167,1123.1640356396997,1.8254190702967257,-0.41010386243047453,-0.4101102330360279,-0.3318252576994035
0.01,2,3002,324,901,0.09061934099128754,0.16772822662368633,-0.15425436504531032,-0.06586614358526566,1121.922780737694,1.8279556151517058,-0.3978461677475932,-0.39776095759327706,-0.3279323302776232
0.01,3,3003,324,901,0.08638224119904458,0.0860252943244442,-0.011884718428584407,-0.08520037987873362,1122.7899257047886,1.7789663915562017,-0.44048778003800587,-0.4405236728547692,-0.35033770407763926
0.01,4,3004,324,901,0.09439552704574558,0.22574286804670893,0.21011899456927186,0.08252181890356115,1122.6825006136844,1.940908104834571,-0.4356932600960283,-0.435709350033562,-0.3450931986379042
0.01,5,3005,324,901,0.09427902779653738,0.24712238071554485,-0.17029165072894514,0.17908161475296577,1121.7573613767402,1.9175409474976728,-0.44030751382791483,-0.44025815861129164,-0.36014290603730875
0.01,6,3006,324,901,0.08957260455326484,0.07653984994856576,0.03820400950067793,0.06632346710042436,1122.5324449484744,1.7875280525450887,-0.40444421174475087,-0.4044573963976802,-0.3314427005182441
0.01,7,3007,324,901,0.08037601501378837,0.03465654562058699,0.030419056886415774,-0.016605936664121905,1122.7452303702735,1.6534046481552669,-0.40272174122087684,-0.402722075359165,-0.31920587378913534
0.01,8,3008,324,901,0.08279344435000532,0.044020193070844774,0.009889572690159998,-0.04289491519982866,1122.6891119278744,1.682705733600498,-0.3991026091086657,-0.39912226859544914,-0.31863312028303403
0.01,9,3009,324,901,0.0847324381845624,0.09337101478887275,0.03175932407544968,-0.08780371140774434,1122.834622224501,1.7102300749326753,-0.4064025881473722,-0.40637717726354017,-0.32950637309560216
0.01,10,3010,324,901,0.09372340390476032,0.27574706136371524,0.05513627522008413,0.27017852062216136,1123.5828284470454,1.902735779485497,-0.41102238608131625,-0.411349796417675,-0.33105562790864507
0.01,11,3011,324,901,0.0913859158391443,0.04973126316428254,0.02629172074750885,0.04221307802151056,1122.458557800926,1.8309897378456073,-0.4112524295641572,-0.41128242042707713,-0.33519123954023183
0.01,12,3012,324,901,0.08143942625777466,0.11334887534840236,0.07948530452683844,-0.08080874895098558,1122.65318888184,1.6413762685925897,-0.3817745881943748,-0.3818321490357873,-0.30526714644379954
0.01,13,3013,324,901,0.08736873062258095,0.15646633260242923,-0.0036952372312488713,0.15642269163986022,1122.068655287012,1.7743307669156971,-0.4101311730460363,-0.41000578636711477,-0.328712355899613
0.01,14,3014,324,901,0.0870454274681148,0.08107359849700076,0.03992949111001254,-0.07055894070171627,1121.6012396738563,1.766819428188261,-0.3771602864129391,-0.3771526123422762,-0.30089125692131236
0.01,15,3015,324,901,0.09553459418475055,0.14285975081342744,-0.1321347756537068,0.05430754519787431,1122.41847781717,1.9404103647438962,-0.40529856964246774,-0.4051149791482296,-0.3346198864580495
0.01,16,3016,324,901,0.08666700494858585,0.048320116997446025,-0.04806723163954274,0.004937099265501316,1123.6650830971626,1.7508144682540994,-0.3783782245639594,-0.3783894314741876,-0.3031741863508022
0.01,17,3017,324,901,0.08971994422458056,0.07822911122448836,-0.07109254986072644,0.032644190865657785,1122.0713256057459,1.8042817434163883,-0.40417074360786776,-0.4041930761804988,-0.3322214975128262
0.01,18,3018,324,901,0.08860150243147323,0.13630063579952842,-0.05808009681719861,0.12330679491844934,1122.4811528940522,1.8125238850555638,-0.4200825297579865,-0.41996838720526697,-0.33616249273768356
0.01,19,3019,324,901,0.08414346966085676,0.05588087952034637,0.010294065320718637,-0.054924538369841985,1122.7050638891124,1.7078990784948629,-0.38032619972572124,-0.3803421965781017,-0.30928773479600985
0.01,20,3020,324,901,0.0910010878542689,0.19498454710746208,0.19427992733509614,-0.016561504924730297,1122.383563372102,1.8684588214783908,-0.4167274867454784,-0.41693301484940837,-0.333980632564827
0.01,21,3021,324,901,0.08297711074786217,0.09974379399903083,-0.03050426191521005,0.09496480635650958,1123.165706257194,1.7031308491702453,-0.4106005944293338,-0.4105846125708286,-0.3285002501939102
0.01,22,3022,324,901,0.08821038345573008,0.09733835925841616,-0.07683708781088638,0.059756322844219806,1122.6618654590775,1.8018986345391996,-0.4207920290292421,-0.42077586865857314,-0.3337677536811736
0.01,23,3023,324,901,0.09450411794089944,0.11351327379694345,0.07271066238112933,-0.087168933136739,1121.5826718626854,1.896965320368974,-0.42087506393677615,-0.42095856569499324,-0.3404929379618428
0.01,24,3024,324,901,0.08806410200823486,0.12311188233628545,0.10942164993227754,-0.056421964681154985,1123.122347915782,1.805331021631499,-0.42479528407765815,-0.4247102650758647,-0.34031565983993073
0.01,25,3025,324,901,0.08786981170951208,0.18964052566121495,-0.18891682651408548,0.016551786396303503,1122.7477009869172,1.7839351034736244,-0.4005655627396839,-0.40058620974633546,-0.32856302930688486
0.01,26,3026,324,901,0.08940017675135481,0.14809866877963637,-0.07919838570718474,0.12514324350789552,1122.6111788287787,1.8477225856273287,-0.41174451180089056,-0.4117094470132544,-0.3252137133924821
0.01,27,3027,324,901,0.08768583988476339,0.1710275783954377,0.13788367402409207,0.10118559684770115,1122.0974722534302,1.7742412773120566,-0.39070020376291786,-0.3904185202012992,-0.3223408020603144
0.01,28,3028,324,901,0.09098196133915956,0.23688492129019617,-0.004152467817275074,0.23684852320774333,1121.536059758944,1.8276956574937997,-0.4167470927558195,-0.4167368843186043,-0.33772741745610896
0.01,29,3029,324,901,0.0901909072900376,0.05899758197261333,0.05537367739247312,-0.020358549325763392,1122.9795447084339,1.8182405924635632,-0.41205780622049454,-0.4120464216104366,-0.3327956616109871
0.01,30,3030,324,901,0.09210776558540112,0.18509626646535035,-0.08746114155783635,0.1631293246991849,1122.190967615035,1.8897520222951234,-0.4140500227316222,-0.4141051966167693,-0.3291230392379797
0.01,31,3031,324,901,0.08623751490000407,0.03741793485789784,0.03704173312305725,-0.005292622815777609,1123.0520437280122,1.7578243301005099,-0.39973379752268173,-0.39970821866530665,-0.3178578813090774
0.01,32,3032,324,901,0.0895612612155754,0.07962701686766398,0.009631517006192691,-0.07904236645877111,1122.3907153165467,1.8226159326663722,-0.4157424739546482,-0.4157326924396725,-0.33148901492434235
0.01,33,3033,324,901,0.08641853767006868,0.0649611733329413,0.06412091711805079,0.010414510489336726,1121.3281603866728,1.777164648646729,-0.41632727546623954,-0.4162787139055711,-0.32753751406166426
0.01,34,3034,324,901,0.08732006776355386,0.12418080558982286,0.08023592270328361,0.09477905456845452,1122.2379707680968,1.7670668512746108,-0.4053907578513367,-0.40544632092161326,-0.33284035785105737
0.01,35,3035,324,901,0.08365546271890308,0.02255283222686536,0.02255210611168179,0.00018097342506998015,1122.4093865367747,1.6886936595034001,-0.38798279693306037,-0.38797200461609477,-0.3198288207671582
0.01,36,3036,324,901,0.0916334296094586,0.018828363271101423,0.004446232448071186,-0.01829585418848434,1121.4919127900787,1.8813365039128314,-0.41080427245110557,-0.4108130279795635,-0.33396876769767136
0.01,37,3037,324,901,0.09115241153207038,0.15018759838692858,0.016985761391976606,-0.14922398808223894,1121.8135806730604,1.838877246054568,-0.4236773651627289,-0.4235511905854029,-0.3472683551921985
0.01,38,3038,324,901,0.0958224655457983,0.056452739935382024,-0.031092662885280564,-0.04711855431689488,1123.115784341918,1.9480470474988971,-0.4376531612512295,-0.4376474010294156,-0.34992415023246803
0.01,39,3039,324,901,0.09072358651892151,0.18671857380676435,-0.1816678157529994,-0.043135026648495015,1121.9600912939502,1.8561356775614177,-0.43455153977975447,-0.4347026508299131,-0.34396126774395
0.02,0,3000,324,901,0.09695566969472248,0.05379860285237787,0.049001090435124794,0.02220771949202803,1121.4006256262185,1.9729463457118201,-0.46029330098277427,-0.4603092551777088,-0.3702325238512134
0.02,1,3001,324,901,0.08951227817406858,0.0371773687457255,-0.03710459297791635,0.0023250649020635367,1123.164752689813,1.8333918530825442,-0.4102169960308011,-0.4102228565187612,-0.3308320588950826
0.02,2,3002,324,901,0.09116666901425781,0.17103789912778158,-0.15832414651108362,-0.06471033587907049,1121.9258599553382,1.8400457785728435,-0.39951198378056846,-0.39943018212052867,-0.3288224502065896
0.02,3,3003,324,901,0.08640522869630539,0.08395944669346066,-0.013226007273702933,-0.08291116583831167,1122.790173071088,1.7808858162937427,-0.4401680819195826,-0.44020457698881316,-0.3498851973931341
0.02,4,3004,324,901,0.09510389374649186,0.23206136334728342,0.21756536148534078,0.08073283000336905,1122.6782874858889,1.9616993591195384,-0.43817637460177294,-0.43818950798740053,-0.34547621897912856
0.02,5,3005,324,901,0.09466233162748967,0.24683612698974744,-0.1772694792840186,0.17176613549146302,1121.7607852089118,1.92777364176195,-0.44175441527405657,-0.4417236540997099,-0.36094568613230693
0.02,6,3006,324,901,0.08957528437424163,0.077560332783983,0.04125297014575802,0.06567950727369523,1122.531662216058,1.7879868128456482,-0.40387365142571474,-0.40388544510800317,-0.33072394742997185
0.02,7,3007,324,901,0.0806782300639547,0.03451148099116611,0.029504809912512364,-0.017902751526794193,1122.744640058972,1.6617564731770875,-0.403891319837682,-0.4038929485692886,-0.3195309101651253
0.02,8,3008,324,901,0.08300616468075603,0.042392737557575826,0.01079848514044146,-0.040994352248781354,1122.6889081293714,1.6884133171799192,-0.4000582625368236,-0.4000718992663066,-0.31863906932732844
0.02,9,3009,324,901,0.08501033228934791,0.09296235106209841,0.035762255030751255,-0.08580827366931662,1122.8339570679718,1.71794372335866,-0.40824602317167463,-0.4082159149314822,-0.33038960334838324
0.02,10,3010,324,901,0.09439988459049214,0.2651986320929818,0.05324986365790885,0.25979754903463353,1123.5817607328588,1.918516923049197,-0.41308887719884757,-0.4134098889246653,-0.3321668555557079
0.02,11,3011,324,901,0.09141291240258846,0.04903222022716113,0.027368281072362777,0.040683360376804895,1122.458029195093,1.8326623997692602,-0.4108605943165583,-0.41089065578580486,-0.3347662557712297
0.02,12,3012,324,901,0.08176732164949009,0.11169101164229539,0.08052273422871492,-0.07740136532394701,1122.6516126392066,1.6527438992057242,-0.38536294502777535,-0.385422773526178,-0.3066647703944682
0.02,13,3013,324,901,0.08774221870789509,0.1493627065830948,-0.004725320683429235,0.1492879414496242,1122.068738238109,1.7850174363113516,-0.41155882378249775,-0.411433405476208,-0.3285608935252817
0.02,14,3014,324,901,0.08728799263680422,0.0803945267381349,0.04025073738504581,-0.06959280185054172,1121.6004498166997,1.77080727474653,-0.3748060318466618,-0.37480289042173087,-0.299164819428939
0.02,15,3015,324,901,0.09589375120480854,0.14686891424654405,-0.13777526061172196,0.050876866406362006,1122.4211367067458,1.9497268940757004,-0.40540100845125604,-0.4052060095439622,-0.33402211889500144
0.02,16,3016,324,901,0.0865917088333966,0.050792015766977464,-0.05069952239865261,0.0030638691586635514,1123.666056050582,1.7520706064183265,-0.3780635158140256,-0.37807734156801964,-0.30197696972672194
0.02,17,3017,324,901,0.0897873405970729,0.07964397287567108,-0.0730895665756992,0.031639811522780364,1122.0727459468778,1.8069548664774002,-0.4052414940473529,-0.40526517906200815,-0.3326049049286192
0.02,18,3018,324,901,0.0889277940688862,0.1340838084050891,-0.060951622216517176,0.11942934072323942,1122.482325478078,1.8187986210221843,-0.4199714522489547,-0.4198612645979732,-0.33576122985094176
0.02,19,3019,324,901,0.08471322609380898,0.05092776953078882,0.009762050936292788,-0.04998339795270393,1122.7048663158794,1.7236049974343495,-0.381567763521386,-0.3815784162379429,-0.30901155321270696
0.02,20,3020,324,901,0.09161362914863751,0.20470132844504263,0.2041622762066888,-0.014845835822510041,1122.3796383093802,1.8874399092662286,-0.42023305030254376,-0.420459972717792,-0.3352740630122326
0.02,21,3021,324,901,0.08311423021352966,0.09727462784892198,-0.03253561588730847,0.09167217092433116,1123.1663272643868,1.7067042280961515,-0.40935130635293965,-0.4093436418619304,-0.32717102106130397
0.02,22,3022,324,901,0.08857863570413124,0.09800583760687777,-0.07922765671748344,0.05768988313458692,1122.6634028562344,1.8105572221145583,-0.4221285341581883,-0.4221084574511454,-0.3340857539296483
0.02,23,3023,324,901,0.09490355464708206,0.11183035003223497,0.07374912578934234,-0.08406600759902874,1121.5812290841602,1.9067456450106715,-0.4220593100618042,-0.4221567894402751,-0.34097850304282534
0.02,24,3024,324,901,0.08785028067175049,0.123936553998479,0.11123775679376147,-0.05464824682009364,1123.1201741952175,1.799415792190403,-0.421954284504968,-0.42186438297684975,-0.3384017464557538
0.02,25,3025,324,901,0.08814163932018086,0.19888334678896846,-0.19820325261349625,0.016433389285588282,1122.7515145151476,1.7922899324564252,-0.40052906992530024,-0.4005528801780172,-0.3276383209148334
0.02,26,3026,324,901,0.08967758161233276,0.14336132126577375,-0.07992496115606906,0.11901457481867186,1122.6127463562932,1.8531910063537547,-0.4112933136215051,-0.4112610816804423,-0.32427193387546915
0.02,27,3027,324,901,0.08810060685821139,0.17287028362891416,0.14196572949933817,0.09864008622087658,1122.0947154509336,1.7862813574972503,-0.3923347488015369,-0.3920558085969378,-0.32257141391710475
0.02,28,3028,324,901,0.09123080097357236,0.22817283079925038,-0.0025297318313963757,0.22815880691265145,1121.5361255854366,1.8350042372253947,-0.4196077153189307,-0.41958895206370367,-0.3389832249266567
0.02,29,3029,324,901,0.09057242686137316,0.0605102059601714,0.05684885299985387,-0.02072903610743558,1122.9784392018719,1.8291800093928514,-0.413454129492104,-0.41344350081260267,-0.3324693123542403
0.02,30,3030,324,901,0.09219890755031047,0.18146901999769566,-0.08885230119008813,0.15822854923227328,1122.192704482554,1.891315889781051,-0.4160511955812006,-0.41610381480196473,-0.33082267132089943
0.02,31,3031,324,901,0.08641285019585318,0.03763759191301784,0.03733168875028703,-0.00478887670154067,1123.0513110738327,1.7592476101112553,-0.39881190356790025,-0.3987867207200783,-0.31728729226637037
0.02,32,3032,324,901,0.08952623184408272,0.07678195891025955,0.007903113925320504,-0.0763741448684055,1122.3905425825199,1.8236593389781797,-0.4155323522054564,-0.4155229256985581,-0.33112973168127774
0.02,33,3033,324,901,0.08656070389991494,0.06773422249807759,0.06678617932425857,0.011292968993451585,1121.3268708180485,1.7795748074641347,-0.41738776153565715,-0.4173431250227961,-0.32800291462435155
0.02,34,3034,324,901,0.08729258519400858,0.12480472506594431,0.08365114015031949,0.092621305056329,1122.2363563131137,1.7662042194486913,-0.40370697850838766,-0.4037546199285312,-0.33174776456995103
0.02,35,3035,324,901,0.08387693146752401,0.02287583865541862,0.02287206566663169,-0.00041545917974283864,1122.408939062281,1.696711734739582,-0.3905731934934579,-0.3905632552388418,-0.3205500940052508
0.02,36,3036,324,901,0.09216356827673192,0.018204427791639884,0.004870001960197268,-0.017540931335841475,1121.491821015653,1.8962390203724233,-0.4155192440647041,-0.41552770151253227,-0.33647176170023907
0.02,37,3037,324,901,0.09121268214276972,0.14396641605890198,0.016341775775184253,-0.14303592317092398,1121.8132523627746,1.8415999531520852,-0.42377732908635485,-0.4236584851952704,-0.3471149250526984
0.02,38,3038,324,901,0.0960817339224392,0.056458995330340336,-0.03289132479115686,-0.045888766677630616,1123.1164146495576,1.9581654582483128,-0.4396475364616563,-0.4396389874529914,-0.3510548016842987
0.02,39,3039,324,901,0.0909415646710944,0.19335695882495996,-0.18838863011784124,-0.043550402619958184,1121.9637367279622,1.8629389699972057,-0.4362207655441383,-0.43638323251645383,-0.3443702504561625
0.05,0,3000,324,901,0.09913530334362747,0.06431368291571594,0.05796404097300911,0.027864309865176518,1121.3975284397443,2.04124087266006,-0.4696222436018603,-0.4696458806470046,-0.37193815840118183
0.05,1,3001,324,901,0.09105172023649806,0.04163500040036756,-0.041624794712089574,0.0009218044884931609,1123.167032307399,1.8855045587450028,-0.4137783564072801,-0.4137824419940008,-0.3279902922183488
0.05,2,3002,324,901,0.09380084479672894,0.18241337117570627,-0.17175002399267703,-0.061453781349896236,1121.93541728718,1.9044057641474925,-0.4078381179312581,-0.4077648043327929,-0.33132765480351983
0.05,3,3003,324,901,0.08740515499754573,0.07829434706377997,-0.017299477144570474,-0.07635923567367679,1122.7910569396554,1.8147446520839232,-0.4431590629711986,-0.4431971922227838,-0.3486412329504891
0.05,4,3004,324,901,0.09827492826405823,0.25305182732403503,0.2414798815816832,0.07564849042333564,1122.6649957832644,2.0530290101012167,-0.4480769685791884,-0.4480800381114608,-0.34651695917419006
0.05,5,3005,324,901,0.09679507259425248,0.24992402532319857,-0.1994392852466942,0.1506186905202623,1121.7716928502603,1.9879010891408415,-0.4498325323650566,-0.44985112623534196,-0.36324124289467735
0.05,6,3006,324,901,0.09057178456060301,0.08154145712029172,0.05061351810664272,0.06393184663506071,1122.5290022123625,1.8176132227720383,-0.4057199386242188,-0.4057208832049949,-0.3286571208157898
0.05,7,3007,324,901,0.08245927540363646,0.03473630218035659,0.027075682130043077,-0.021760471648333175,1122.7430017649565,1.7128588323747262,-0.4104508083241975,-0.4104562104682036,-0.32046367466772047
0.05,8,3008,324,901,0.08452223991339751,0.037999710108039327,0.013575395231776977,-0.035492064079115954,1122.6882023811372,1.7316488886323231,-0.4062995416776456,-0.4062977479710647,-0.3186488637741544
0.05,9,3009,324,901,0.08674333810075324,0.09334598860255303,0.04788562801522245,-0.08012764952109666,1122.8315350348425,1.7675528960532358,-0.4168496344249469,-0.41680391000876643,-0.33285182714363265
0.05,10,3010,324,901,0.09744246152727269,0.2348182096070235,0.04816891520621036,0.22982460088272738,1123.5788241415978,1.9944972598435728,-0.4221133253673381,-0.42240894876372276,-0.33523393326901224
0.05,11,3011,324,901,0.09251237748609448,0.04757745231380631,0.030788873137328476,0.03627201758388973,1122.4563452486611,1.8662702225921206,-0.41305125191848274,-0.41308073409566815,-0.333556511344008
0.05,12,3012,324,901,0.0836331113747404,0.10802837651981081,0.08430738501214519,-0.06754550292891401,1122.6468399660082,1.7120428251180193,-0.39897743510160977,-0.3990445677485752,-0.3105801788132541
0.05,13,3013,324,901,0.0898175714934475,0.12885844369817653,-0.007804672490673958,0.12862187061160885,1122.0691010453613,1.8444125239723455,-0.4190157454665971,-0.41889193356412935,-0.3281800412013646
0.05,14,3014,324,901,0.0889927510059425,0.07876329585319375,0.041560820615325955,-0.06690556750703505,1121.5980809545524,1.8105702111547983,-0.3712297906123424,-0.3712366366120561,-0.2942642488144414
0.05,15,3015,324,901,0.09802870258564003,0.16092850620140262,-0.15564630579895677,0.04089268393432388,1122.4296327586346,2.007729941966316,-0.40886619733131,-0.40862568943576877,-0.3323752467651107
0.05,16,3016,324,901,0.08733621096006754,0.05896755477111155,-0.058916910275468304,-0.002443399123446266,1123.6692300057593,1.7835791321358203,-0.3804016351604062,-0.3804230336617712,-0.2985545636567794
0.05,17,3017,324,901,0.0909723404783441,0.08466834022029641,-0.07963608105575037,0.028754520161912295,1122.0771681338454,1.843492705936333,-0.4116963969962326,-0.4117237785518569,-0.333755264951849
0.05,18,3018,324,901,0.09086646676420691,0.1289219175086354,-0.06996675169987654,0.10828441471731386,1122.4861162331736,1.86546694074037,-0.4228667650012548,-0.4227671996008746,-0.33462250614023165
0.05,19,3019,324,901,0.0873469798233663,0.0365027838877155,0.008281695644043907,-0.03555090362863772,1122.7043438573255,1.7964555921036753,-0.38808262107413516,-0.3880825289246934,-0.30824977175612955
0.05,20,3020,324,901,0.09443070173653971,0.23534263267640299,0.2351372943695882,-0.009828914060564777,1122.3669183447505,1.9726159567286485,-0.43276103059204635,-0.43306028057808343,-0.33874659392480794
0.05,21,3021,324,901,0.08443709274257707,0.09089214665426198,-0.03881758868110996,0.0821862344459462,1123.1683933038257,1.7439707119389256,-0.4091758106173848,-0.4091922557390304,-0.32335575842222153
0.05,22,3022,324,901,0.09063962931376658,0.1012122705125432,-0.08698974231063028,0.05173691559258592,1122.668215698263,1.864492771876199,-0.429327871388176,-0.42929450769464766,-0.3349309384199016
0.05,23,3023,324,901,0.09716076405955157,0.10791529435428159,0.07747573057577783,-0.07512138129268339,1121.5768503527593,1.9657850602444393,-0.42873785382734003,-0.4288706468558467,-0.34235331401694685
0.05,24,3024,324,901,0.08817851129938455,0.12760799218646102,0.11759501197351208,-0.04955010422602005,1123.1135483186638,1.8099926314392825,-0.41690654269324684,-0.4167938394004385,-0.33262101738390437
0.05,25,3025,324,901,0.08991010522959168,0.22793857488213906,-0.22736771710521664,0.016121883812467208,1122.7638369667154,1.845043725939116,-0.4038776540623137,-0.40391535047630195,-0.32500174783927016
0.05,26,3026,324,901,0.091452461906413,0.13078126857341,-0.08278780803880537,0.10124188387125316,1122.6174577214015,1.8978331246656022,-0.4133346946655975,-0.4133069570506669,-0.321621648461521
0.05,27,3027,324,901,0.09025897056134462,0.18016735098691447,0.15528024935032558,0.09136913331832988,1122.086108662786,1.8495598439449896,-0.4004889662783641,-0.4002135021355789,-0.3232502518405585
0.05,28,3028,324,901,0.09294038707660252,0.20310534545375808,0.00223135071931857,0.2030930880799684,1121.5361342250926,1.8850438288624618,-0.43140747564473914,-0.43137037096426706,-0.342553460386854
0.05,29,3029,324,901,0.0927336030943926,0.06546998359268244,0.061710475947966525,-0.021866319075270813,1122.9750063042054,1.89028776035327,-0.42064594467569943,-0.4206367256856903,-0.3315896614211047
0.05,30,3030,324,901,0.09350419138457737,0.17196427036172215,-0.09375489091411282,0.14415869973998197,1122.1979918927411,1.9253274368298932,-0.4248314782837968,-0.4248744612191948,-0.3358372819624974
0.05,31,3031,324,901,0.08785984678907806,0.03866572058911902,0.03852319787340974,-0.003316801815294562,1123.049114687723,1.7909843070322693,-0.39936236908555817,-0.399337679103446,-0.3156570290546092
0.05,32,3032,324,901,0.09041083552781833,0.06875212208788263,0.002878984309974797,-0.06869181713224681,1122.3902303857471,1.8555612847314118,-0.41792894626743976,-0.4179215765730568,-0.33005470800464126
0.05,33,3033,324,901,0.08794459677099803,0.07651972851257839,0.07524585938794814,0.013904297774711194,1121.3227582656361,1.8144561301857405,-0.42374781982815996,-0.423718264159357,-0.32935928976396334
0.05,34,3034,324,901,0.08815586455240419,0.12807728233165788,0.09447383281335453,0.08647823519832917,1122.2311986860466,1.791389011526581,-0.40215527276019714,-0.4021820462787921,-0.3285713668918629
0.05,35,3035,324,901,0.08543306716842701,0.024119614885340753,0.02402161161020011,-0.0021720952708963875,1122.4075812509916,1.7467806472304086,-0.4011484704538497,-0.40114180919605147,-0.322582996624922
0.05,36,3036,324,901,0.09475342436242651,0.01654870215419243,0.006163217793310416,-0.015358199419866742,1121.4915015476306,1.9695932876301712,-0.4317627319593047,-0.4317703387172187,-0.343376431518583
0.05,37,3037,324,901,0.09239408622468122,0.12599020749165663,0.014590668939441276,-0.1251424978322325,1121.8123567106297,1.878510029203382,-0.4271036382058229,-0.4270069235727057,-0.3466490320450194
0.05,38,3038,324,901,0.09790617125854507,0.057244302433181495,-0.03849051911227708,-0.04237204384413126,1123.1184815182514,2.0185763382147375,-0.44854407340266467,-0.4485267553553645,-0.3542841433177228
0.05,39,3039,324,901,0.09257083809325894,0.21464359138113911,-0.2099010339228098,-0.044871229971206225,1121.9752692464945,1.912452331351834,-0.44444667793933607,-0.4446466424654273,-0.3455226648717431
0.1,0,3000,324,901,0.10623057582198561,0.08282987744962676,0.07403347544617134,0.03714610493283695,1121.3914055704615,2.250464400240051,-0.4927176022375197,-0.4927592187058803,-0.3742010402437717
0.1,1,3001,324,901,0.0969011002549875,0.05009596537253985,-0.05007842134016505,-0.0013256932841400337,1123.1712860753485,2.0628561584623677,-0.4283541892131321,-0.4283538287400475,-0.32420736358141294
0.1,2,3002,324,901,0.10147080024207797,0.20615365349362236,-0.1982158720537499,-0.05665506962964528,1121.9525786162876,2.101105791302596,-0.42954631246756736,-0.42947977925142394,-0.3345857067512421
0.1,3,3003,324,901,0.09218023489595716,0.07069703177222872,-0.02434764290619773,-0.06637215218987401,1122.792988793216,1.9624015426382722,-0.4597120740865663,-0.4597525826866223,-0.3471557895904834
0.1,4,3004,324,901,0.10704297260819585,0.29475829634310713,0.2868040922363848,0.06801371875992555,1122.6404906728371,2.296419407003144,-0.46920706627107156,-0.46919288930012054,-0.34779916216080536
0.1,5,3005,324,901,0.10365521716078771,0.26800158586039086,-0.24076805069621443,0.11770979478203834,1121.7921124160866,2.1822627849866394,-0.47218912889136216,-0.4722717561987735,-0.36631920290355885
0.1,6,3006,324,901,0.09553299939471274,0.09108204774090421,0.06711598792462592,0.06157421201751445,1122.5235411825208,1.9590146855352841,-0.4191501355851612,-0.41911268335028234,-0.3259101725392332
0.1,7,3007,324,901,0.08835097840688073,0.03691444487565094,0.02392715028118797,-0.028109922089876352,1122.7406359350198,1.8812275339234203,-0.4286465539863837,-0.42865623106496376,-0.321720812412742
0.1,8,3008,324,901,0.08998261738746767,0.03261111667166632,0.01843043525434407,-0.026903605462994445,1122.6867177508072,1.8878028024581568,-0.4253267391997534,-0.42530739992988437,-0.31864797883582674
0.1,9,3009,324,901,0.09264783197120884,0.09924620337955882,0.06876068271762348,-0.07156659414463615,1122.8261242503647,1.9351181235130683,-0.43827531481791654,-0.4381963190744353,-0.3359797657133637
0.1,10,3010,324,901,0.10589398346489078,0.1879017192463317,0.0413444939623786,0.1832967236879102,1123.5746719505696,2.211940049946007,-0.442928602702721,-0.4431645003710297,-0.33909175767276223
0.1,11,3011,324,901,0.09778441211415737,0.04741419257138749,0.03716599911633223,0.029441368291596243,1122.4531930772323,2.015203462360435,-0.4260665987586445,-0.4260929690565009,-0.3319855956595694
0.1,12,3012,324,901,0.08967968932722761,0.10645137298193924,0.09278010854094676,-0.0521895225966868,1122.6386255419486,1.8909810535590943,-0.4276505607683288,-0.4277289853241746,-0.31562524319557833
0.1,13,3013,324,901,0.09648389307037177,0.09720259909519834,-0.012984052278193658,0.09633150916132782,1122.0700653562646,2.0305863495437264,-0.4388027844882775,-0.4386947138383449,-0.3278143016309828
0.1,14,3014,324,901,0.0950837397285728,0.07737825247916658,0.04484276492110517,-0.06305965739646979,1121.594073016569,1.9666491508468409,-0.3754331274474988,-0.3754460427003195,-0.28787491380031216
0.1,15,3015,324,901,0.105125262575526,0.19048362701779675,-0.1888169287873276,0.025143181285914765,1122.4456111150112,2.200665936359282,-0.4227034872301299,-0.4223483155348544,-0.3303582722952058
0.1,16,3016,324,901,0.09185174157277766,0.07467344372968686,-0.07381249218702246,-0.011306599647615462,1123.6753868244887,1.9262172333447922,-0.39376979006355156,-0.39380400546764455,-0.2940594447812006
0.1,17,3017,324,901,0.0962467770816292,0.09557174064829739,-0.09242503477306707,0.02432222353615643,1122.085149403111,1.996773714066982,-0.43080229414606624,-0.43083032122217707,-0.33544047790935594
0.1,18,3018,324,901,0.09732853799896803,0.12562801803433263,-0.0864587101902985,0.09114433798906316,1122.4933722231472,2.0329869168817023,-0.4362774538639335,-0.43619493428312384,-0.3331399081862734
0.1,19,3019,324,901,0.09483247616871315,0.01402940236506277,0.0061311448438643446,-0.012618763553707807,1122.7036752997597,1.99919278045966,-0.4048271819043834,-0.4048234112323302,-0.3072986619433798
0.1,20,3020,324,901,0.10238245624576749,0.2916593318190856,0.2916535301106542,-0.001839622556176257,1122.3424824959159,2.2035003595743867,-0.45681973868771203,-0.4572590071009903,-0.34288843191282864
0.1,21,3021,324,901,0.08969132463624854,0.08404098191280975,-0.05002937149549824,0.06752739169133251,1123.172514580787,1.8919439825514992,-0.4189924729478489,-0.4190452530202965,-0.3182632871688742
0.1,22,3022,324,901,0.09726996936245567,0.11046300603492161,-0.10194374823595842,0.0425387811047126,1122.6769796136548,2.0439270486131518,-0.4490771478037322,-0.44901636892407903,-0.3358967513566217
0.1,23,3023,324,901,0.1044343973904647,0.105325953790647,0.08566231091002408,-0.06128233865857176,1121.5692829914165,2.159068536551381,-0.44734858848487213,-0.4475068904179003,-0.3441610762308105
0.1,24,3024,324,901,0.09198419699070165,0.13762240231171038,0.131149649712194,-0.04170965114233249,1123.1020099875675,1.921341885806144,-0.4200852225512282,-0.41996006037589584,-0.3241606111675418
0.1,25,3025,324,901,0.09604179258405947,0.28118954928561773,-0.2807489551980398,0.015734890614742522,1122.7874065917313,2.0216750240549564,-0.41880711340707333,-0.41887144172493357,-0.3215179800232048
0.1,26,3026,324,901,0.09754496235346846,0.11593335652349336,-0.08973311765799696,0.0734064762141563,1122.6254603195207,2.06346005927231,-0.426343429622218,-0.42631089920813425,-0.3182197811747836
0.1,27,3027,324,901,0.09694073976069417,0.1981196018057728,0.18110229015824775,0.08033266533058524,1122.07050513952,2.041461534573786,-0.4215962005936448,-0.42131181596782935,-0.32421933501468936
0.1,28,3028,324,901,0.09900006396200343,0.16456126777648267,0.009961974589530076,0.16425945913243714,1121.535568622504,2.0588109325800836,-0.4585984269915213,-0.4585539397195889,-0.34727181339842833
0.1,29,3029,324,901,0.09972691172840811,0.07516359729927542,0.07128039864818181,-0.02384682636167599,1122.9688373567656,2.0822787744342897,-0.4396961058194369,-0.4396853364516042,-0.3305601283628104
0.1,30,3030,324,901,0.09914546476828745,0.16093915798376396,-0.10429447937870329,0.12257273001629754,1122.207178659574,2.077418508184164,-0.4458925487266592,-0.44591687353595205,-0.342922300620694
0.1,31,3031,324,901,0.09335116915460533,0.041539973042375326,0.04152851481154629,-0.0009756115561274092,1123.0454013892765,1.933208666998186,-0.4095495401702961,-0.40952563112733686,-0.3135148235865465
0.1,32,3032,324,901,0.09521266052131049,0.05706627950936329,-0.005131158143064418,-0.05683512534649361,1122.3903348556369,2.002320496133164,-0.43025458673373773,-0.43025381696845244,-0.328510429944226
0.1,33,3033,324,901,0.09345966058400206,0.09279376743564446,0.09099214649486864,0.018196498321293428,1121.315047108582,1.9623424437394987,-0.44231957643998643,-0.44232724875163226,-0.3312341618012138
0.1,34,3034,324,901,0.09276795611228517,0.13816151149179753,0.11456798945305025,0.07721903295421326,1122.221502020631,1.9241500746943643,-0.4102301560260785,-0.4102320690616265,-0.32425706099365137
0.1,35,3035,324,901,0.09101349962278539,0.027018745771883144,0.02655038582984437,-0.005008955517076655,1122.405235405872,1.9136163131211574,-0.4253692056304496,-0.42536967603209397,-0.32522075808548867
0.1,36,3036,324,901,0.10244449412084955,0.014626627106656196,0.008419744534235551,-0.011960189066038227,1121.4908250987512,2.1827100350754596,-0.46139829366817825,-0.4614046059279593,-0.3520373490186194
0.1,37,3037,324,901,0.09771063072813775,0.09804099330669923,0.012181994501029081,-0.09728121801530416,1121.8111148272742,2.0332390976866916,-0.4406739099197327,-0.4406128457733462,-0.34596229269290696
0.1,38,3038,324,901,0.10444853084360237,0.06108927186648311,-0.04859346722034097,-0.03702126524962014,1123.1225210174741,2.2154318957271966,-0.46991030482319845,-0.46987937741228236,-0.3585947711008737
0.1,39,3039,324,901,0.0985725514180417,0.25489476014762735,-0.2504660900438682,-0.04730831310513381,1121.9966239492094,2.0884594378333117,-0.4656939581766005,-0.4659534860692851,-0.34701615400122193
0.2,0,3000,324,901,0.13345987126219902,0.12451378873441911,0.1114926217134351,0.05543535774633744,1121.3754236957661,2.979703075565943,-0.5374826615124757,-0.5375712922250532,-0.376412285333914
0.2,1,3001,324,901,0.1208729339142706,0.07105139365186916,-0.07083229785387513,-0.005575492858285368,1123.181701752674,2.7131835860171547,-0.46460741515453546,-0.46458937818284846,-0.3207222531524891
0.2,2,3002,324,901,0.12888502489767512,0.2715420879981395,-0.2670903538862328,-0.04896783041259087,1121.9926617415824,2.78530592160727,-0.4742949968075652,-0.47422442002082377,-0.3375899049357749
0.2,3,3003,324,901,0.11333437226813686,0.0633949209534027,-0.040012804666324175,-0.0491720598045553,1122.7985330299791,2.557092618861864,-0.5084289729523325,-0.508478482878556,-0.3462755181316463
0.2,4,3004,324,901,0.13750263416258598,0.40360146829331806,0.39979950487657945,0.05526754118797168,1122.581344208688,3.0796530026977664,-0.505602944045474,-0.5055385131058241,-0.34894102178579695
0.2,5,3005,324,901,0.13005585982569762,0.34684873083875745,-0.34184916903773876,0.058678681926781,1121.842301125619,2.8781141278097553,-0.5178985764117492,-0.5180481187760052,-0.3693124022032922
0.2,6,3006,324,901,0.11783278882112773,0.12001554224142509,0.10474566864771617,0.058583916556049234,1122.5087364111043,2.5446508888971153,-0.45818405608779,-0.4580270399203224,-0.32355792491471874
0.2,7,3007,324,901,0.11115891324660185,0.04542515443411191,0.020205213744825645,-0.0406840754213344,1122.7368342169723,2.487678280381484,-0.46587962938424066,-0.4658990138028793,-0.3229539649376574
0.2,8,3008,324,901,0.11197292271166394,0.03151492400263442,0.029377327921742857,-0.011408901746890923,1122.6825994208675,2.475201996252525,-0.4682089320472261,-0.4681773668958047,-0.3186388365307054
0.2,9,3009,324,901,0.11586849276162298,0.12828259914777643,0.11484184623116134,-0.0571644609729453,1122.8103080786436,2.5471875284234637,-0.4804038947022073,-0.48024105152109897,-0.33866662071335873
0.2,10,3010,324,901,0.13539433193964454,0.10530164616019516,0.032287250805468126,0.10022958704629957,1123.5683290514494,2.9425807154401777,-0.480737253442674,-0.4808432474531272,-0.34249432656497625
0.2,11,3011,324,901,0.12127401376414271,0.0555298871037242,0.052764458536706194,0.017305498463799543,1122.445446149293,2.6188268622566095,-0.46146331812494906,-0.46148306946833484,-0.33073741607230944
0.2,12,3012,324,901,0.11273905737971758,0.12013124363360661,0.11758958574116463,-0.024580582218048472,1122.6205035518612,2.509083548228783,-0.47935560973620683,-0.4794708784426379,-0.3201990275264566
0.2,13,3013,324,901,0.1218627351343275,0.04493126598760605,-0.024033707264885074,0.03796313446430385,1122.0732541970995,2.6865438305501734,-0.47875519143208745,-0.47872323776689735,-0.3277719471781784
0.2,14,3014,324,901,0.11927559876378335,0.07963386809585223,0.05529092219256837,-0.05731026846039845,1121.5854471463288,2.5724920762974883,-0.39894822560107235,-0.3989469222677035,-0.2823812743508019
0.2,15,3015,324,901,0.13249651448780098,0.2695558410228138,-0.26952856012021,-0.003834932729896181,1122.4850946177799,2.9003048932022795,-0.455673635380963,-0.4550846496469303,-0.3288761622242805
0.2,16,3016,324,901,0.11321108090272927,0.11261353465032561,-0.10902353511830576,-0.02820774675062932,1123.6911369670447,2.507184664904289,-0.43088702545720026,-0.4309245254436357,-0.2903031251022555
0.2,17,3017,324,901,0.11923615413636765,0.12648081382643378,-0.12539083421638253,0.01656909655704472,1122.103912833044,2.605865907305866,-0.47284809810811357,-0.47285810323857613,-0.3373337437729589
0.2,18,3018,324,901,0.12240506357381369,0.13993069555401996,-0.12588911155301696,0.0610944445152247,1122.511664616136,2.6623395557518945,-0.47061555314265013,-0.4705680717791965,-0.3318856530472978
0.2,19,3019,324,901,0.12138172302705628,0.030248565449124996,0.0026277294583527677,0.030134212278135022,1122.7029207793244,2.6688857610768326,-0.43591459378555353,-0.43592064268674807,-0.30649316985662367
0.2,20,3020,324,901,0.1304410195328675,0.4265431472809995,0.42634148680672856,0.013114614741139521,1122.2806318637522,2.9536257340897754,-0.4956636057753862,-0.49634919938690264,-0.3462185618587642
0.2,21,3021,324,901,0.1116663129566261,0.08664358586031841,-0.07601203908056808,0.04158462318632404,1123.1833722340286,2.4694064084961727,-0.45062652423972543,-0.45073302263394777,-0.3136383964249343
0.2,22,3022,324,901,0.12250283199427466,0.14235730774559494,-0.1399135467987409,0.026264091280121707,1122.697814057124,2.694495892832876,-0.4907964011945566,-0.490666088356139,-0.3365173339388888
0.2,23,3023,324,901,0.13188313019875983,0.1152684125706013,0.10925887720111183,-0.03673288294292627,1121.552491790332,2.853711746286721,-0.48662836246200764,-0.4868119624242746,-0.34585973960308164
0.2,24,3024,324,901,0.11182185434111694,0.17150841746575982,0.16921329816951225,-0.027964208985864242,1123.0761356600758,2.4572898498392517,-0.44878534771741063,-0.44863641795630804,-0.31554871081395314
0.2,25,3025,324,901,0.12019871385440173,0.40875133607576686,-0.40846206285272846,0.01537523833370491,1122.8467776683492,2.663956071704707,-0.45751145395921994,-0.457613302794608,-0.31835994639714277
0.2,26,3026,324,901,0.12146544317657282,0.11368109346184481,-0.11135763109895969,0.02286632910435564,1122.642782988397,2.6947485646675027,-0.46363461771480047,-0.46358514363462827,-0.3154091288680542
0.2,27,3027,324,901,0.12206981593203246,0.25467846744327854,0.2471443491811809,0.06148814883428848,1122.0336144581906,2.7064194959256045,-0.4643313144909216,-0.4639776251763083,-0.32531678833087085
0.2,28,3028,324,901,0.1232650355094033,0.09856574227842962,0.0255679783658036,0.09519182755459424,1121.532507946595,2.7019899184658533,-0.5107281437559907,-0.5107269852490872,-0.35164824659898175
0.2,29,3029,324,901,0.12628009863441855,0.10017586548367757,0.09614803923326276,-0.02812042988652251,1122.9544144784988,2.7587609072526154,-0.4781675831561289,-0.4781420350837822,-0.32987571167933405
0.2,30,3030,324,901,0.12338662413243363,0.15872944793447682,-0.13410949672488748,0.08490983765018742,1122.2277156219275,2.6962837162364806,-0.4865470764586943,-0.48653997093929846,-0.3501648256489975
0.2,31,3031,324,901,0.11595969629310211,0.05125249319227007,0.051139831875521846,0.0033964178434123735,1123.0374186098852,2.511797372633841,-0.4400789147385735,-0.44005037030565913,-0.3117113186609168
0.2,32,3032,324,901,0.11746573505299157,0.04149953730506612,-0.020812820386344022,-0.03590317679677325,1122.3925697617785,2.603473928745558,-0.46149429715492135,-0.4615144974075947,-0.32693767142877245
0.2,33,3033,324,901,0.1165248233657065,0.1321550976710377,0.12943440574647802,0.026677789441736204,1121.2960587851526,2.5533854173662527,-0.48170360522782213,-0.48177401563573957,-0.3330854450062629
0.2,34,3034,324,901,0.11404884538125662,0.1747131623154397,0.16347914078622683,0.06163813441416122,1122.19755005666,2.489616871024955,-0.4421242634555604,-0.4421047668401842,-0.32040738440920885
0.2,35,3035,324,901,0.11340378483263198,0.03542436892070728,0.0338476557842351,-0.010450938299612522,1122.4000325047832,2.519496824492362,-0.4729715369519128,-0.47298882289603345,-0.3275646518011381
0.2,36,3036,324,901,0.13055010821551385,0.01471152046065228,0.013493867931081205,-0.005860406344506235,1121.4889373826081,2.9042087434478394,-0.5052306172702965,-0.5052315193136048,-0.35960506811214854
0.2,37,3037,324,901,0.1208424259971254,0.04805393807956595,0.008758353661942664,-0.04724904449919695,1121.8093109515632,2.6488498479831724,-0.4738005336963048,-0.47379238231232274,-0.34522395005295375
0.2,38,3038,324,901,0.13063862607914692,0.07750945120169463,-0.07233704187734391,-0.027840032292065935,1123.132938399572,2.9226598962896144,-0.5109540921104397,-0.5109111460211794,-0.3627103826795032
0.2,39,3039,324,901,0.12298175207164712,0.35498760985301114,-0.3510109671874533,-0.05298588551003228,1122.0484373119002,2.744950732714198,-0.5084972383142151,-0.5088158850573891,-0.3483409379607755
