eps,parameter,realization,seed,N,pairs,local,regional,sum_W_real,sum_W_imag,area,null,corr,corr_centered,corr_centered_rms
0.0,4,0,4000,64,161,0.09237021121872446,0.10851655805216734,-0.10594151871638946,-0.02349974432955191,221.52114254142376,0.8276090579580033,-0.43671970529641024,-0.436378368292882,-0.3414415082587341
0.0,6,0,4000,144,385,0.08856467618004962,0.05062018298250993,-0.049720434795673896,0.009501646642131462,498.7559751549575,1.1877248560864038,-0.4335249379254291,-0.43335632025314563,-0.34641426293421423
0.0,8,0,4000,256,705,0.0843338806994036,0.1753950117208993,-0.00026462157732254354,-0.17539481210114288,886.6354560293894,1.5327353642553794,-0.42730582208438694,-0.42699552906006405,-0.3329816697400703
0.0,10,0,4000,400,1121,0.08469846208527894,0.020349495433993448,0.004795346054731642,0.019776415768118595,1385.7446534987723,1.930926624360996,-0.4325274423032692,-0.43254947202082183,-0.33914145978110494
0.0,12,0,4000,576,1633,0.08635982418073465,0.14944899177127927,0.029169223614498918,-0.14657475067411596,1995.1523897760158,2.3566446787419357,-0.418736739690228,-0.4186749745898797,-0.3331620026682426
0.0,4,1,4001,64,161,0.09039609422495953,0.10817446040604944,-0.07172953306997387,-0.0809727606649513,221.31313297097455,0.8040456542953247,-0.39069011509875523,-0.3906338068773945,-0.31735860389211995
0.0,6,1,4001,144,385,0.09370642242005178,0.04432392700822748,0.01802463832957324,-0.04049349229837748,499.21711738292464,1.2535410335847315,-0.41219103741145763,-0.4121100244215206,-0.3404590376098648
0.0,8,1,4001,256,705,0.09292630152811582,0.08061118215331196,-0.004286300449778846,-0.08049714477302078,887.3440954436071,1.657590541190879,-0.4207933193991718,-0.42076253205185404,-0.34289889933351314
0.0,10,1,4001,400,1121,0.09189301827004787,0.044902216517472525,0.01866649704326573,-0.04083835129281953,1385.7547097716913,2.051138354786123,-0.41502357419130886,-0.41499989978405066,-0.3369979674200217
0.0,12,1,4001,576,1633,0.09074915043946036,0.1656993981602965,0.10799747288859995,0.12566955239977817,1995.094071576271,2.4416290207080027,-0.41757680688461857,-0.4175579989620704,-0.3394940530611237
0.0,4,2,4002,64,161,0.08519042298660863,0.04472301061006204,0.04414287478388479,-0.007180131185569719,221.60073106431045,0.7769518037518167,-0.4057145080896067,-0.405307101447151,-0.3135907985797495
0.0,6,2,4002,144,385,0.08731102213580333,0.2580128918085977,-0.24290909598641397,0.08698174191460109,498.37300241578527,1.1860009424121714,-0.38222151858577563,-0.3816342905149902,-0.3060672732910767
0.0,8,2,4002,256,705,0.09535783325849387,0.18148306442876025,-0.1133465225334529,0.14173450004860144,887.5554120032594,1.736222714957932,-0.42640041232017833,-0.4262510740481833,-0.3389931858983315
0.0,10,2,4002,400,1121,0.09155112743734026,0.04705480747439406,0.04421867793015899,0.01608923331178841,1385.8894095337278,2.088337333742855,-0.43650449855007917,-0.4365360086848274,-0.3457915404319929
0.0,12,2,4002,576,1633,0.08911668575307832,0.27779504889244616,-0.27162666021763204,-0.05821551896334545,1995.6940566443784,2.43726316310888,-0.4279711173900081,-0.42779090405837905,-0.3408746601911467
0.0,4,3,4003,64,161,0.0861357257247388,0.1472432219848975,-0.13552809063898552,-0.05755608628324835,221.56973341606152,0.7889891312247803,-0.43818414356599,-0.43826863686397705,-0.32791833579371427
0.0,6,3,4003,144,385,0.08906724788972056,0.10094595615362226,-0.09912895160225643,0.019066646742585083,499.1920983288587,1.2227916382162083,-0.42505279331112406,-0.42549794488959336,-0.3274107436315541
0.0,8,3,4003,256,705,0.09139059509809813,0.10120528746930399,0.0888025160006447,-0.04854506528680026,886.1261782591182,1.6343087837262253,-0.4256458114125645,-0.4254263630895855,-0.34018914149142215
0.0,10,3,4003,400,1121,0.09152489125380749,0.0520589579760908,-0.04860083250045344,0.018657282380326906,1386.398430001222,2.0444424599694075,-0.4154503126101574,-0.41549099296121894,-0.3370582960100569
0.0,12,3,4003,576,1633,0.08860663917957035,0.1257547771582471,0.12569577407037924,0.003851799445527271,1996.0558832053716,2.3911400020418636,-0.41591239317694223,-0.41586246046107755,-0.3360180238198227
0.0,4,4,4004,64,161,0.08119650864708897,0.018364991787167304,0.013463181045654249,-0.012490623662358043,221.97039240204546,0.7288167130410325,-0.4007021661603997,-0.40085869559489035,-0.3198835295373266
0.0,6,4,4004,144,385,0.08400983811815507,0.18327025309260578,-0.17307901328759678,-0.06026309673440017,499.2421147872232,1.1326613637157976,-0.4085631353843869,-0.40867667970729443,-0.33123298314072813
0.0,8,4,4004,256,705,0.08457741989130423,0.04439015691548551,0.014633043894998199,-0.04190894960922406,887.3857704263006,1.517876085628375,-0.40911026033918046,-0.40915769355292364,-0.33160990236417726
0.0,10,4,4004,400,1121,0.08297807592622916,0.12308509446453988,-0.09959350091142927,0.07232617130437533,1384.7881440784972,1.864825224440389,-0.4029017405834694,-0.40285696424143086,-0.3272981138479318
0.0,12,4,4004,576,1633,0.08261018050699158,0.06292574575094605,-0.03461331916598542,-0.052550619545599364,1995.70459984924,2.2340998507283847,-0.3993207737370056,-0.39937188581233507,-0.3240499333143947
0.0,4,5,4005,64,161,0.09526639345453039,0.07974759484909401,0.0693332011173573,-0.0394028692741446,221.46777800707713,0.8358438316069627,-0.396098134507412,-0.39705951650304994,-0.3227150165441927
0.0,6,5,4005,144,385,0.08981693644101868,0.2641237553112533,-0.09667455515810719,-0.2457954200238501,498.99675936865754,1.1880805961436711,-0.3826295299460726,-0.38275194948781555,-0.3175714780588251
0.0,8,5,4005,256,705,0.08906744469413078,0.15139863550840152,-0.14509734686059916,-0.04322391430470854,886.8351146057622,1.5955610216238791,-0.40981660676729453,-0.4098469521172969,-0.32773849869329347
0.0,10,5,4005,400,1121,0.08860566384664356,0.1568576423864834,0.12730808538094118,-0.0916349898875146,1386.0911637715506,2.0025281454139745,-0.40982716838483374,-0.40984182008076714,-0.3267569073771349
0.0,12,5,4005,576,1633,0.08893222806748045,0.1505564558883582,0.012259353337480405,-0.15005650490868416,1994.81569930551,2.4131773146142375,-0.40976217896023664,-0.4097626852372812,-0.3270102502220821
0.0,4,6,4006,64,161,0.08469517323803788,0.12592730868231086,-0.02284547137585502,0.12383768210680056,221.67011407666797,0.7735783604022809,-0.4039169502737681,-0.4041869716819264,-0.32280492051257953
0.0,6,6,4006,144,385,0.0890425426251491,0.11860734364994445,-0.01882795496221501,0.11710341617406736,498.47240322808534,1.2000277476907424,-0.4162035079784546,-0.4163632631690266,-0.34155172575754766
0.0,8,6,4006,256,705,0.08696301296139512,0.04704235551158758,0.040611660774758196,0.02374186642188353,887.2099607697261,1.5631005725221594,-0.3968172016622658,-0.39677434574504933,-0.3222795910955139
0.0,10,6,4006,400,1121,0.09188543014183413,0.14013894491266188,-0.13319631851453417,-0.043562192500020525,1385.7186536483243,2.064151966621183,-0.40461541610841956,-0.40461655205782604,-0.33109479850857987
0.0,12,6,4006,576,1633,0.09167408776432222,0.0685890445068995,-0.06549614822278338,0.02036446891889472,1994.8971288084106,2.4714831874315424,-0.4088992615546464,-0.40886721736245546,-0.3310816236346695
0.0,4,7,4007,64,161,0.09633935940763316,0.1446557067178077,0.054686078102376356,0.133920522504242,220.54043499278782,0.853688401743887,-0.3812689072033037,-0.3822731873117777,-0.32398859883637854
0.0,6,7,4007,144,385,0.0924994439437262,0.0881858434625515,-0.017602398759569482,0.08641121770413111,498.52176215893894,1.2334446586483292,-0.412002652174318,-0.4124692970774434,-0.3411740835789924
0.0,8,7,4007,256,705,0.09280548811283647,0.21656429963815643,-0.1822071241577703,-0.11704981753048604,886.9073722967473,1.6679398485176822,-0.4176266186095826,-0.4170680187719483,-0.33648314118416583
0.0,10,7,4007,400,1121,0.09347988433145744,0.13703768754174853,0.08972828831557855,0.10357684144028678,1386.400727141635,2.089466994681681,-0.4202436574333001,-0.42045021440773667,-0.34328878736634344
0.0,12,7,4007,576,1633,0.09358138837475077,0.06449300168549114,0.002235005902223808,0.06445426297012315,1995.1795350896905,2.526875740488988,-0.41651099364737965,-0.4165682158005514,-0.338322988504723
0.0,4,8,4008,64,161,0.09998647569303763,0.2427090461543139,0.04720350745566204,-0.23807458908716012,221.38179744806314,0.8592010542867986,-0.3821336124204568,-0.3831879368755253,-0.33331033871390897
0.0,6,8,4008,144,385,0.08974385178033499,0.029715989267086806,-0.029702735943006875,0.0008874095005271185,499.09580882566684,1.1856812090652937,-0.37013399832276644,-0.37009536493958695,-0.31560177561836583
0.0,8,8,4008,256,705,0.09211749195037743,0.05290658344564676,0.04849901718987937,0.021141237038238073,886.535630069461,1.6410139934153147,-0.37125709454596345,-0.3712437385393977,-0.31054487944353104
0.0,10,8,4008,400,1121,0.0916189092494396,0.03745389681762598,-0.014643308490169815,0.034472712444585704,1387.0596476050098,2.059936803164971,-0.3905039800136336,-0.3904856778608421,-0.3199308624773127
0.0,12,8,4008,576,1633,0.09330046100412732,0.15390024905405691,-0.08063194961257558,-0.131086900034198,1995.6182789242812,2.5195831151352595,-0.4071568609499679,-0.4071802659758634,-0.33065226807098336
0.0,4,9,4009,64,161,0.0861577830267424,0.10476257938254023,-0.10363707156006585,0.015315202817358764,221.78589613591646,0.7642402422835074,-0.40342454290699614,-0.4034345930876517,-0.3312343227120553
0.0,6,9,4009,144,385,0.08643369184280686,0.021552996303739684,0.013703494827885354,-0.016635680904944522,498.6601294022566,1.1556701987726143,-0.4182159893118837,-0.4182552473094356,-0.3359987675144036
0.0,8,9,4009,256,705,0.08660067979837416,0.07544401609873858,0.05563181334026712,-0.05095979699312392,886.9545088860901,1.5596037930468314,-0.4142265437324637,-0.4143138836144707,-0.3290249138339771
0.0,10,9,4009,400,1121,0.08759779934156034,0.17733422213193142,-0.12844686949975914,0.12226540007233871,1386.2150739934216,1.9685698219968557,-0.40086121641266037,-0.4008737170516775,-0.32454865358214796
0.0,12,9,4009,576,1633,0.08856842234803547,0.15809038216479104,-0.013197297098391125,0.1575385676026873,1995.1776736778531,2.375451374481758,-0.3905777580182403,-0.39058616678450614,-0.31985861408795685
0.0,4,10,4010,64,161,0.0842564408689293,0.1736805605521218,-0.017626918339510134,-0.1727837633099577,221.49297967503014,0.7542934890458723,-0.393889968735993,-0.3922364982180003,-0.32019684731972176
0.0,6,10,4010,144,385,0.08761427391006509,0.23195919954316005,0.02518076620364651,-0.23058837625973438,498.40610991624084,1.1782611861941743,-0.38835972396464247,-0.38791088259629264,-0.3170355382498245
0.0,8,10,4010,256,705,0.0890663322220289,0.16518507222803705,-0.15227660531627318,-0.06401518226431745,886.3931223953762,1.6085488584694327,-0.40248826439505275,-0.4024262589251333,-0.3244769899492181
0.0,10,10,4010,400,1121,0.08978221476854234,0.19758497325626972,-0.14994303783647522,-0.12867364555747296,1385.0786947052416,2.0177272807136215,-0.39565997158374433,-0.39568719294691984,-0.3205575320674014
0.0,12,10,4010,576,1633,0.08892777353328446,0.046540660311911924,0.043783757354481256,0.015780229852339997,1994.854902276131,2.3986114975392367,-0.3979364021848532,-0.39793732664420284,-0.3219522910815178
0.0,4,11,4011,64,161,0.07432952338792162,0.011458479700433403,-0.0011092477396670297,-0.011404662489407039,222.29732762462197,0.691519409514905,-0.3750566438407308,-0.37512344814209597,-0.29790545637223015
0.0,6,11,4011,144,385,0.08833149061124011,0.11132251587160241,-0.10232854940545266,0.0438357219235523,497.7347613199637,1.209183566038387,-0.3781620807719524,-0.37818208854786767,-0.30312805282963445
0.0,8,11,4011,256,705,0.09385552390403798,0.12434852917244256,0.025554309689132637,-0.12169442864676139,886.8567716561355,1.7059032014641444,-0.40898814484509416,-0.40906786195091016,-0.32972935699754846
0.0,10,11,4011,400,1121,0.09198454859328717,0.16709790120712986,-0.16248218800267766,0.03900316871345515,1385.5494760374977,2.0928159064428162,-0.4171271707816781,-0.4170693051085038,-0.33477063745330876
0.0,12,11,4011,576,1633,0.0897556265048447,0.030867197561833464,-0.030111812825111883,-0.006786944357123112,1994.9010177916207,2.4439111478273747,-0.40542295993177513,-0.4054196891489226,-0.32763565673282513
0.0,4,12,4012,64,161,0.08257495108358551,0.1545427441623215,0.12712224593084676,-0.08788284453019297,221.72728489220503,0.7695238493073242,-0.48103340454121757,-0.4818792198335646,-0.3775673836197859
0.0,6,12,4012,144,385,0.08004479873273057,0.04583041751417172,0.01821620198581364,-0.04205469242231284,498.8423198571269,1.1023560990800745,-0.41660338518615103,-0.4166978441387948,-0.32615630441660115
0.0,8,12,4012,256,705,0.08291453824459716,0.20235719055144966,0.14893190794529243,-0.13699532606498166,886.3064602949531,1.5064199180214008,-0.4123499676378974,-0.41249229397805687,-0.3304725153906624
0.0,10,12,4012,400,1121,0.08515732516770204,0.12249906649547194,-0.12190871980319518,-0.012011882791973336,1385.6248646524923,1.9335559243406895,-0.4156047207712277,-0.4156899574401606,-0.33064293597737
0.0,12,12,4012,576,1633,0.0874691834079885,0.06251812699476215,-0.01613400971084733,-0.06040041335606481,1994.1102669082102,2.375870143770892,-0.41100694222629514,-0.41104273812293485,-0.3305976956010779
0.0,4,13,4013,64,161,0.10250515815803998,0.14817249937816485,0.14073605220483287,-0.04635140970640288,221.29356247169127,0.9383445932774566,-0.3995781324526728,-0.3992837881136308,-0.31485668978492537
0.0,6,13,4013,144,385,0.09570170709780884,0.12433834696575173,-0.017537444556185555,-0.12309533932937665,498.2645029669569,1.3008755444110636,-0.4050739197400885,-0.404773547684725,-0.32490860301964797
0.0,8,13,4013,256,705,0.09398064014356738,0.04655780950835305,-0.04194859890628866,-0.020197640357611277,886.9588173583098,1.7082161180704916,-0.3984575119720128,-0.39846164196159023,-0.32005523331449715
0.0,10,13,4013,400,1121,0.09174660941578215,0.12348773880524751,0.1079495048179191,0.059967708350403826,1385.460858107391,2.0741092458614996,-0.3893183134740793,-0.38930960306830736,-0.3127500853967846
0.0,12,13,4013,576,1633,0.09057228471055123,0.015117475501615633,0.006591591484430115,-0.013604741351614782,1994.394704750551,2.4525053109270107,-0.396584891400048,-0.3965811348418548,-0.3168596689407998
0.0,4,14,4014,64,161,0.09082623280950838,0.04838094348928563,0.0026508383465801977,0.04830826791527253,222.2182440138157,0.8057499422367379,-0.41552689469499315,-0.41542252983946865,-0.33949216882345234
0.0,6,14,4014,144,385,0.09109193023823928,0.09667013960236853,-0.03130972833226675,0.09145937241475624,498.9623837181143,1.210165989002612,-0.38382816385411206,-0.38369291595434185,-0.3137453961978558
0.0,8,14,4014,256,705,0.09021989671136216,0.1511249781255138,0.06927364016540949,0.1343127759808068,886.1171596537267,1.6002513756426262,-0.3907165634638475,-0.3907484249748324,-0.3224391872813511
0.0,10,14,4014,400,1121,0.09275888607865078,0.15419962558389838,0.15362554752362367,0.013293444936557708,1384.9661161666236,2.0629376436368787,-0.40148081212779213,-0.40150517305132544,-0.3305327203638429
0.0,12,14,4014,576,1633,0.0908994540770996,0.04936388458023111,-0.04525526834788263,-0.01971684020352936,1995.4737665682756,2.426051161373678,-0.3963174753775032,-0.39630932796814144,-0.32687176475239443
0.0,4,15,4015,64,161,0.08187861186319614,0.003311092082309329,0.003041667396285419,-0.0013082775806019936,222.0221610193933,0.7643322112255413,-0.4618271180774332,-0.4618515744597336,-0.341071996291146
0.0,6,15,4015,144,385,0.0821431492191581,0.04365780574888988,0.041487981675215835,0.013592327958254893,498.90168676475423,1.1131632337082935,-0.4206899851233601,-0.42049457674907575,-0.3316495658482427
0.0,8,15,4015,256,705,0.08153508053778416,0.05823255974155106,0.014188055624595464,0.05647769552351351,887.2027020496464,1.4638252792765938,-0.3980413743741682,-0.39799238850049823,-0.3258905781016205
0.0,10,15,4015,400,1121,0.08345599973648675,0.13354489308775136,0.048461397173305,0.12444167892563217,1385.5452935609494,1.8872471858778261,-0.4043853074052019,-0.40428914809521427,-0.3328650104325874
0.0,12,15,4015,576,1633,0.08365038297132665,0.19375165693616409,-0.17496423786767945,0.08322992270146058,1994.604033007092,2.28248957506271,-0.40665000963237846,-0.40663939888056216,-0.3326293035821775
0.0,4,16,4016,64,161,0.08664108020177491,0.10511042247616306,-0.047946988776327526,0.09353762441071618,222.20347237930875,0.7912246787696514,-0.3985555241967119,-0.3982855655721836,-0.32826365824402065
0.0,6,16,4016,144,385,0.08730885679908354,0.1127299867821166,0.11086164323529646,0.020438835071158748,499.28407460365236,1.1960754092684243,-0.40251346017092515,-0.4024658760485001,-0.3245203743486808
0.0,8,16,4016,256,705,0.0913001621686879,0.1366220412590609,0.039193047313696106,-0.1308796668702168,886.3377722305116,1.6439077486170295,-0.42131604333269307,-0.42121867448409656,-0.3412443294601423
0.0,10,16,4016,400,1121,0.09147042198129889,0.2246843265682014,-0.12017979205974916,0.1898416818980532,1385.2791758603253,2.051179728276869,-0.4139547820845759,-0.4139725634455648,-0.3385350998394634
0.0,12,16,4016,576,1633,0.09087936073651326,0.11152116410262751,-0.0668074685580815,-0.08929575682901246,1995.036787309916,2.4546559527903895,-0.4149269140660575,-0.41489948766734136,-0.33795162397048567
0.0,4,17,4017,64,161,0.09224924903256215,0.05300344966461205,-0.03873860822480557,0.036175764112926334,221.90215327754407,0.8041346084441029,-0.3567554062448103,-0.35697799891877663,-0.30184229029763726
0.0,6,17,4017,144,385,0.09509554280766291,0.2787711336328954,-0.202876714070364,0.19119200776962772,498.4717972236925,1.239924705679028,-0.36834205592587754,-0.36855410556877627,-0.30605855883023236
0.0,8,17,4017,256,705,0.09422946482504194,0.1614900102478146,0.07869846426034144,0.14101622294226654,887.0329625898311,1.6709335652667314,-0.373363297237105,-0.37301656293058366,-0.30234750269410354
0.0,10,17,4017,400,1121,0.09136684432141162,0.07590017249941303,-0.023782871862486843,0.07207781344778146,1386.3677830280633,2.0339418347750446,-0.3857369270486906,-0.3856687462399009,-0.31548905777312103
0.0,12,17,4017,576,1633,0.09192200956289594,0.16104300260759957,0.14994972910193916,-0.058736082871829146,1994.6716871162982,2.4589332833460475,-0.3881049923867504,-0.388095639994111,-0.3149300650920068
0.0,4,18,4018,64,161,0.09700732891805405,0.06929531612441006,-0.057592991666088,0.03853424642745519,221.47328165271526,0.8806975823703413,-0.469967510618713,-0.4704825633241816,-0.3620364278209264
0.0,6,18,4018,144,385,0.09590030564828503,0.13487263734883784,-0.1266702670129094,-0.04631707849497167,498.73984638510257,1.2956075093964339,-0.4724921688469777,-0.4723057592302599,-0.3712412142451919
0.0,8,18,4018,256,705,0.09151547309524896,0.1671163256917977,0.029022817889088337,-0.16457685850235393,886.1482448519276,1.6579338631928262,-0.44929078848727366,-0.4492012891602715,-0.35393127979552835
0.0,10,18,4018,400,1121,0.08917127520051153,0.029567376131386297,0.024697559809245373,-0.016256084115297255,1385.969759368687,2.0174628097993574,-0.429677093336527,-0.4296602642727682,-0.34430319296610873
0.0,12,18,4018,576,1633,0.08637259911689273,0.1913000877385011,-0.12884915913496897,-0.1413987898073023,1996.6726931254002,2.346812873183919,-0.4256575126608887,-0.42568549431975045,-0.3406730412510792
0.0,4,19,4019,64,161,0.0813711645871133,0.1094015003359551,-0.06823812376631677,0.0855116760484252,221.73876517812053,0.7247594453098886,-0.3592849270789534,-0.3588318982380373,-0.28549474898539445
0.0,6,19,4019,144,385,0.08376693196421013,0.11813799258736034,0.06317523507944323,-0.0998272255711251,498.93632673515174,1.1581051055171718,-0.3925625213347413,-0.3924078161948819,-0.30553057157510505
0.0,8,19,4019,256,705,0.08861018720775835,0.11104309466280037,-0.09631774240802704,0.05525813396878865,886.6823888200206,1.6185835988275918,-0.41526641322851354,-0.4152409923941393,-0.32707336968957407
0.0,10,19,4019,400,1121,0.08746713742226365,0.10125976534079123,-0.08414043193848553,0.056337623219986734,1386.168256426872,2.004090838617866,-0.4150966862285668,-0.4150620301522852,-0.3263175558681773
0.0,12,19,4019,576,1633,0.0883358930623278,0.13267525586061452,0.023676536909416956,0.1305455672079927,1996.232957107856,2.4109500854064163,-0.41547374724275127,-0.41543458199025596,-0.33300331263444055
0.0,4,20,4020,64,161,0.08232784570717361,0.08757028625044325,-0.02140286334906749,-0.08491450096682965,221.6278547885272,0.7344821225941028,-0.3825683498940107,-0.38246664602067726,-0.30938062496755925
0.0,6,20,4020,144,385,0.08172483824685763,0.0654412742892099,0.05044035989525186,0.04169329051817658,498.52595498592376,1.1038652366069006,-0.40231555608011993,-0.4021452710739444,-0.3218536885558703
0.0,8,20,4020,256,705,0.0851764940385868,0.06577641170377033,0.049184496897860974,-0.04367403807215675,887.048476748592,1.5361444664422923,-0.4227934337251925,-0.42275944467257504,-0.3349369600490636
0.0,10,20,4020,400,1121,0.08405089809090857,0.13326021513219868,-0.04211713172088727,-0.12642955411091708,1385.7478666956802,1.9110698923067546,-0.42845333415503917,-0.4284460036136285,-0.3400265564950498
0.0,12,20,4020,576,1633,0.08464470930978142,0.047382219052522316,-0.01647886473849436,-0.044424336790453225,1996.2358515593385,2.3044658449072197,-0.4149731952226724,-0.4149742133353736,-0.3297595956747353
0.0,4,21,4021,64,161,0.09381887949454973,0.17423795819384894,-0.007133550844093062,-0.17409186806946553,220.98347075300458,0.8536077221304627,-0.4465494090704209,-0.44759573195001595,-0.3623561043119005
0.0,6,21,4021,144,385,0.09304240846250067,0.09023913311487658,0.07080449270974176,-0.05594483852367921,498.92237521804736,1.2650084953451535,-0.4248726155460367,-0.42476198073661187,-0.3475534306231106
0.0,8,21,4021,256,705,0.09368096655911295,0.1832957989171591,-0.04511404133081376,0.1776571787896038,887.4048330445034,1.684751282687093,-0.41612962320309066,-0.41615553128203003,-0.3410812874893174
0.0,10,21,4021,400,1121,0.09101724597566563,0.11206793257597356,0.060936121923358844,-0.09405323256961719,1384.8038275564202,2.040326428347741,-0.41679889023330785,-0.4168177092096153,-0.3429688701965601
0.0,12,21,4021,576,1633,0.09063449259449904,0.12624670145232125,0.06679852388121921,-0.1071269659557374,1996.8074801325947,2.437741482787523,-0.4136962848975019,-0.41371457217766233,-0.34037059107769263
0.0,4,22,4022,64,161,0.08023405565089578,0.018355474611547573,0.0130832594270478,0.012874461968553574,221.89704455246152,0.6959279699063592,-0.3774808772529579,-0.37739120139908156,-0.326768822969526
0.0,6,22,4022,144,385,0.08489172033207398,0.13180023888795203,-0.12306010194865236,-0.04719654944281959,499.18711167696324,1.110640712378515,-0.37167343537799574,-0.3717893894523525,-0.31923560782339416
0.0,8,22,4022,256,705,0.08581284076904216,0.05985880756190773,0.02706060929752674,-0.05339288592294025,887.2531789823818,1.5235813790123784,-0.39118079054585286,-0.39121828238677575,-0.3228375605846468
0.0,10,22,4022,400,1121,0.08662800692131842,0.23207838445095133,0.22662941167195516,0.04999486268195001,1385.273003171978,1.937355863426353,-0.4013319652220396,-0.4012942349608941,-0.3269802705652122
0.0,12,22,4022,576,1633,0.08644468869137246,0.18641109518723142,-0.05297626815381484,0.1787249602640833,1996.2324827940984,2.3318119389375496,-0.4054579679384739,-0.40536252032603787,-0.329323509869894
0.0,4,23,4023,64,161,0.0841411590726132,0.09551095659064994,0.05289029503208775,-0.07952961410870626,221.57437303851228,0.7532979495774446,-0.40040217984899873,-0.4007582642618859,-0.329409091175253
0.0,6,23,4023,144,385,0.08296737389938542,0.08641701863538394,0.08634167398313064,0.003607830874511178,499.27630648750613,1.1136852340794643,-0.40153420276348384,-0.40156260400144833,-0.3265785052708341
0.0,8,23,4023,256,705,0.08231565059930801,0.12142136489705144,-0.11947321557266743,-0.021663301091704654,886.5910731097481,1.4761062834149514,-0.3998647533676069,-0.3997827002603326,-0.3245830965768221
0.0,10,23,4023,400,1121,0.08097636267569955,0.04816124408407807,-0.04815026237625286,-0.001028428327183209,1384.1708933334535,1.8212055778026088,-0.41102174483765275,-0.4110129045204778,-0.32983990982532246
0.0,12,23,4023,576,1633,0.08126205551039284,0.17232451452354725,-0.019338454794258553,-0.17123598474604182,1995.9693478831357,2.1907112778248026,-0.39473853959155497,-0.3946732673632958,-0.3155294575386874
0.0,4,24,4024,64,161,0.09906476418291824,0.14491472816216744,-0.0971246729207631,-0.10755034332046398,221.68588392004233,0.8646558733891014,-0.43268419494464183,-0.4318480324207993,-0.37879648060016363
0.0,6,24,4024,144,385,0.09642860577887902,0.15674601439930994,-0.07088882596280754,0.13980016946943755,498.9182318974727,1.2961512685101986,-0.4290935663690075,-0.42881744559519197,-0.3596408292415373
0.0,8,24,4024,256,705,0.09504592635158363,0.06761710662914666,0.0656771699353329,-0.01608049931385197,886.3915405913174,1.7147463409209727,-0.42549068125446243,-0.4254510360651509,-0.347479917045564
0.0,10,24,4024,400,1121,0.09096413200336492,0.2616103894463672,-0.19833337120607109,-0.17059856310155352,1386.4141195074064,2.048176743418609,-0.4130476985549815,-0.4131936006829206,-0.3357235222304876
0.0,12,24,4024,576,1633,0.09346092426648583,0.05495104820901307,-0.04133405240363208,-0.03620930558797111,1995.183928950864,2.521395123601456,-0.4227505621873895,-0.4227728102436405,-0.3426378569599878
0.05,4,0,4000,64,161,0.09292174000259018,0.1260120771472369,-0.12330903306269647,-0.02596008382313149,221.53229234673898,0.8502579157944143,-0.4647753096134014,-0.4644264070949802,-0.34798002074275763
0.05,6,0,4000,144,385,0.08983718123115213,0.05013283322303728,-0.04926332654815724,0.009296538300813742,498.7607893185868,1.2260519225410504,-0.4587061686590712,-0.4585056247425729,-0.35402460264711544
0.05,8,0,4000,256,705,0.08541264391237882,0.14306694874894765,0.0015856049006419681,-0.1430581618833161,886.6353917821857,1.5786419436509667,-0.4376982607922651,-0.4374641338966915,-0.32998420864628314
0.05,10,0,4000,400,1121,0.08590102227035118,0.022364983177918726,0.013446475691155868,0.01787133917857702,1385.743766291481,1.9867198660268686,-0.44223881293472267,-0.442260661272251,-0.3373623513319734
0.05,12,0,4000,576,1633,0.08792124817722367,0.11532575888006598,0.03594615139554236,-0.10958058615061277,1995.1492228316015,2.430753054730148,-0.43194586479904723,-0.43190531609187194,-0.3349703644608466
0.05,4,1,4001,64,161,0.09141902569880633,0.11315046002139523,-0.09299097812397106,-0.06446475463848828,221.32114430013814,0.8224380457147917,-0.39554594719650654,-0.39549621086947834,-0.32014753672022317
0.05,6,1,4001,144,385,0.09460004902863416,0.04588527300672163,0.03298587489009508,-0.03189655681474681,499.21463644105984,1.271821470596183,-0.41322991474637455,-0.41319008420792985,-0.3384580323573194
0.05,8,1,4001,256,705,0.09395054984693504,0.06333237631030772,0.008471179286174024,-0.06276327756428852,887.3438919082874,1.6859786460700226,-0.41946384400935605,-0.41943793355157044,-0.3371156799515395
0.05,10,1,4001,400,1121,0.09245684559495543,0.04145679360460806,0.01931873549580132,-0.03668040614303961,1385.7528623259846,2.067621820440315,-0.41017443184715424,-0.41015283427358823,-0.3301133884654515
0.05,12,1,4001,576,1633,0.09139527963321223,0.17511963639154635,0.1405400872307574,0.10447665256447733,1995.081983730081,2.4717831858283983,-0.41632421064251396,-0.4162914888562603,-0.3345335124077068
0.05,4,2,4002,64,161,0.08701913707586738,0.05481099300114711,0.05436278545512785,-0.006995177719796505,221.59594015355538,0.7921612782004044,-0.404164869652884,-0.4034331968045145,-0.31341919320786193
0.05,6,2,4002,144,385,0.09065236137270088,0.3069809838066467,-0.29658728147630375,0.07920422264874799,498.3992413038939,1.2385558137240604,-0.3802836211101918,-0.3795203408301743,-0.3030697211577533
0.05,8,2,4002,256,705,0.09958347169893586,0.17760173894627282,-0.13430477355082182,0.11620931751887417,887.5674567452065,1.8353126986382493,-0.43175555262294985,-0.4316025132318083,-0.33606444570497235
0.05,10,2,4002,400,1121,0.09515133393114289,0.05600235164310503,0.049383317347880595,0.026411197573690308,1385.8848571170972,2.1961304894715976,-0.4440299235395734,-0.44406713358403604,-0.34563096808347704
0.05,12,2,4002,576,1633,0.09180954512220232,0.31760142631945804,-0.314820540407895,-0.04193677786186123,1995.7225790277002,2.5355436574557944,-0.4321683837669521,-0.4319212620772925,-0.33895504822318834
0.05,4,3,4003,64,161,0.08515300433307997,0.1696780534741912,-0.16171649053138282,-0.05136553826257115,221.5841901717174,0.7866325039488624,-0.4255977508240113,-0.42609266176400445,-0.31489972261569243
0.05,6,3,4003,144,385,0.09080347212440075,0.1276041123298276,-0.12586265561384202,0.021009555095590632,499.20304099660177,1.247895883893588,-0.42989038298242827,-0.4305050325371991,-0.3294319288899211
0.05,8,3,4003,256,705,0.09368052278880942,0.11670919237397134,0.10910003982339056,-0.04145137989403061,886.1165530915812,1.682905176110181,-0.4353954028452229,-0.4351327718942396,-0.34511762722453176
0.05,10,3,4003,400,1121,0.09342967240775296,0.05306520059716197,-0.0464815557246232,0.02560040022803916,1386.4030544180855,2.098730026705978,-0.4195213847778144,-0.41956539205833904,-0.33701901132653184
0.05,12,3,4003,576,1633,0.09074257934524928,0.14199054965315397,0.14123897735580915,0.01458997828271226,1996.042900595353,2.4731578983136275,-0.4252994145752458,-0.42523741746542304,-0.3382795613990126
0.05,4,4,4004,64,161,0.08356613002353429,0.021776502494985795,0.019016826903951234,-0.010610200536242426,221.96881270785295,0.7623689049566685,-0.41708619287543724,-0.4171436676624133,-0.3236443123252463
0.05,6,4,4004,144,385,0.08651159856011112,0.2085019232282094,-0.1988887981999219,-0.0625803318979124,499.2602057739163,1.1818340828244345,-0.4146731843449459,-0.4148219462047556,-0.3275260016487303
0.05,8,4,4004,256,705,0.08726463511053807,0.03416029965141562,0.012852493589436964,-0.03165026825807307,887.3844336426394,1.5824893953081975,-0.4211925389598125,-0.42122692095602854,-0.33256344214111205
0.05,10,4,4004,400,1121,0.083921964797517,0.123242613262552,-0.11109100439720399,0.05336225694068199,1384.7983909075622,1.900681091920358,-0.40994182112801625,-0.4099148873087557,-0.32725109713063905
0.05,12,4,4004,576,1633,0.08371411242197653,0.05123571213701358,-0.029150263282440303,-0.04213502520174081,1995.7077010480157,2.2839509457920677,-0.40633339010509467,-0.4063708143959981,-0.3243826955631349
0.05,4,5,4005,64,161,0.10004626434396946,0.08292491856404141,0.07931944792738932,-0.02418609723264739,221.4605481527384,0.8899780984454604,-0.4085344642325288,-0.410068094807044,-0.32643136792807637
0.05,6,5,4005,144,385,0.09254762126701574,0.23092877682045843,-0.10488094905222578,-0.2057379072745164,499.00656220060154,1.2308465793191086,-0.38843559883229933,-0.38837911377399653,-0.32157766181003017
0.05,8,5,4005,256,705,0.09059951595772513,0.1793473123094045,-0.17612091970369992,-0.033865617893816216,886.8507373430167,1.634860203594763,-0.40415091921168655,-0.4040376097918563,-0.32182318464755305
0.05,10,5,4005,400,1121,0.08994347623955186,0.16803132376333782,0.14357666072751263,-0.08729414791380001,1386.0779890500132,2.0521659749065297,-0.41200907820273974,-0.41208440495120147,-0.324764682483824
0.05,12,5,4005,576,1633,0.08988529809564395,0.14951744093476382,0.008366231285241277,-0.1492831916786429,1994.8146961617824,2.4641012063856085,-0.4099876768971035,-0.40999699103084836,-0.32375431291166723
0.05,4,6,4006,64,161,0.08527509503378579,0.10680842402401282,-0.027463707717708896,0.1032171700875856,221.67256090852123,0.7920862890312758,-0.4125625914587801,-0.41264586351563987,-0.3165080378205795
0.05,6,6,4006,144,385,0.0914004686498295,0.09403957943674963,-0.0215781611898076,0.09153046192556566,498.4743684156286,1.2476159214261342,-0.4228915167047047,-0.42300226377728795,-0.33653338376336606
0.05,8,6,4006,256,705,0.08935344696045272,0.053521400831959796,0.0505174051819397,0.01767857801688355,887.2055286262216,1.624499881553887,-0.4051838737196096,-0.4051425418324787,-0.3208699175210398
0.05,10,6,4006,400,1121,0.09463322992651094,0.1708417420618202,-0.1688926266816808,-0.025732887192849205,1385.7333460139507,2.1524433877950364,-0.4160810601317821,-0.41601979427020735,-0.3320733751604662
0.05,12,6,4006,576,1633,0.0943765774689369,0.07938253007098627,-0.07709576219660264,0.01891638262977187,1994.9040638933138,2.5796939844547353,-0.4203020653170794,-0.42024119207682553,-0.3316890630253708
0.05,4,7,4007,64,161,0.10122428744688276,0.11690153683160226,0.060844778423211565,0.09981924790450361,220.53481604640726,0.9169500622018406,-0.40662632090801676,-0.4072729469431129,-0.33387985863812286
0.05,6,7,4007,144,385,0.09428136531452057,0.08034847109744339,-0.02070676120294035,0.07763444369724755,498.5236253591452,1.275829907453903,-0.4250895305684113,-0.4254767147003253,-0.3433611741001212
0.05,8,7,4007,256,705,0.0934952294253808,0.24866382544505616,-0.2295005396417662,-0.09572460701986436,886.9273960666468,1.6945025233727482,-0.4240917109549961,-0.4237052279187531,-0.3360482940618564
0.05,10,7,4007,400,1121,0.09408086514881642,0.13193258983503525,0.09096246103236494,0.09556170228451948,1386.3919390856768,2.1180621041532497,-0.425986480302005,-0.4261432984766812,-0.34254539670605744
0.05,12,7,4007,576,1633,0.09454977888099121,0.07959956851609737,0.021613357213674522,0.07660909931530968,1995.1783752032527,2.574653169626361,-0.4243516276870491,-0.42440896350749596,-0.33897680458163837
0.05,4,8,4008,64,161,0.10497079082000102,0.19866870283593976,0.05224443511025845,-0.19167621784281152,221.37696070856566,0.9203305750367071,-0.4171348261470174,-0.4183248327427043,-0.3479511632592933
0.05,6,8,4008,144,385,0.09265857710027015,0.04991704384571602,-0.0496043128386634,0.005578836267461945,499.09966599480845,1.2420434319626517,-0.3834658806165825,-0.38340606756700385,-0.31654280840798327
0.05,8,8,4008,256,705,0.09629785813084996,0.05962951160886922,0.057592454503250234,0.0154527615332445,886.5304702159915,1.7424684501238328,-0.3839378149206663,-0.38393306000339844,-0.31109172572083876
0.05,10,8,4008,400,1121,0.09478304018465888,0.04005701043693025,-0.007368538163351701,0.03937345210264867,1387.0607181708292,2.153161465722025,-0.4016487190350825,-0.40162798828661384,-0.32178402168695297
0.05,12,8,4008,576,1633,0.09602361699598487,0.12655747460346778,-0.09030094946661826,-0.08867092479180899,1995.6265923984774,2.6209670781483196,-0.4154892142883484,-0.41550512928982003,-0.33026954419242055
0.05,4,9,4009,64,161,0.09138278693781199,0.1257596189914531,-0.12465837756059006,0.016606344354999608,221.79699948896098,0.8218287015603819,-0.4280242258410142,-0.427830315002988,-0.3414941071031517
0.05,6,9,4009,144,385,0.0907627503529789,0.019547548312609114,0.0097351543997366,-0.016950911888363895,498.6589894426198,1.2214585729472485,-0.4382583893250234,-0.4383140538160133,-0.3454456219942644
0.05,8,9,4009,256,705,0.08996371511421683,0.09453820388061827,0.08591866155427219,-0.039439264568393986,886.9476244523337,1.6283780604507323,-0.4271813838533065,-0.4273206992371901,-0.3354197969888858
0.05,10,9,4009,400,1121,0.08998703692841492,0.1749535371560696,-0.1483129842889408,0.09280085589437538,1386.2285344560678,2.0333606368110537,-0.40563255494711237,-0.4055997350201705,-0.32542895534918453
0.05,12,9,4009,576,1633,0.09105734143709555,0.13601598907632836,-0.022339057766633807,0.13416898219227452,1995.1794020202074,2.4587967047866828,-0.4007830164460619,-0.4007780252834846,-0.32358074146856813
0.05,4,10,4010,64,161,0.08957752344223613,0.14904898833993033,-0.022504558769338434,-0.14734023808774738,221.4949315052583,0.8076294955898419,-0.3974938258486198,-0.3963943201124207,-0.3169751944907532
0.05,6,10,4010,144,385,0.0898552885477231,0.1912049851829721,0.02231683346411195,-0.18989814454848072,498.4037998280638,1.216661918669067,-0.39878972564394954,-0.3985035412763851,-0.3215830871087809
0.05,8,10,4010,256,705,0.09087172473403315,0.19287165449868918,-0.18185467990608428,-0.06425224124742537,886.4093731688249,1.6494432345001684,-0.40958447575147483,-0.40945880212932995,-0.3273920722594277
0.05,10,10,4010,400,1121,0.09091924343519807,0.2139534636679708,-0.1853494640444313,-0.10687217034365762,1385.0950019554996,2.0537440158280447,-0.39968430896669144,-0.3996529685980111,-0.3201766421149459
0.05,12,10,4010,576,1633,0.09061729074956314,0.047122188941300505,0.044589556651871476,0.015240476639828818,1994.8506041610835,2.455571611020232,-0.40185508377543316,-0.4018582281684691,-0.32190381642916405
0.05,4,11,4011,64,161,0.07731765461289458,0.0066531939706149104,0.0065957676600514326,-0.0008722608470212584,222.29706078282598,0.7110159396947207,-0.36061504690052315,-0.3606592271477667,-0.29167771358172745
0.05,6,11,4011,144,385,0.09067724104762169,0.1268082948933414,-0.11939498590507469,0.0427221370542679,497.7455450421111,1.237053554959443,-0.3783222307954212,-0.37840215223472634,-0.30430191388466327
0.05,8,11,4011,256,705,0.09687041890277824,0.10357647452137383,0.010023496455245251,-0.1030903273497979,886.8550412977613,1.766470503485574,-0.4129809891583513,-0.4130504692394535,-0.3315739738144253
0.05,10,11,4011,400,1121,0.0941968334108985,0.1954095733871944,-0.1909944925100131,0.041303815831080976,1385.5666676915223,2.149873494355507,-0.4235374642973552,-0.42344230414318007,-0.33838513163184686
0.05,12,11,4011,576,1633,0.0916312659368512,0.03274556981605797,-0.03202368442563541,-0.006837834334468995,1994.9040398070188,2.508246583082617,-0.41122997199635486,-0.4112210158073588,-0.3300129450814243
0.05,4,12,4012,64,161,0.08297222753726019,0.17226915823424985,0.15616209430552663,-0.07273282052037319,221.71350710533395,0.7623520274882262,-0.44965990715030224,-0.4506135565493302,-0.3500742863428106
0.05,6,12,4012,144,385,0.07945907356271104,0.054937786887915674,0.030762448764496853,-0.04551738320854732,498.83993773670784,1.0813786219162824,-0.38734681076856825,-0.3874053926105613,-0.3058007675965107
0.05,8,12,4012,256,705,0.08272845602665133,0.20698136760771482,0.1710859527819295,-0.1164941341761866,886.2908959405086,1.5016005639605834,-0.40145732438386367,-0.4016311110423972,-0.3207983084022389
0.05,10,12,4012,400,1121,0.08582151301969404,0.14935657188112905,-0.14887112075726217,-0.01203224702869471,1385.6380342718546,1.9448450650039741,-0.4087992530292862,-0.40888926248770213,-0.324059558976957
0.05,12,12,4012,576,1633,0.08786217353569713,0.05505853326631943,-0.022615165602227982,-0.05019956543857933,1994.112151508956,2.3860329624810106,-0.4080173049507086,-0.40804719120005684,-0.326424387954571
0.05,4,13,4013,64,161,0.10402945168627489,0.1744422379042356,0.1713655158661238,-0.03261831290816859,221.2783831332096,0.9601851703910488,-0.38593430702208553,-0.38608769854467134,-0.2988123858904882
0.05,6,13,4013,144,385,0.0991807379290071,0.11097466978676018,-0.03727304944191223,-0.1045279729047743,498.26716872428034,1.3596874438757247,-0.40651194443556693,-0.4062942027295563,-0.3195400194191784
0.05,8,13,4013,256,705,0.09807185491665187,0.05290656981191412,-0.05219595531205412,-0.008642185969127941,886.9633961627788,1.8052048386939654,-0.4084256490712214,-0.4084414137882992,-0.3192980243970113
0.05,10,13,4013,400,1121,0.09515636912623142,0.14398270190703769,0.13431739793594133,0.051863812626617205,1385.449075240222,2.175007158802834,-0.399779510619154,-0.3997569522746559,-0.3132163368796563
0.05,12,13,4013,576,1633,0.09385460958711904,0.021320816269173475,0.015798841005068454,-0.014316907112935387,1994.3936157718713,2.5710406617638295,-0.40473091233479397,-0.40472797732353694,-0.3151406790791079
0.05,4,14,4014,64,161,0.09354941934731074,0.03820394236278926,0.0027760726995644802,0.038102947818063324,222.21798007115058,0.8422957616583973,-0.4329597484167166,-0.4328495646510041,-0.3416821314888999
0.05,6,14,4014,144,385,0.09391722334939351,0.082133498609847,-0.02265098710142377,0.0789483652599905,498.96500814569845,1.261724500245529,-0.396658064959769,-0.3965154405260039,-0.3164735974527142
0.05,8,14,4014,256,705,0.09388414492725569,0.13766395819324048,0.07951886727040058,0.11237488657819718,886.1099229972501,1.691225195820661,-0.4109714566413498,-0.4109750398646221,-0.33007647956277886
0.05,10,14,4014,400,1121,0.09546725969465335,0.18176996255057484,0.1812037664815942,0.014335769896355793,1384.9498314439218,2.1571933281758584,-0.4158950140309287,-0.41593405339829004,-0.33425498885187027
0.05,12,14,4014,576,1633,0.09285484452950905,0.03714611500741719,-0.03632946910635182,-0.007746194846174045,1995.47773451484,2.5166882617251662,-0.4063126375455487,-0.4063063580391756,-0.3275781607021854
0.05,4,15,4015,64,161,0.0791039954780905,0.010139438764583179,0.00977939405334416,0.002677997462685308,222.02153745562006,0.7376230790898197,-0.4345531783434647,-0.4345548488508468,-0.32137368438341996
0.05,6,15,4015,144,385,0.08120179553442042,0.05461009823158591,0.048473435280627086,0.025151320063931434,498.8973114109017,1.0996730023329797,-0.4040690561160776,-0.40379237387528105,-0.31919235983335825
0.05,8,15,4015,256,705,0.08119387007649453,0.03566817230895556,0.007661827774403829,0.034835540917527295,887.2016393610545,1.456055843145273,-0.380655706335033,-0.38062974519004567,-0.3111359872105621
0.05,10,15,4015,400,1121,0.08424788617956595,0.12786236948729016,0.061355878183567025,0.11217950678812773,1385.5399524996913,1.9220770100841755,-0.40482768002243263,-0.4047341041917691,-0.32901325245471
0.05,12,15,4015,576,1633,0.0851470354614418,0.22066411756834559,-0.2105820016378286,0.06593840586806902,1994.622784392758,2.3514252297973566,-0.41213528781821207,-0.41214190613005397,-0.3307918244370508
0.05,4,16,4016,64,161,0.08802173231498527,0.10102819286185495,-0.05725439548443623,0.08323839228771737,222.20858894258112,0.8070300225125371,-0.39229719104695326,-0.39219477970734695,-0.316248449908242
0.05,6,16,4016,144,385,0.08847857930743297,0.13116003803209417,0.13059000957127376,0.012214948905133145,499.2723313868926,1.2153465383584976,-0.39899070900802147,-0.39908802205880545,-0.31732243930561643
0.05,8,16,4016,256,705,0.09135444568145736,0.11742711703630723,0.05074002460814153,-0.10589890329093965,886.333398255245,1.644262457529835,-0.41601489424571503,-0.41594919275938846,-0.3355660782583283
0.05,10,16,4016,400,1121,0.09226261925765748,0.2152516956818254,-0.14199876131177902,0.1617703442532703,1385.2919271484038,2.075580195834925,-0.4135794312971817,-0.4135715772679898,-0.3362377468712699
0.05,12,16,4016,576,1633,0.09181106464552818,0.1022608529087563,-0.06451946416274446,-0.07933801599346071,1995.0431745125686,2.495749639245715,-0.41646470046263956,-0.4164374873732183,-0.3356152895020131
0.05,4,17,4017,64,161,0.095773208155231,0.051127675766389956,-0.044079941915244,0.025903628124681943,221.9061812316902,0.843206509953462,-0.3705395831394405,-0.37083067422550947,-0.30622189692856316
0.05,6,17,4017,144,385,0.09955558956047844,0.28855368437698026,-0.24358519466838668,0.1546915696018826,498.4935112973314,1.3206406342290335,-0.3889991006294693,-0.3895334977142366,-0.3108500686267737
0.05,8,17,4017,256,705,0.09772962613459751,0.1548832524157195,0.09782379394936092,0.12008050306450445,887.0243772721619,1.7551758578920515,-0.38640971246274963,-0.38613406211339923,-0.30379380860873334
0.05,10,17,4017,400,1121,0.09354182289677837,0.06890091071508281,-0.03924150110258928,0.056634266028468105,1386.3708482747256,2.10721509206575,-0.39471193168691643,-0.39466814208427137,-0.314631062848608
0.05,12,17,4017,576,1633,0.09352083531017537,0.19048980679888877,0.18707854068022156,-0.03588852339170079,1994.6552954454182,2.526376095244547,-0.39259249529497947,-0.39257291436624964,-0.3122658984616139
0.05,4,18,4018,64,161,0.09832142674433289,0.08582150082190744,-0.08100264244891031,0.028353164190591702,221.4800223751516,0.9099122370954714,-0.4850348973232852,-0.4855639134011811,-0.36249512634798725
0.05,6,18,4018,144,385,0.10082900471596092,0.1522881743977219,-0.14824422143826776,-0.034861710680240465,498.75321709675745,1.3817745003710002,-0.5018273195210152,-0.5016561605627342,-0.382422234073553
0.05,8,18,4018,256,705,0.09539491995821334,0.14782317036061823,0.04224636817927552,-0.14165780624845725,886.1447786114171,1.7454561328504399,-0.4647951438775454,-0.46469619852613214,-0.35854888813058167
0.05,10,18,4018,400,1121,0.09277074034148897,0.029019584935726424,0.02755290114069986,-0.009109003709114431,1385.9672181208568,2.12140990618596,-0.4421797605028009,-0.44215930127017766,-0.34767484014685063
0.05,12,18,4018,576,1633,0.0899023736669326,0.18214738645946554,-0.13345463701379323,-0.12396584309208153,1996.6854505047731,2.46587412309205,-0.4395566277752846,-0.4395904505403834,-0.34567142251218935
0.05,4,19,4019,64,161,0.08025445151191721,0.11051171664221134,-0.08358115906124208,0.07229819752378173,221.7461490445212,0.7153692553847606,-0.3451489825021488,-0.3448003312180429,-0.27554355694486204
0.05,6,19,4019,144,385,0.08455475150016531,0.11234456387463759,0.07711395833447732,-0.0816990725906422,498.92950364494646,1.1827256522267264,-0.39236292162776953,-0.39224990783129116,-0.29740810762120085
0.05,8,19,4019,256,705,0.09066140480802876,0.11940511576323964,-0.1128276705093545,0.039083224507008116,886.6925607939527,1.6861844559062265,-0.42570706249153645,-0.42565185428242064,-0.3266805097364179
0.05,10,19,4019,400,1121,0.08953413675738636,0.09400762530519026,-0.08518692925520721,0.039757020758469444,1386.1764918142994,2.089734976935895,-0.42490460847057243,-0.4248615282006116,-0.3252597884766738
0.05,12,19,4019,576,1633,0.08976361670928362,0.10620926367353138,0.015507009121781046,0.10507112047642164,1996.2310513811024,2.4896147070570684,-0.4239481186179319,-0.4239343704053237,-0.3320463535708825
0.05,4,20,4020,64,161,0.08680077142120268,0.07481010397480621,-0.02240617348496521,-0.07137587159876199,221.62998548015673,0.7902130239022799,-0.39110548577543697,-0.3913451106437406,-0.303773036915368
0.05,6,20,4020,144,385,0.08512788632454155,0.07069036416265136,0.06221262403161809,0.033566605377201894,498.52047600744703,1.1612984725766784,-0.40938024510478754,-0.40918323527221473,-0.3207932078714104
0.05,8,20,4020,256,705,0.08764238913790483,0.07033958739597175,0.05910252747631928,-0.038138547441485926,887.0432101124571,1.5890565472601894,-0.422403236734201,-0.42244190366077167,-0.32864613282512556
0.05,10,20,4020,400,1121,0.08624194447126796,0.10740852623262216,-0.04401664633617308,-0.09797513129759074,1385.7520558888966,1.9679058477749003,-0.42971984210921715,-0.42974637305887337,-0.3354656266120522
0.05,12,20,4020,576,1633,0.0872567935065522,0.041523260875103885,-0.0260925541363215,-0.03230108066837803,1996.2379220583132,2.387260028293856,-0.4142761723272574,-0.41428105975911034,-0.32492832870200355
0.05,4,21,4021,64,161,0.09131650601535157,0.14560734233278244,-0.013927319332107668,-0.14493973891737766,220.98449506723378,0.8154108191081048,-0.4291294633848143,-0.429774728829715,-0.35160650493145473
0.05,6,21,4021,144,385,0.0926689121621805,0.08600648937590911,0.072762251580341,-0.045855980632056384,498.9153927212283,1.2527913732527307,-0.4246756593673754,-0.42460209692674583,-0.34822440585609127
0.05,8,21,4021,256,705,0.09479208543251136,0.1557788610186254,-0.051799279759231265,0.14691456073747455,887.4095465104219,1.7169993241496655,-0.4248684386773824,-0.42489819384711847,-0.3433970492276156
0.05,10,21,4021,400,1121,0.09186497005517419,0.09665079380798246,0.0636720413955234,-0.07271345878336344,1384.7977671271174,2.0719741812149093,-0.42529150017085665,-0.4253015761474575,-0.3448749993744273
0.05,12,21,4021,576,1633,0.0919894796171847,0.13113668841250592,0.0799680288201765,-0.10393240791213336,1996.800342010236,2.4918945934469265,-0.41836629336773934,-0.4183846000879316,-0.3392091315770742
0.05,4,22,4022,64,161,0.0829825650904665,0.02057063808848601,0.018302573982172277,0.009389725075559019,221.89551807442487,0.7245300592891444,-0.39233411521596107,-0.3923238041512438,-0.3328248332170623
0.05,6,22,4022,144,385,0.0866494807787595,0.14603129132709075,-0.14175878128939567,-0.035065452713503295,499.1999913798428,1.1415806019622008,-0.3819739275551905,-0.3820542522436092,-0.3234350442483137
0.05,8,22,4022,256,705,0.08795566970785451,0.04541698798259351,0.029482214092944492,-0.03454709610935236,887.2504289716712,1.569613232785007,-0.39753681350942066,-0.39758286231828527,-0.32461895916020916
0.05,10,22,4022,400,1121,0.08883798603021922,0.27345427470946515,0.27121482953185616,0.0349250139425287,1385.248790072713,2.001413557158408,-0.40933935762844637,-0.4093645016606081,-0.32855109611316324
0.05,12,22,4022,576,1633,0.08822161749635818,0.1766413793910076,-0.05875274736170599,0.16658418769682024,1996.2379168345462,2.389860488744794,-0.4082436721942284,-0.40816112333667837,-0.32941395383396904
0.05,4,23,4023,64,161,0.08820232366269778,0.07750008601130988,0.04848235232150744,-0.06046259045999974,221.56944268927862,0.7966166840511025,-0.40013891612959324,-0.40038083256267,-0.32437598199370776
0.05,6,23,4023,144,385,0.08746216016441889,0.11488777127057717,0.11404957883467493,0.013852564930500286,499.2665602799684,1.1857579662450042,-0.4135678892290209,-0.4136568027762539,-0.3306246647809522
0.05,8,23,4023,256,705,0.08625688681981686,0.1417119719991133,-0.14024827600834655,-0.020315119604967083,886.6037048964323,1.566960410355913,-0.41069440426301707,-0.41056360032184014,-0.32618428023926427
0.05,10,23,4023,400,1121,0.08377290351230318,0.049792826722859104,-0.04977385222111774,-0.001374491950869125,1384.175655960217,1.9018025361727233,-0.4154847912476162,-0.41547206970531253,-0.3285180779672757
0.05,12,23,4023,576,1633,0.08359809513517884,0.137729466041835,-0.017705912235637555,-0.1365866263148515,1995.971149569008,2.268773569291692,-0.39467766715440145,-0.39464555295837717,-0.3119943558231588
0.05,4,24,4024,64,161,0.104349227366372,0.14631713125486612,-0.11361469927138579,-0.09219763016545647,221.69613341760714,0.9191796621943948,-0.4453116838017304,-0.44390115367489424,-0.38013827011734896
0.05,6,24,4024,144,385,0.10062157301823521,0.1345034747059068,-0.08164060832137521,0.10689244959714558,498.9256503027237,1.3674031399073026,-0.4393524858007211,-0.4391690777681005,-0.35913323704795713
0.05,8,24,4024,256,705,0.09750593445084674,0.07156869101271114,0.07131789524042587,-0.005986263588296237,886.3848777139807,1.7758877208985464,-0.4377160666286143,-0.4376734565055809,-0.3507970405934703
0.05,10,24,4024,400,1121,0.0932081354790814,0.2795478249397941,-0.24421481787611032,-0.13603716094622098,1386.435643233795,2.1106200496209073,-0.41960813761576443,-0.4196694036772298,-0.33744008731264574
0.05,12,24,4024,576,1633,0.09545500899395984,0.054905134951157245,-0.04289650042537829,-0.03427045513646279,1995.1880255790218,2.6009560763863617,-0.4293202297982488,-0.4293361502248406,-0.34380049090884673
0.2,4,0,4000,64,161,0.12055841352344818,0.20045687810415885,-0.19754613762558826,-0.034036502295002935,221.57414624194573,1.2138202597703307,-0.5661885486503078,-0.5655738803471703,-0.35857234607599314
0.2,6,0,4000,144,385,0.11800009354157331,0.05856383135147054,-0.05783901133303093,0.009185374819842822,498.77476026384676,1.760481391900304,-0.552943056080962,-0.5526711125014666,-0.3658542574941062
0.2,8,0,4000,256,705,0.11226036637543696,0.06108381605801077,0.007178046803506977,-0.060660598647685283,886.6342486092105,2.259466985752891,-0.5039901345270514,-0.503919360236172,-0.32609056665485375
0.2,10,0,4000,400,1121,0.11300057525729564,0.04297384382600021,0.04080485921051924,0.013480160161925353,1385.7366894858278,2.8358896988405786,-0.5091136110273833,-0.5091491472386395,-0.3347605003906909
0.2,12,0,4000,576,1633,0.1166978393992146,0.06374389513497736,0.062473566360805144,-0.01266245130853684,1995.1363844891669,3.482850302056185,-0.5029477064608591,-0.5029481994254326,-0.33777461004159604
0.2,4,1,4001,64,161,0.11821156951440798,0.17364567203740197,-0.17224891661553254,-0.021980221611628013,221.35574347064633,1.1645683143130565,-0.44652980139456927,-0.4457834975000531,-0.3253582851340859
0.2,6,1,4001,144,385,0.12184265194618533,0.08281962577790192,0.08225085162442891,-0.009689572800071992,499.1996044069332,1.7785686693114318,-0.4659645767526013,-0.46590873843580827,-0.3358667224268085
0.2,8,1,4001,256,705,0.121777093694245,0.049479374908410874,0.04653792776383803,-0.016805648478260903,887.3367162551823,2.365086969998,-0.46633563487263274,-0.46628004347707275,-0.32793038208910363
0.2,10,1,4001,400,1121,0.11897363279130337,0.03681920682238757,0.025052071099539663,-0.026982359508637505,1385.7470743840743,2.8583953922336063,-0.45069763959542797,-0.4506725639260903,-0.3189202798836225
0.2,12,1,4001,576,1633,0.11810122714229664,0.2664195555563569,0.2614925199973186,0.051000407530711674,1995.0295406587213,3.435880170115137,-0.4615612622448887,-0.4614698482941896,-0.3262046044178833
0.2,4,2,4002,64,161,0.11637821651264418,0.09464481004137798,0.09439827313500437,-0.006826865818048172,221.5765350439425,1.1183102085326706,-0.43888788009724883,-0.4367548217671122,-0.3134862498688176
0.2,6,2,4002,144,385,0.12488379016877954,0.5127947995383519,-0.5090834820786476,0.06158339636832165,498.50433688217817,1.8120936235728038,-0.40481693720884115,-0.40405683878590154,-0.29908975433495755
0.2,8,2,4002,256,705,0.13898814964848488,0.22686604784934739,-0.22098304419805537,0.05132930784398608,887.613802200885,2.7241045521613114,-0.4691617398006687,-0.46903598122203166,-0.33227041728133017
0.2,10,2,4002,400,1121,0.1312883857271666,0.09295797106304494,0.07400910144821493,0.056247998070915656,1385.8687612151534,3.2377376099192072,-0.49128563598390285,-0.4913463458766954,-0.34550571218467857
0.2,12,2,4002,576,1633,0.12421459483026681,0.5010862557508363,-0.5010852200837848,0.0010187816142253059,1995.8290097083247,3.679936504561064,-0.47989360190584907,-0.47944989207250077,-0.3363237249124761
0.2,4,3,4003,64,161,0.10460245579897577,0.2713042526537356,-0.26880133025324104,-0.0367674089662302,221.640348991652,1.0600542429520967,-0.46605633997194873,-0.46566902177085406,-0.2903250113369385
0.2,6,3,4003,144,385,0.12046849021358698,0.22895915146332796,-0.22731223731411454,0.027412402413119916,499.2491108321807,1.7559543979314403,-0.48968982118246684,-0.49059709165249227,-0.332936652026676
0.2,8,3,4003,256,705,0.1258512980234013,0.19034306050735966,0.18884045680785588,-0.023869699535366933,886.0776882969228,2.4073158058399597,-0.49461609366958553,-0.4942893153703286,-0.35270912357034834
0.2,10,3,4003,400,1121,0.12467789495669748,0.0678025220746057,-0.049761032357965806,0.046054550897244376,1386.4156087652304,2.9902206875425352,-0.47190070849878996,-0.4719464039274857,-0.3372124796388101
0.2,12,3,4003,576,1633,0.12182351792097881,0.21855342045102014,0.21387097005224875,0.04499784172324833,1995.9965783419395,3.564465920833681,-0.4859923768604456,-0.4858881768385367,-0.34161733284152024
0.2,4,4,4004,64,161,0.11281106828305076,0.03911445445625672,0.03866216880762785,-0.005931041266174872,221.9612887816,1.1161736853870077,-0.4887752562687585,-0.4885880374278944,-0.3288420431029303
0.2,6,4,4004,144,385,0.11757833426113279,0.3205523563158502,-0.31234847356909157,-0.0720572286360107,499.32689402816044,1.721266084706851,-0.4732193667550097,-0.4734875404724475,-0.3229908811039588
0.2,8,4,4004,256,705,0.11867326947993245,0.011427774625469424,0.010353950440673998,-0.004836294362690258,887.3814064822092,2.3011246788538053,-0.49379465160272146,-0.4938001921709806,-0.3345989676760738
0.2,10,4,4004,400,1121,0.10895751329399507,0.1661820191083638,-0.16614426128043602,0.003542304124549849,1384.8345548120815,2.6749883302072,-0.482138540069959,-0.4821001218525651,-0.327500158972726
0.2,12,4,4004,576,1633,0.10950990681798072,0.024787550154478755,-0.019422113084020864,-0.015401433894683486,1995.714037062941,3.2302676709526894,-0.4715947214068612,-0.4715997977377622,-0.3250661052771241
0.2,4,5,4005,64,161,0.14060540234672542,0.12481612507020981,0.12369338363915272,0.016703649943639362,221.4340661803276,1.3336452107978607,-0.4574656408855804,-0.4604805144920146,-0.33063252082437167
0.2,6,5,4005,144,385,0.12650601434211262,0.18256871699348984,-0.14930686651511627,-0.1050656748709408,499.03971968462395,1.7764597400577278,-0.4300174042187925,-0.42915773819963815,-0.32757898181830225
0.2,8,5,4005,256,705,0.1209971280941893,0.30003323720586655,-0.2998780111292012,-0.009649967327740268,886.9128289381962,2.323921412574707,-0.43227624174975404,-0.4315574463788675,-0.3131833475701849
0.2,10,5,4005,400,1121,0.1189246157140473,0.23276885180987283,0.21874526279844586,-0.07957291232652854,1386.030726031668,2.9143267984336125,-0.45929991901200706,-0.4595743730070818,-0.32161505426464554
0.2,12,5,4005,576,1633,0.1172465924314897,0.15447064782090963,-0.001054295819354678,-0.15446704987969695,1994.8137423576716,3.479078945672059,-0.4543689052733969,-0.4543595857407563,-0.31868694993052066
0.2,4,6,4006,64,161,0.10966633418413878,0.06896620793071918,-0.0461363102105552,0.05126186415356561,221.6821616496624,1.1244089351444166,-0.4993881050261229,-0.49851200175968213,-0.3062312771920952
0.2,6,6,4006,144,385,0.12177895660878507,0.04218097584017184,-0.03374530142566501,0.025307891151183877,498.4815850747892,1.805496436891127,-0.4985708154979773,-0.4985471718811534,-0.328902097212403
0.2,8,6,4006,256,705,0.11961857640047246,0.08890399998411917,0.0888861783326913,0.0017800321865800994,887.1873441507669,2.3557440001167125,-0.4736420479666006,-0.47361703937159205,-0.3180126001714257
0.2,10,6,4006,400,1121,0.12765329151326604,0.3053366770398407,-0.3045208963338073,0.022304933126700344,1385.795100356071,3.1386823209786003,-0.48465903893091167,-0.4843845208951649,-0.3334086397470239
0.2,12,6,4006,576,1633,0.12752559464365462,0.12661776086615353,-0.12562304292785686,0.015840090034601136,1994.930507511498,3.767937369497617,-0.4853101670158373,-0.48517250874731005,-0.33262393525198586
0.2,4,7,4007,64,161,0.1412784828616591,0.09120011122158242,0.09060271981077506,0.010421489803247572,220.5150605046567,1.3957232876708527,-0.490093091658611,-0.4898630258709329,-0.3465037848527545
0.2,6,7,4007,144,385,0.12505265886332687,0.06637091185445881,-0.03370876040858928,0.057173572672246625,498.53072358210443,1.844821868436817,-0.5000310897147014,-0.5002223104094699,-0.34593868244640674
0.2,8,7,4007,256,705,0.12145107214582626,0.41243114536290876,-0.41034263641547986,-0.041453231538133434,887.010860295015,2.3817159931200256,-0.4914042425239177,-0.4917715937235551,-0.3352122579937359
0.2,10,7,4007,400,1121,0.12207005097942765,0.13712610886207996,0.11272144298928088,0.0780861448790328,1386.3653695753399,2.963097362699694,-0.4928176668100399,-0.4928021841398437,-0.3414759801787694
0.2,12,7,4007,576,1633,0.12385599805929454,0.13993690774153714,0.08118976785860177,0.1139761367275178,1995.1649650680367,3.6240635247629815,-0.489614099551692,-0.48962744481219095,-0.34011081510781854
0.2,4,8,4008,64,161,0.14800057094427588,0.1060196056160578,0.07709129125836167,-0.07278110735007323,221.3600895329311,1.3933137632670773,-0.5118873234542909,-0.512912371760612,-0.3655754291167429
0.2,6,8,4008,144,385,0.12612789034921112,0.11779918452904567,-0.11628531931426345,0.01882478121221976,499.12130543812845,1.825263017424179,-0.45219841246530446,-0.4522038423016623,-0.3182282790829673
0.2,8,8,4008,256,705,0.13391895197398032,0.09506554474748675,0.09506432565744749,0.0004814409944905937,886.5105569296768,2.600188404395121,-0.4434944667004886,-0.4434819839872587,-0.31214295486188637
0.2,10,8,4008,400,1121,0.1296252659001488,0.05613000993277566,0.011892194126353672,0.05485575388156299,1387.0601280833382,3.1455175509905353,-0.4603361648865173,-0.46033064488988,-0.32457561003548235
0.2,12,8,4008,576,1633,0.1299955620258721,0.1381207079774222,-0.13597262254430653,0.024264704626429892,1995.6561086140046,3.799899761716645,-0.4725493339921587,-0.47253868993590314,-0.3297563149155154
0.2,4,9,4009,64,161,0.13108049365812666,0.2106305796948468,-0.2095820089614322,0.020991012893077934,221.840599416247,1.2387435479235915,-0.49586042585408924,-0.49558168232947253,-0.3538994050120527
0.2,6,9,4009,144,385,0.12749461085333336,0.018657744335262703,0.0003747107497269475,-0.018653981224769862,498.6576706630732,1.8062761767122102,-0.5068628484721294,-0.5068773580276701,-0.3584961389395613
0.2,8,9,4009,256,705,0.12325073129018034,0.1897262045529714,0.18948730049417373,-0.009518174483936222,886.9116991709983,2.367552734066061,-0.48678191221955275,-0.4870989578173741,-0.34422450350565287
0.2,10,9,4009,400,1121,0.12094130559581695,0.23522358282878986,-0.2346869445957358,0.015879923020298323,1386.278494813114,2.9143505094653483,-0.45744891409124305,-0.45729039920641096,-0.327283892965426
0.2,12,9,4009,576,1633,0.12237989464690933,0.09269331473318448,-0.05287932294263653,0.07613033430475365,1995.1892138683913,3.5364869467497115,-0.46193301505401047,-0.4619085504088322,-0.329639133123741
0.2,4,10,4010,64,161,0.12754778991486554,0.09362930736733242,-0.040922192137060165,-0.08421295261884564,221.503205196407,1.2177126285758086,-0.44341268312733106,-0.4430468102079605,-0.3125889255341728
0.2,6,10,4010,144,385,0.11998532786028449,0.08867800466564736,0.018627752341473958,-0.0866994541746676,498.39845881891034,1.7479398920000122,-0.4666415965468391,-0.4666263419752739,-0.3280990148335935
0.2,8,10,4010,256,705,0.12032664864596448,0.31019919715062383,-0.3026408489535384,-0.06805922757108823,886.4725731012104,2.350987033956952,-0.4729979853711112,-0.4727677976692558,-0.33194241017490866
0.2,10,10,4010,400,1121,0.11865048173724137,0.3275778628196342,-0.3234514499507135,-0.05183064474092669,1385.1613723994908,2.8908545983794522,-0.4591245424645821,-0.4589874844080224,-0.3201628642988041
0.2,12,10,4010,576,1633,0.12011006568467583,0.05767936481341259,0.05582820835482494,0.014495526108734145,1994.8375051837336,3.490271663364505,-0.45759868209624993,-0.4576036958761747,-0.3222182297284532
0.2,4,11,4011,64,161,0.1068590033660008,0.041093947902643556,0.029883270635468584,0.028208202536718355,222.29230228121673,1.0172519376434952,-0.36779457936817594,-0.3680207545620962,-0.28406046558865045
0.2,6,11,4011,144,385,0.12080850089617454,0.19647351016915607,-0.19198891760416048,0.041738420135078745,497.78616345956897,1.7497150235058618,-0.4221057286649902,-0.42225055080549334,-0.3054383454940288
0.2,8,11,4011,256,705,0.1313803292506341,0.06522913131883841,-0.03224051708312459,-0.05670439692672004,886.8579393930333,2.5501662295006735,-0.4647253518714107,-0.4647368381997171,-0.3344364154489698
0.2,10,11,4011,400,1121,0.12566744522877127,0.3145253719105432,-0.3105752540507014,0.04969125825341724,1385.6320948671744,3.0655747779880564,-0.48297460139284804,-0.48270066569528425,-0.3438877926875158
0.2,12,11,4011,576,1633,0.1217319658796141,0.04450076349927924,-0.043895606429128264,-0.007313937943259914,1994.913943085301,3.573482753610075,-0.46879336366035324,-0.4687650487785841,-0.33378394919238924
0.2,4,12,4012,64,161,0.1046280481668677,0.27244339610145224,0.27026179695983465,-0.03440879514504863,221.65788231730141,1.019576680160101,-0.44149399366169606,-0.44081048744450135,-0.300669957698319
0.2,6,12,4012,144,385,0.09824333511355228,0.09257962183092074,0.07269709837263205,-0.05732467415132993,498.8264419746332,1.4238236600630747,-0.3838858347728998,-0.3837344708546672,-0.2677394891305506
0.2,8,12,4012,256,705,0.10376795162382897,0.2764260125630837,0.26854882729362073,-0.06551998001180388,886.2335478604541,2.0371041913342034,-0.436505904912582,-0.4366704472292412,-0.3036486604541261
0.2,10,12,4012,400,1121,0.11053512435077988,0.2559008200357892,-0.2555865404833706,-0.01267872307181287,1385.6907936789505,2.678007420810141,-0.4456319334123484,-0.44571480275777947,-0.312438739153856
0.2,12,12,4012,576,1633,0.11234639086732351,0.05176687223572153,-0.045626155135896074,-0.024455327202567975,1994.1210532358032,3.2732041597182,-0.45473851912628677,-0.45473167323669117,-0.3192910815892822
0.2,4,13,4013,64,161,0.13665942436925743,0.2930695716129252,0.29304551076461305,0.0037553197055041274,221.21780312011595,1.3609367814711741,-0.40520575345781107,-0.4072390874681994,-0.27513017470954804
0.2,6,13,4013,144,385,0.13613476390009843,0.11663267153394984,-0.10100812810515958,-0.05831413315687634,498.28520678768984,1.9912643839213016,-0.4459786238173385,-0.4457683307200954,-0.31179905667599056
0.2,8,13,4013,256,705,0.1362562692647632,0.09468271645988151,-0.0918751687682855,0.022886025430846987,886.9821894947256,2.676904708913573,-0.4579692145561418,-0.4579867104060212,-0.3179201289870711
0.2,10,13,4013,400,1121,0.1301614641421753,0.23857532988125094,0.23641958379747807,0.03199950663643032,1385.400714521118,3.189115845975156,-0.45488143713180706,-0.45485148078885357,-0.3136799383221235
0.2,12,13,4013,576,1633,0.12815691331551868,0.0483004741868349,0.04521428722946652,-0.01698835003772895,1994.3856569252994,3.7704590219583447,-0.45847573319805146,-0.45847777352403457,-0.31268192673326695
0.2,4,14,4014,64,161,0.12620986796098208,0.012318597586906392,0.00368976673684962,0.011753019524180758,222.21713663588469,1.2314421678501053,-0.502534194470929,-0.5024748051298188,-0.34444168944239206
0.2,6,14,4014,144,385,0.12735848480210216,0.04829162517162844,-0.002509527995039562,0.048226375884563105,498.9682902045785,1.8371400387956283,-0.4608529197773697,-0.4607787341936675,-0.3205909735758743
0.2,8,14,4014,256,705,0.1291827309772778,0.13717761732389097,0.12467107325953908,0.0572260621305932,886.0832874770718,2.5102692884389826,-0.4839384917874566,-0.48394965281215335,-0.34004764123191256
0.2,10,14,4014,400,1121,0.1289025764509972,0.29670009833506195,0.29615837621323715,0.01792106444310998,1384.8875620248155,3.157231196810839,-0.4823411997423645,-0.4824453817590499,-0.33962609954120665
0.2,12,14,4014,576,1633,0.12358719205151053,0.030884257883547,-0.018169647473198047,0.024974012407243312,1995.4848436423297,3.640972093540338,-0.46729332203282165,-0.46728735911586133,-0.3286861209058394
0.2,4,15,4015,64,161,0.09263408927594356,0.033898207255989084,0.03094783859445771,0.013831837965410994,222.0162247990602,0.9363610576069574,-0.4352453994478184,-0.43511652042689763,-0.27549011526164646
0.2,6,15,4015,144,385,0.10063243731907957,0.09749420111449367,0.07810739511779863,0.05834684292115064,498.880799597178,1.4665245668499634,-0.4222567244726601,-0.421844839016912,-0.29581415834734653
0.2,8,15,4015,256,705,0.10228666146466744,0.025125854358844922,-0.00940620494510247,-0.023298752451421434,887.2018669060218,1.9695330810240148,-0.3992531420244292,-0.3992763367859738,-0.2852720132078951
0.2,10,15,4015,400,1121,0.10913172764835437,0.13860196476102912,0.11041814597030619,0.08377551955134455,1385.517545467912,2.7044914384546135,-0.4586334201835621,-0.4585343495385746,-0.32326573055679686
0.2,12,15,4015,576,1633,0.11218576800653664,0.3549895182554585,-0.35434633197929344,0.021359660204761675,1994.6964763679373,3.3674311137715365,-0.47081611624366676,-0.4709026029122025,-0.3280913434070823
0.2,4,16,4016,64,161,0.1153141442389888,0.11197558045653112,-0.09526844285396985,0.05884262413214555,222.22848475687871,1.1310289299481684,-0.43290365648519585,-0.43292205264662575,-0.2966288452291818
0.2,6,16,4016,144,385,0.1150036441840008,0.21324843016568581,0.21301729988713047,-0.009925871091531674,499.2275095930236,1.696720966568517,-0.44742944185796535,-0.4476698185084506,-0.3055452666823936
0.2,8,16,4016,256,705,0.11625388600506285,0.10281064803264246,0.0938321376855984,-0.04201855883110219,886.3145395654584,2.236312117257181,-0.46354557316678935,-0.46358505506740466,-0.3260863024557554
0.2,10,16,4016,400,1121,0.11949078238446517,0.25023304118184814,-0.23267357512748132,0.09208464767002585,1385.3408012141467,2.8833516521726863,-0.46756217518363524,-0.4674537013575202,-0.33300263824438403
0.2,12,16,4016,576,1633,0.11956010037035991,0.09018725969947254,-0.07093508647091351,-0.05569520014744653,1995.0608438571373,3.498236434479176,-0.47259625153942475,-0.4725761174832837,-0.3321670430716639
0.2,4,17,4017,64,161,0.13323103822835441,0.06815703548633098,-0.06814594650768857,-0.0012294148430163424,221.92082051758197,1.2360042029775296,-0.4252021071668535,-0.42563342406506405,-0.3124381300697487
0.2,6,17,4017,144,385,0.14015585530285132,0.4130614775504193,-0.40847987062950697,0.061351279747343314,498.5785698078501,1.9798339850043882,-0.4549145546018591,-0.45617503799911635,-0.3174384503087083
0.2,8,17,4017,256,705,0.13479675191652316,0.1849478450727904,0.17196138659361004,0.0680807382294866,886.9891851926621,2.5822975557541925,-0.44167133567719485,-0.4414612780180411,-0.30625852083988025
0.2,10,17,4017,400,1121,0.12534442811929694,0.09269721023875238,-0.09117884640255669,0.016709002206787657,1386.38786093357,3.039745804644133,-0.45086854354230116,-0.4508459659666552,-0.3137933532475612
0.2,12,17,4017,576,1633,0.12340142447113643,0.3314218562192101,0.3304372994622473,0.025527199295729167,1994.5877881844485,3.5989837032765606,-0.4431168519866957,-0.4430920923660076,-0.30849959822093015
0.2,4,18,4018,64,161,0.13076776727294703,0.1639882250699917,-0.16398049690553496,0.0015920415258707868,221.5119791568359,1.3130336626970924,-0.5665773829761829,-0.5663960682423812,-0.36342214373960324
0.2,6,18,4018,144,385,0.1426147009968447,0.23952301778807455,-0.239472968093438,-0.004896284594007282,498.803792796023,2.0777222089437024,-0.5827411118421637,-0.5825898262518696,-0.3971733955618308
0.2,8,18,4018,256,705,0.1319649127990401,0.12280754871800983,0.0884146915029298,-0.08523224946326427,886.1277345529162,2.572549353504505,-0.5312876703385773,-0.531196728183515,-0.3653962804396618
0.2,10,18,4018,400,1121,0.1277540354364515,0.04246279201131763,0.04121786668211769,0.010206672894317356,1385.95824733038,3.1234445362965544,-0.503895870663426,-0.503869969562662,-0.3527182569299918
0.2,12,18,4018,576,1633,0.12407257799911847,0.1916943226856844,-0.17334522601528946,-0.08184220162991411,1996.7254709578924,3.6278641570704067,-0.5028131060001318,-0.5028451941326767,-0.3529915312478766
0.2,4,19,4019,64,161,0.09925668521592407,0.14934608352068046,-0.1440804082597804,0.03930761527568241,221.77584631684758,0.9598168832142949,-0.3704130472097157,-0.36902697039132437,-0.2587281715849516
0.2,6,19,4019,144,385,0.1094290129396906,0.13701341036269843,0.1323130373163619,-0.03557997716885463,498.9021849780519,1.6689367027626685,-0.4484603627040344,-0.44866486745459083,-0.2846326780499002
0.2,8,19,4019,256,705,0.12121052643963098,0.18255621975007294,-0.18251820816465347,-0.0037251923173372836,886.7310871341368,2.4541617038260823,-0.4847680424201791,-0.48456133425223685,-0.3264053425902871
0.2,10,19,4019,400,1121,0.12001246594925555,0.10533412862695146,-0.10525273370960697,-0.00414013287875141,1386.2013336819864,3.043807524055955,-0.48194297985960705,-0.481855147168937,-0.32384034210985324
0.2,12,19,4019,576,1633,0.11861045685297159,0.040058514639025516,-0.004672420303878599,0.03978508619556988,1996.2296380651069,3.5739991361024366,-0.4797597569297676,-0.4797638370044027,-0.33030598492662033
0.2,4,20,4020,64,161,0.12341847438421376,0.04782730114182019,-0.029759440555591432,-0.0374409726413267,221.63679021432625,1.1994717423043926,-0.4315391090332343,-0.4316473425824009,-0.29698573509285403
0.2,6,20,4020,144,385,0.11819161239636349,0.10899490812460687,0.10824756713861694,0.012741828976332671,498.4982403583757,1.7098294969219672,-0.4553149225663717,-0.45544356015129855,-0.3186104667199306
0.2,8,20,4020,256,705,0.11885259524372438,0.10225659911501155,0.09922789935367593,-0.024702956349897456,887.0225567283201,2.2872449209784866,-0.46386736983902765,-0.46406641856446185,-0.3186951277538805
0.2,10,20,4020,400,1121,0.11622347877329116,0.06304673472273926,-0.05825829024737095,-0.024101086628045207,1385.7653971246602,2.8123325064037386,-0.47643640030010964,-0.47637765758059075,-0.32810794780789326
0.2,12,20,4020,576,1633,0.1186514378623707,0.058731968725417506,-0.05873084523551819,-0.0003632743935785415,1996.2489868314344,3.4423160364738705,-0.45455813784384463,-0.45452871969817416,-0.31749558570778214
0.2,4,21,4021,64,161,0.11064215261344869,0.0800373004186484,-0.03608730684220518,-0.07144001499986899,220.99101921617677,1.0217626808746483,-0.4618770521055798,-0.462251540697665,-0.3294570329067842
0.2,6,21,4021,144,385,0.11678255134028544,0.09510604527533319,0.09293428886115773,-0.020208359700495754,498.893778465722,1.6806463970546826,-0.48655626990529166,-0.4866830274756193,-0.3501409895341263
0.2,8,21,4021,256,705,0.12309815932939196,0.1066647247160788,-0.08124434117943391,0.06911382296673083,887.4269013616988,2.4168340574114375,-0.4957143346329518,-0.49568762543988226,-0.3476084163802843
0.2,10,21,4021,400,1121,0.11895180428450791,0.08599221712718644,0.08423953839131171,-0.017273146154302574,1384.7784728276147,2.9011421172279657,-0.49325153348155343,-0.49325108559865016,-0.3481617911575716
0.2,12,21,4021,576,1633,0.12065442180611265,0.16695540381337604,0.13354660717947864,-0.10019685909916282,1996.772490131829,3.5249401318294273,-0.47737104072982006,-0.4773872722680446,-0.3377549304169672
0.2,4,22,4022,64,161,0.11458836679991014,0.03685222613813476,0.036851601301172376,0.00021459933749487514,221.8883234979199,1.0558718414426753,-0.45362761567162874,-0.4537207227398525,-0.34185966842140486
0.2,6,22,4022,144,385,0.11561750885608871,0.22351390092561532,-0.22349039403576976,-0.003241555293705012,499.247636243024,1.6266925544190232,-0.43932610799545824,-0.4394264054562681,-0.32940974120491245
0.2,8,22,4022,256,705,0.11820916083191396,0.04517648930048176,0.042297602575967375,0.015869089508918292,887.241065666357,2.250328523310884,-0.44706587734613557,-0.4471205419061845,-0.32682978497934545
0.2,10,22,4022,400,1121,0.11957041456774642,0.452730106869079,0.4527021440426853,-0.0050317437179915325,1385.1543588529034,2.879018908283162,-0.4644431751681385,-0.4646787648838842,-0.3309501798228011
0.2,12,22,4022,576,1633,0.1172850491162155,0.16583816751706584,-0.08700156784679747,0.14118436527327483,1996.256929730058,3.397517670906426,-0.4569499349546306,-0.4569296255086621,-0.3295845726028541
0.2,4,23,4023,64,161,0.12374154136455895,0.046877551536294394,0.04563869918475394,-0.010705791645715737,221.55716508559203,1.1796408365011526,-0.4293913404293118,-0.4292831749474157,-0.3167750552316303
0.2,6,23,4023,144,385,0.12369120871674985,0.22012041329520365,0.2159074600519535,0.04285983018124752,499.2235190931966,1.7735995902533834,-0.46230593713659096,-0.46246013026476834,-0.3358219091824699
0.2,8,23,4023,256,705,0.12003321714604615,0.22827440326629067,-0.22759617164426604,-0.017583681055310538,886.6516882994468,2.3346339460743386,-0.46235688154917415,-0.4621310946791207,-0.3287114233424788
0.2,10,23,4023,400,1121,0.11414773761007807,0.0644280760096478,-0.06438340372047024,-0.002398812971428254,1384.1905471829982,2.7723130908356057,-0.45740646738648216,-0.45739561632629366,-0.3268958905617735
0.2,12,23,4023,576,1633,0.1127924122086134,0.05029598999419298,-0.01660255384159015,-0.04747675026192357,1995.9756249307136,3.2705640875292263,-0.4307341321573538,-0.4307307403607804,-0.30714527245079964
0.2,4,24,4024,64,161,0.14777713540939302,0.19126652111995684,-0.18340632542604762,-0.054267871664969644,221.73487827191394,1.3734383976296087,-0.4981990326491272,-0.49641630329910563,-0.38209660070129214
0.2,6,24,4024,144,385,0.139780710237436,0.13038779764625594,-0.12866233497845903,0.021141933046242126,498.9530832324523,2.020196481180308,-0.49072509268399034,-0.4904598722169818,-0.35814520541557787
0.2,8,24,4024,256,705,0.13119803399613833,0.1039745342748072,0.10169940780413267,0.02163178748859597,886.3623085029095,2.5561022251550454,-0.49633775692145005,-0.49631585102249487,-0.35578738762779694
0.2,10,24,4024,400,1121,0.12527157363198693,0.4265953840226253,-0.42398243833583793,-0.04714354305955942,1386.5228061050645,3.0153987199934127,-0.4713290418602487,-0.4713432084938303,-0.3405285214245381
0.2,12,24,4024,576,1633,0.12718344340241833,0.06376880721016817,-0.055952638494622065,-0.030590243845019176,1995.2009199372233,3.7228677981511624,-0.48340723743138064,-0.4834174155692206,-0.34569736822071473
