beta,realization,seed,max_relative_junction_residual,N,pairs,local,regional,sum_W_real,sum_W_imag,area,null,corr,corr_centered,corr_centered_rms
0.0,0,5000,4.8073815231256556e-15,324,901,0.08929890829973104,0.17436426241599365,0.15384917188067915,-0.08205686028299364,1122.5461273135288,1.8103700392937965,-0.42148897165215704,-0.4216249515046529,-0.33929660979812004
0.02,0,5000,0.010000987675897315,324,901,0.10978780877095617,22.64403703246115,22.644008316242896,-0.03606246517567965,1122.5461273135288,2.208996673934573,0.11625364928984601,-0.42092921298977437,-0.33922018474114113
0.05,0,5000,0.02501563934804629,324,901,0.18758775588615914,56.37925664915575,56.37924703278624,0.032929127485317206,1122.5461273135288,3.6270507062050488,0.7968139788319458,-0.41783854268123977,-0.3370502576050883
0.1,0,5000,0.05012515831157886,324,901,0.35312744184104816,112.60474204275656,112.60464489369177,0.14791511525362502,1122.5461273135288,6.527520400066219,0.9570616667376335,-0.40791930279689265,-0.32835781596894437
0.2,0,5000,0.10100991378073436,324,901,0.6969557397014975,225.05575786744834,225.0554406155029,0.3778870907902377,1122.5461273135288,12.658573374363382,0.9912756099415893,-0.37360869563306875,-0.29635502078344006
0.4,0,5000,0.2062158665845941,324,901,1.389888686563935,449.95781208943487,449.957032059125,0.8378310418634864,1122.5461273135288,25.10778798891136,0.9981970225286474,-0.27821311368661217,-0.21157732611017865
0.0,1,5001,4.916841213588474e-15,324,901,0.09221052184186751,0.1296319938583586,0.08970058302277595,-0.09358557173553839,1122.4688963913472,1.889050899322075,-0.4190127634624589,-0.41901986137314085,-0.3326334980315214
0.02,1,5001,0.010000884853855243,324,901,0.1130806700781796,22.560201774410363,22.560071344577565,-0.07671394709339144,1122.4688963913472,2.2683439500795903,0.09700525639779173,-0.4163000067485214,-0.3311439288831428
0.05,1,5001,0.025015513038976846,324,901,0.19070742068598293,56.26565097041872,56.26562748690978,-0.05140651013019659,1122.4688963913472,3.6571699018445316,0.7585861992820242,-0.40984789758458884,-0.32670137728576065
0.1,1,5001,0.0501252658083126,324,901,0.35425949179405763,112.4415547694193,112.4415543907968,-0.00922744852483473,1122.4688963913472,6.536712215416047,0.9454415291222794,-0.39364885343804595,-0.3138349905137795
0.2,1,5001,0.10099710881607099,324,901,0.6969333465686032,224.7934207536946,224.79340819857083,0.07513067468584916,1122.4688963913472,12.652195299474494,0.9885582040058528,-0.3438126249829269,-0.2725537822354717
0.4,1,5001,0.20705615137670777,324,901,1.3888919764133463,449.49718195616344,449.49711581411884,0.2438469211072302,1122.4688963913472,25.086748744697886,0.9975856734745979,-0.22026195052661074,-0.1713393241153505
0.0,2,5002,4.477889148813448e-15,324,901,0.08538256252676676,0.10344654933732034,-0.0910978595617391,0.049013962837831326,1123.3569851751572,1.7306397213264666,-0.3953577816610378,-0.3953887286052865,-0.31844233312339054
0.02,2,5002,0.010000984957016922,324,901,0.10445747492629394,22.38138913955575,22.38136349087126,0.03388370875878241,1123.3569851751572,2.1337029084881016,0.16956696666285295,-0.3942615630645271,-0.31804033245393243
0.05,2,5002,0.025015520269306802,324,901,0.18510878761971433,56.09005663239304,56.090055516520785,0.011188327640194395,1123.3569851751572,3.5709495558191433,0.8192093324407932,-0.39057636320146316,-0.31525134130536697
0.1,2,5002,0.05012554003275373,324,901,0.3518361692242812,112.27121205256813,112.2712088926033,-0.02663730755744076,1123.3569851751572,6.48462425746241,0.9590528742741926,-0.37929143080599104,-0.3051917810604786
0.2,2,5002,0.1010172720202032,324,901,0.695695758247926,224.63353893370763,224.6335156447683,-0.10228857795270958,1123.3569851751572,12.620380590785633,0.9911351869331214,-0.3399610046288941,-0.26957529152459564
0.4,2,5002,0.20677442611422717,324,901,1.3881394553897888,449.35820070499807,449.35812914909843,-0.25359111874325213,1123.3569851751572,25.064448228297632,0.9980245975823676,-0.23400628750859198,-0.17796036079956842
0.0,3,5003,5.204752907591517e-15,324,901,0.09127169727152748,0.13443631449822646,-0.02810057632840124,-0.131466650774551,1122.1856812667468,1.8459636604843384,-0.4021393522073742,-0.4021438145527378,-0.3240587673684108
0.02,3,5003,0.010000986597471345,324,901,0.10976766928839067,22.437055234744097,22.436749276199315,-0.1171730511976891,1122.1856812667468,2.231190898311802,0.11779648705274103,-0.4049048152996905,-0.32459693929278494
0.05,3,5003,0.02501553563294949,324,901,0.1878627472969051,56.13410568760243,56.13402405499086,-0.09573265183239184,1122.1856812667468,3.632490596818885,0.7880271353843874,-0.4070273508582644,-0.3234548125012584
0.1,3,5003,0.05012545040434089,324,901,0.35256227073379476,112.296164714634,112.29614868631009,-0.0599986528902213,1122.1856812667468,6.5206203280529245,0.9551106218407274,-0.4047049099097738,-0.3166995918642943
0.2,3,5003,0.10101440836829902,324,901,0.6958414615056894,224.62039824176674,224.62039794894855,0.011469344994093356,1122.1856812667468,12.640165299368812,0.9905998439919544,-0.3790574079641813,-0.28905819041569625
0.4,3,5003,0.20723334140790964,324,901,1.3879479003627817,449.26892300734266,449.26889647422547,0.15440534076273918,1122.1856812667468,25.07423982055597,0.9979075072967964,-0.28699320180546073,-0.21296896946502186
0.0,4,5004,4.230077432183132e-15,324,901,0.09093624074021459,0.08906649384826473,0.07107992942944419,0.05367014028981304,1122.7677137250478,1.8347824586141575,-0.4032705568591404,-0.4032356260354116,-0.33324350496471733
0.02,4,5004,0.01000094094521746,324,901,0.1095548664267227,22.5220590621074,22.52203374341036,0.033770663882253665,1122.7677137250478,2.2235263854772422,0.11487050453650677,-0.4037385519902815,-0.33301029150997224
0.05,4,5004,0.025015611560892936,324,901,0.187393232996558,56.198464601198324,56.198464464381736,0.003921449270918531,1122.7677137250478,3.628395930509072,0.7960045655010729,-0.40228393729761813,-0.33038107584746723
0.1,4,5004,0.05012432589251086,324,901,0.3527878075995929,112.32585834774324,112.32584899933404,-0.0458272417479631,1122.7677137250478,6.517655325574733,0.953778034212834,-0.3942044260555594,-0.3203393269229435
0.2,4,5004,0.1010169320220667,324,901,0.6958583588277467,224.58066508853233,224.58061806923865,-0.1453246237857626,1122.7677137250478,12.6355138178466,0.9901030211784819,-0.35868297820279976,-0.2840954540760956
0.4,4,5004,0.20620901466653085,324,901,1.3874875279492696,449.09028820461907,449.0901562090478,-0.34431938786133254,1122.7677137250478,25.063876178941822,0.9978497907730739,-0.24804538271019394,-0.19133933527898295
0.0,5,5005,4.027473284543653e-15,324,901,0.09175544883698515,0.2097803748974096,-0.20971118860820104,0.005387305878938986,1122.7763616553957,1.8705846482371304,-0.4338984501244616,-0.43391814908746745,-0.34150367357864586
0.02,5,5005,0.010000976329182143,324,901,0.11115793849679564,22.270189593071606,22.270188456864766,-0.007113865490845278,1122.7763616553957,2.246027685001746,0.09041259645926014,-0.4333085481638758,-0.34106899322858486
0.05,5,5005,0.025015593959793463,324,901,0.1878137642547663,55.990043899622776,55.990037925074276,-0.025865622545499733,1122.7763616553957,3.6376317049586,0.7829559620633941,-0.42999550874049697,-0.3382090844405489
0.1,5,5005,0.05012513416469535,324,901,0.35266436245950056,112.18980157897799,112.18978703875673,-0.05711855096994711,1122.7763616553957,6.521524995594914,0.9519424902141709,-0.41885978466533513,-0.3280024447155052
0.2,5,5005,0.10101600757410924,324,901,0.6959480116546329,224.58931712427093,224.5892852661217,-0.11962440781880387,1122.7763616553957,12.641996480790393,0.989956055635886,-0.37980430902035445,-0.29214267238173364
0.4,5,5005,0.2077296651564043,324,901,1.3884196625924463,449.3883483078433,449.38828172085164,-0.2446361215165663,1122.7763616553957,25.083369087010766,0.9978354126897837,-0.2695846027164555,-0.2005608893285043
0.0,6,5006,4.466717762242534e-15,324,901,0.09089080074407821,0.06571291332975365,0.03495455538778325,-0.05564500009817691,1122.3690578884634,1.8449428316286398,-0.4292892719858507,-0.42921718273738435,-0.3455723549448752
0.02,6,5006,0.010000962914398653,324,901,0.10919976540461089,22.516431038791964,22.5164198629734,-0.022433879982649257,1122.3690578884634,2.2296373825621454,0.10700569585072674,-0.4278014498966727,-0.3451249236058204
0.05,6,5006,0.025015493189854365,324,901,0.1887761012688272,56.23862449074699,56.23861782435181,0.02738280019066275,1122.3690578884634,3.6317440355581674,0.7784482049366647,-0.423616256296743,-0.34241949085069695
0.1,6,5006,0.05012494640926588,324,901,0.3537969040358757,112.44233530111761,112.44228109331587,0.11041060047951368,1122.3690578884634,6.521674964244685,0.9487779195591615,-0.41160577272244536,-0.332759193361443
0.2,6,5006,0.10097279274351202,324,901,0.6969935595647099,224.84977759714306,224.84960763124397,0.27646620105720365,1122.3690578884634,12.644698109206507,0.9889986409020978,-0.3710280143847036,-0.2978380294281756
0.4,6,5006,0.20627119688376702,324,901,1.3894053853520332,449.66467253245213,449.66426070710014,0.6085774022125873,1122.3690578884634,25.085530273042064,0.997613901075929,-0.2555708995528438,-0.20294687530555233
0.0,7,5007,5.1949516550318805e-15,324,901,0.08787377286748108,0.2367832868370104,-0.23674468074166777,0.00427563631097666,1121.683007870875,1.7912320772937975,-0.4119903380481514,-0.4120365108547251,-0.33056882936981624
0.02,7,5007,0.010000966546462544,324,901,0.10714291253180952,22.15737354217918,22.157358234732968,0.026045064274996754,1121.683007870875,2.175652907217943,0.1335624930775015,-0.41105808414471173,-0.33083193289046803
0.05,7,5007,0.025015508772031562,324,901,0.18574187839523487,55.74854351097434,55.748512607944875,0.05869920622102087,1121.683007870875,3.583961773634636,0.8007353201855553,-0.406827636401225,-0.32888054804660277
0.1,7,5007,0.05012540609616263,324,901,0.35072552544349495,111.73382716114155,111.7337698966314,0.11312277613107011,1121.683007870875,6.472557991437312,0.9558436579727099,-0.3931453806704997,-0.3197737285563048
0.2,7,5007,0.10098917830219295,324,901,0.6930064399229733,223.7043945984743,223.70428447400445,0.22196991595117835,1121.683007870875,12.579003252257241,0.9907136584122216,-0.34936364305374257,-0.28462414627952065
0.4,7,5007,0.20612757989232772,324,901,1.3829123070603209,447.64552954138543,447.6453136287506,0.4396641955913775,1121.683007870875,24.97721798691392,0.9980124380566496,-0.24139530808729315,-0.1914691346444961
0.0,8,5008,5.0675147455968e-15,324,901,0.08517362483194087,0.22095990810760416,-0.16994178655897896,0.14121993546260853,1121.1982832087413,1.738159504275033,-0.39464855259389064,-0.39467595448034837,-0.3224254581508224
0.02,8,5008,0.010000984023127333,324,901,0.10659233391497984,22.20956147500579,22.20899775342984,0.1582393762928353,1121.1982832087413,2.130953863296945,0.15181241057391856,-0.39420323271774776,-0.32241394009930563
0.05,8,5008,0.02501546722204179,324,901,0.186564058289809,55.77770979157419,55.77740706341307,0.18376853753818018,1121.1982832087413,3.554571604116045,0.7940098491217236,-0.3911875574920038,-0.3201388532461782
0.1,8,5008,0.05012558178485819,324,901,0.35108038650405726,111.72498513471892,111.72475591338511,0.22631713961376368,1121.1982832087413,6.452129906233159,0.9536722225961716,-0.3803934812174764,-0.31059277979477795
0.2,8,5008,0.10101723437177255,324,901,0.6929402807670731,223.6196704523495,223.6194536133292,0.31141434376490845,1121.1982832087413,12.560399796107202,0.9901232723611519,-0.34184046012676295,-0.2741694716161508
0.4,8,5008,0.20743246339160634,324,901,1.3822642200153101,447.4091082245891,447.40884901321743,0.4816087520672109,1121.1982832087413,24.95206626714384,0.9979116547573573,-0.2285397806418898,-0.17576239666438154
0.0,9,5009,4.709676158327481e-15,324,901,0.08910285824045466,0.024193458615218735,-0.002234065327976431,-0.024090089079881694,1122.3381415459066,1.8100227007756706,-0.39225273218434087,-0.39225173607425634,-0.31377712198405355
0.02,9,5009,0.010000949321379179,324,901,0.10934437038953816,22.424912083669927,22.424909158317963,-0.011454322883836826,1122.3381415459066,2.199608627804799,0.13747933610919527,-0.3925497703944383,-0.3136961158393706
0.05,9,5009,0.025015518180257483,324,901,0.18716248211071218,56.06562449534107,56.065623993786886,0.007499326410237914,1122.3381415459066,3.6086156890532033,0.7937202446639673,-0.3902899358500042,-0.3114278406336534
0.1,9,5009,0.05012278496137297,324,901,0.3517332503363147,112.1334888658967,112.13348205290173,0.03908874190036257,1122.3381415459066,6.498998597233807,0.9572658845390116,-0.38014693824423923,-0.30226948788401
0.2,9,5009,0.1010166447921008,324,901,0.6945717528095844,224.26922148832344,224.26919817113142,0.102267572880613,1122.3381415459066,12.612437734347962,0.9913279508614905,-0.3417698707536301,-0.26825552954402626
0.4,9,5009,0.20689413077099722,324,901,1.3855828987834045,448.5406886737668,448.5406304075908,0.2286252348410912,1122.3381415459066,25.02746886950456,0.9981773547578701,-0.23413453701400794,-0.17869089401712474
0.0,10,5010,4.253022786284628e-15,324,901,0.08659425492198825,0.09829990457065248,0.08398806961670413,-0.051077151454041014,1121.2998494606186,1.7520359425384855,-0.4121497237752983,-0.41217936682784756,-0.33238336657379963
0.02,10,5010,0.010000997132930041,324,901,0.10735366504764032,22.517501179264436,22.517480673690102,-0.030388619052793275,1121.2998494606186,2.156912466492104,0.1517224767635396,-0.41322791951616844,-0.3328768288763803
0.05,10,5010,0.02501562230329687,324,901,0.1859017021358795,56.1677195834942,56.16771957980019,0.000644179549049495,1121.2998494606186,3.5875714510089627,0.8186363047150433,-0.4120362907784364,-0.3309837911742705
0.1,10,5010,0.050124882116133015,324,901,0.35180542280811467,112.25146330428699,112.25145108998366,0.05236551055214314,1121.2998494606186,6.492546426021847,0.9607504161078222,-0.4028058915873619,-0.32132903768589294
0.2,10,5010,0.10101618649896453,324,901,0.6949772618957195,224.41896819711022,224.4189141103506,0.15580817255833526,1121.2998494606186,12.615961836791437,0.99182295876364,-0.3610575165423702,-0.2836781675045314
0.4,10,5010,0.20615064540228709,324,901,1.386272804331833,448.75398671980355,448.75384015108455,0.36269349657071437,1121.2998494606186,25.039140869520978,0.9981767536362371,-0.24270621800959138,-0.1854251966701737
0.0,11,5011,4.676321251282546e-15,324,901,0.08987878576620756,0.18007196049098273,0.1729097445912049,-0.050280524862717293,1122.439441829135,1.8360896882477569,-0.41132146608436093,-0.41122442750421023,-0.32955667265745764
0.02,11,5011,0.010000998140836825,324,901,0.11071803261286535,22.612038946975478,22.61200160448943,-0.0410947454477385,1122.439441829135,2.227716963133686,0.11329067242490705,-0.4104920635979759,-0.32872956725354324
0.05,11,5011,0.02501562448929932,324,901,0.189142063385633,56.27064602450828,56.270639394336754,-0.027316076325283628,1122.439441829135,3.6326754659294274,0.7756663047408348,-0.40707329300634776,-0.32540060284853195
0.1,11,5011,0.05012456222992163,324,901,0.3533457192012213,112.36836912834386,112.36836904408231,-0.004351627787839679,1122.439441829135,6.51991638688429,0.9507782242286795,-0.3951829146642537,-0.3147023387916415
0.2,11,5011,0.10099871909767764,324,901,0.6960446314384275,224.56383219252214,224.56382834357345,0.04157726928704519,1122.439441829135,12.633245262224523,0.9892414466167708,-0.35350320167179666,-0.2785976446633628
0.4,11,5011,0.20669609553321291,324,901,1.3871725764199874,448.95476677185457,448.95474694255563,0.13343506343680117,1122.439441829135,25.052594947974573,0.997596869870312,-0.23958228713766813,-0.18709467721171283
0.0,12,5012,4.871851152968257e-15,324,901,0.08597258102892924,0.16580771359299395,-0.0012621450938885559,0.16580290973531883,1122.845431124794,1.7277358272466956,-0.39429368698613193,-0.39434261510512236,-0.32489072054014806
0.02,12,5012,0.010000970112297483,324,901,0.10604410782850922,22.480662296952524,22.47987545000804,0.18808790962858732,1122.845431124794,2.131073026742556,0.17168096531314847,-0.3936097653586893,-0.3241703122005998
0.05,12,5012,0.02501526736960913,324,901,0.18683592344737246,56.20201838629951,56.20158184266094,0.22151540946847292,1122.845431124794,3.5696354277519475,0.8073347827705255,-0.3905685331550284,-0.3210016094459973
0.1,12,5012,0.05012544307492569,324,901,0.35263490045042867,112.40476769950234,112.40442583041579,0.27722790920163565,1122.845431124794,6.484874718020624,0.9570597429643286,-0.38057008575687984,-0.31045231483565167
0.2,12,5012,0.100971078135779,324,901,0.696271016071583,224.81044975827206,224.81011380592545,0.3886529086679546,1122.845431124794,12.62293298803013,0.9911461510882034,-0.34428799567884855,-0.2737851600331455
0.4,12,5012,0.20636555243675173,324,901,1.3888687586729933,449.6219055907535,449.6214897569448,0.6115029076005924,1122.845431124794,25.07103978140249,0.9981918700748426,-0.2367478658003691,-0.17915193870762353
0.0,13,5013,5.205450022858113e-15,324,901,0.0889062207188201,0.0690941205176604,0.06538326770821312,0.022338885243116197,1122.1960816174699,1.8101623185181386,-0.42492915385937946,-0.42493241560715905,-0.33710356372014416
0.02,13,5013,0.010000992012913495,324,901,0.10858307478730225,22.471639221456535,22.47161831991137,-0.030649364221796843,1122.1960816174699,2.1964634189425034,0.1317159357674288,-0.42298501171676195,-0.33675316190040133
0.05,13,5013,0.025015643785423248,324,901,0.18842019334677562,56.08107903639488,56.08097089821611,-0.11013173841914367,1122.1960816174699,3.6026029957475756,0.7810355996379973,-0.4172618343846694,-0.3334376583155179
0.1,13,5013,0.05012449546759465,324,901,0.3527913048373042,112.09682105166823,112.09655852872399,-0.24260236208140865,1122.1960816174699,6.490221778010652,0.9484371578617367,-0.4004154452801153,-0.32082326905561454
0.2,13,5013,0.10101675682491705,324,901,0.6946988435779083,224.12830846245174,224.12773378973978,-0.5075436094059289,1122.1960816174699,12.599124908698071,0.9890888307510247,-0.3459144720827889,-0.2749557444041315
0.4,13,5013,0.20641938647661745,324,901,1.3847044145892398,448.1912849758617,448.19008431177133,-1.0374261040549604,1122.1960816174699,25.005477876375327,0.9977940084801002,-0.2102416854364988,-0.15960352800505878
0.0,14,5014,4.467750170512212e-15,324,901,0.08522894439961427,0.1599810002515404,0.028030155762595932,-0.15750628815830808,1121.8696355051793,1.7063677815568887,-0.3868142576488423,-0.38666419329674917,-0.32186452204674115
0.02,14,5014,0.010000977689299896,324,901,0.10454260780052191,22.47620092827485,22.47565353037262,-0.1568647533126296,1121.8696355051793,2.113991128620775,0.1839968578064778,-0.3869693959966063,-0.3211188576122981
0.05,14,5014,0.02501560066763694,324,901,0.18630218293262654,56.147305037414206,56.147088592287645,-0.155902451044112,1121.8696355051793,3.5574620400357846,0.8130700570698329,-0.38494720547925676,-0.31754886753648004
0.1,14,5014,0.0501246652020172,324,901,0.3523229032193373,112.26625306278486,112.2661470288127,-0.15429861392992064,1121.8696355051793,6.4731473137047795,0.9564199946013298,-0.3746909119835336,-0.3054647452611315
0.2,14,5014,0.10101717830401459,324,901,0.6954823857665063,224.5043147438136,224.50426390186283,-0.15109093970153484,1121.8696355051793,12.605578152428475,0.9906859029387545,-0.33222490908882957,-0.26372078145256483
0.4,14,5014,0.20627902990125965,324,901,1.387079410279405,448.9805209574679,448.98049764796303,-0.14467559124475604,1121.8696355051793,25.038482126524986,0.9979645615664511,-0.2068368571786867,-0.15987503091227523
0.0,15,5015,3.595580221090439e-15,324,901,0.08597383148196187,0.1410366439488387,-0.024875890724157745,-0.13882551997752884,1122.1779300653084,1.7458017252469167,-0.4064919328882843,-0.4065664910670908,-0.3301589997193781
0.02,15,5015,0.010000992208141593,324,901,0.10696232435532027,22.41033372366837,22.409836405603027,-0.1492979581138208,1122.1779300653084,2.1451438779086396,0.15505841633615253,-0.40565383441224667,-0.3296817661081688
0.05,15,5015,0.025015479165280022,324,901,0.18609928485986546,56.06214768098053,56.06190485009381,-0.1650066153182856,1122.1779300653084,3.5743055698671795,0.8131288980716158,-0.4019986820002222,-0.32681786711097677
0.1,15,5015,0.050124986440782136,324,901,0.3519097650188311,112.14884855632663,112.14868559091175,-0.1911877106590431,1122.1779300653084,6.479284745808884,0.9573267984830462,-0.3903878680235759,-0.3166977434355806
0.2,15,5015,0.10101904193796167,324,901,0.6949057734472964,224.32237928533024,224.32224707254767,-0.24354990134056237,1122.1779300653084,12.602578047407093,0.9908254238098816,-0.35050956444300013,-0.28105378072281056
0.4,15,5015,0.20688345778347847,324,901,1.3860522054016053,448.669505207692,448.66937003581955,-0.3482742827035986,1122.1779300653084,25.024872928735817,0.9980247354557792,-0.2486478676173932,-0.18978362933988008
0.0,16,5016,5.714747793427799e-15,324,901,0.09209494749893082,0.13573996706270822,0.12919346688470723,-0.04164596946278433,1122.1803872770663,1.8915747932872813,-0.4269944227171878,-0.4269043881742451,-0.3478049995831786
0.02,16,5016,0.010000935493673178,324,901,0.11277135687556722,22.575691040017166,22.575601685873213,-0.0635173606969835,1122.1803872770663,2.2655229199037965,0.08163137721157697,-0.4253545046085727,-0.3465805955785146
0.05,16,5016,0.025015525315779146,324,901,0.1901877105580989,56.24529649597285,56.24521401435593,-0.09632444754828977,1122.1803872770663,3.6489499919785295,0.7570822954835755,-0.421163589798035,-0.34286578502917636
0.1,16,5016,0.050125603183545156,324,901,0.3539993187489216,112.36133602864237,112.36123456182713,-0.15100292563378273,1122.1803872770663,6.523270819952315,0.9441145890535704,-0.4094346763807359,-0.331860018985432
0.2,16,5016,0.10100896971859094,324,901,0.6962920289841301,224.593426567889,224.5932756567696,-0.26035988180479896,1122.1803872770663,12.630671018863833,0.9882389759667514,-0.37122663967475533,-0.2951313952330689
0.4,16,5016,0.20793564276638274,324,901,1.3874067571357662,449.0576133948945,449.05735784665444,-0.4790737941468023,1122.1803872770663,25.05020499702286,0.9976651049159128,-0.2629076796485415,-0.19991715964142018
0.0,17,5017,4.867396355570929e-15,324,901,0.0899179960030407,0.06220181463231892,-0.022516757631666273,-0.05798328525799623,1123.1785684715512,1.839744998933416,-0.4203076655825236,-0.4202346619514694,-0.3361823047438233
0.02,17,5017,0.010000987374496178,324,901,0.10880071926623844,22.457246102620985,22.457240334251665,-0.016096066150433103,1123.1785684715512,2.2269791734851156,0.11134911336940904,-0.41967473641161374,-0.33558898125095293
0.05,17,5017,0.025015606203704507,324,901,0.1864137150872637,56.176895411904994,56.17687597207667,0.04673476251089681,1123.1785684715512,3.631764704295382,0.8052833554871565,-0.41632495239157996,-0.33246714323536314
0.1,17,5017,0.05012473251961325,324,901,0.35212751766362116,112.37637076044737,112.37626870178502,0.151452810279806,1123.1785684715512,6.523431403605686,0.9598452656660555,-0.4039713626507397,-0.32179989537534615
0.2,17,5017,0.10101495172196234,324,901,0.6960612247164556,224.77534387466415,224.77505416120172,0.36088890581762223,1123.1785684715512,12.647814424226379,0.9915565383093836,-0.3611817933951227,-0.28507354606510743
0.4,17,5017,0.206124252253546,324,901,1.3888121212120037,449.57330130772004,449.5726250800351,0.7797610968932542,1123.1785684715512,25.090157134241384,0.9980713906194355,-0.24980838795625446,-0.19192471202227596
0.0,18,5018,5.783962244411521e-15,324,901,0.08619574013551888,0.13256229927755073,-0.11096654274423079,-0.07252027013975973,1123.2552719792145,1.7744959619030536,-0.3990831363187618,-0.3990710849485292,-0.3199664496400192
0.02,18,5018,0.01000098499998463,324,901,0.10708780389210401,22.339359684979616,22.339180574437602,-0.08945612087648147,1123.2552719792145,2.1673937307321602,0.16054058196681165,-0.39735776805275774,-0.3184606151162705
0.05,18,5018,0.025015584453752623,324,901,0.18782476004787985,56.014519012622976,56.01440125021035,-0.11485989698157496,1123.2552719792145,3.587659137530573,0.7941182744899754,-0.3926381723606124,-0.31448142609663204
0.1,18,5018,0.05012555514026242,324,901,0.3525029941538132,112.13987922565579,112.13976904316495,-0.15719952382339283,1123.2552719792145,6.488115052899982,0.953173124643814,-0.379289745236574,-0.30362428980757744
0.2,18,5018,0.1010029438644487,324,901,0.6952998714178505,224.39063499405125,224.39050462907412,-0.24187877750703488,1123.2552719792145,12.61150049350123,0.9901378159069052,-0.337697557582617,-0.26999937296024407
0.4,18,5018,0.20681995713092746,324,901,1.3867984976460601,448.89216417145616,448.8919758008925,-0.4112372848742955,1123.2552719792145,25.039590260716782,0.9978973767772453,-0.23890749663156235,-0.1887898414216688
0.0,19,5019,4.8366477732152454e-15,324,901,0.08532396163423987,0.14489972237353732,-0.10801006446534345,-0.09659065958010923,1122.341819135092,1.7558395305804952,-0.43986813672032665,-0.44000224965155144,-0.3512068042391149
0.02,19,5019,0.010000975582139403,324,901,0.10474546242656595,22.333561694979924,22.333308924300816,-0.10625664788662048,1122.341819135092,2.149498598651837,0.144101176647851,-0.43749264228959706,-0.34994543997188027
0.05,19,5019,0.02501563519496846,324,901,0.18605926713126208,55.995417613990476,55.99528740745005,-0.12075563034639213,1122.341819135092,3.573778651916227,0.8038250438085537,-0.431174454852623,-0.3457981427398426
0.1,19,5019,0.05012482573171419,324,901,0.35175287989115883,112.09867855571235,112.09858487936543,-0.1449206011126678,1122.341819135092,6.476556839656624,0.9561744717020061,-0.4147243897999736,-0.333236115569901
0.2,19,5019,0.10100625304858889,324,901,0.6947702505783936,224.3052630708621,224.30517982319628,-0.19325054264522284,1122.341819135092,12.599543544594308,0.9909896681193766,-0.36405860113731103,-0.2915873250058543
0.4,19,5019,0.20677339252799432,324,901,1.386177569090189,448.7184633643071,448.7183697108578,-0.2899104257103233,1122.341819135092,25.02346088345479,0.998142304844343,-0.23612901009009363,-0.18632594457837368
0.0,20,5020,5.397611037715801e-15,324,901,0.086246922285067,0.0647192549319045,0.06347085125430763,0.012650415012733798,1123.0629616970516,1.749104742266533,-0.41698772556191566,-0.41700816341802516,-0.33593418886233495
0.02,20,5020,0.010000977990954054,324,901,0.10734761732904995,22.5129708189889,22.51294473423399,-0.034270832669541174,1123.0629616970516,2.1507493618327405,0.14306800595995822,-0.4165714608427658,-0.33591652090947555
0.05,20,5020,0.02501553756224543,324,901,0.18715340434358266,56.18725302029312,56.18715555870348,-0.10465270419294434,1123.0629616970516,3.5813739895969734,0.796582703799818,-0.4135715974575871,-0.33364351594448416
0.1,20,5020,0.0501251114992384,324,901,0.3526089066385105,112.31105958754371,112.31084026615264,-0.22195582339862824,1123.0629616970516,6.488173158684466,0.9541457502594378,-0.40254735686847676,-0.32417039937753483
0.2,20,5020,0.10099751246255595,324,901,0.6956713542069757,224.55867381171262,224.55820968105098,-0.4565620618099744,1123.0629616970516,12.615329190861619,0.9903688817681536,-0.36229510429856165,-0.2883304118308618
0.4,20,5020,0.20619945482873814,324,901,1.387211304968504,449.05390280542304,449.0529485108476,-0.9257745386326841,1123.0629616970516,25.04568142943012,0.9980389595079976,-0.25079303125512115,-0.19250829754988993
0.0,21,5021,3.9661482314050404e-15,324,901,0.09317258133796168,0.08312293649407677,0.014930164144738356,0.0817710998459082,1122.4975686209825,1.875993298932451,-0.4042370853703395,-0.4041831275905328,-0.32899157782807714
0.02,21,5021,0.010000934348809616,324,901,0.11260616007979592,22.45710768258489,22.456930334150066,0.08924928203561575,1122.4975686209825,2.2559091836550276,0.09790272151178278,-0.4034396503502845,-0.32846188210566174
0.05,21,5021,0.025015606113720442,324,901,0.1890183035656757,56.1200205172865,56.119930589158066,0.10046655532015722,1122.4975686209825,3.645774920748087,0.7721773659033058,-0.40080065372594,-0.3258601280660545
0.1,21,5021,0.05012541397060586,324,901,0.35308109285367334,112.22499427810342,112.2249310141714,0.11916201079439759,1122.4975686209825,6.523568822183344,0.9492795185270295,-0.3923477763401031,-0.31706398096233074
0.2,21,5021,0.10101002937332675,324,901,0.6955663990916947,224.43498646535602,224.43493186419806,0.15655292174290092,1122.4975686209825,12.631957704863014,0.9893946164636649,-0.36281117309435784,-0.28661722972856407
0.4,21,5021,0.20649683469354307,324,901,1.386729456708674,448.8549931778994,448.8549335642514,0.23133474363989245,1122.4975686209825,25.049961754372127,0.9977771439563595,-0.27521407835197587,-0.2075647815179449
0.0,22,5022,5.3558045974199325e-15,324,901,0.08582129089355298,0.11328858866774626,0.09224045701387462,0.0657723529471263,1122.0356124338082,1.733864189585212,-0.4046775591629243,-0.40465846317593906,-0.33243553642524676
0.02,22,5022,0.010000994927534155,324,901,0.10639231309450388,22.471697250832857,22.471469826505015,0.10109980001841318,1122.0356124338082,2.1349421088775626,0.15449182755618707,-0.40424037852651684,-0.3322783416933786
0.05,22,5022,0.025015516011744086,324,901,0.18739727102892692,56.04052572807717,56.0403138807417,0.15409097062534163,1122.0356124338082,3.5637638570286594,0.7900411729351801,-0.4012928018933272,-0.32975788143998136
0.1,22,5022,0.05012553027051827,324,901,0.35222604425086007,111.98864966354567,111.98838730446951,0.24240958830355772,1122.0356124338082,6.463553728078387,0.950088764913525,-0.3906649509949706,-0.31972018719160794
0.2,22,5022,0.10100834037544212,324,901,0.6938448252486817,223.88492631855536,223.88453415192515,0.4190468236599765,1122.0356124338082,12.573015279916103,0.9894678359749128,-0.35279356548300533,-0.28215126576632227
0.4,22,5022,0.20704629108366807,324,901,1.3830452292793718,447.67749404140017,447.67682784683655,0.772321294372848,1122.0356124338082,24.965634782471533,0.9978398694745315,-0.23948930299527246,-0.18289056195607556
0.0,23,5023,5.8165468862451996e-15,324,901,0.08944220996065484,0.20984981635990976,-0.20984617562156727,-0.0012361243020826418,1121.8888739838535,1.8517887474935195,-0.41917136076201905,-0.4190706120159795,-0.3315109439330663
0.02,23,5023,0.010000908939015805,324,901,0.1094256799066033,22.202048523673064,22.20202024221279,-0.03543743651614868,1121.8888739838535,2.225470051965293,0.11138968447690979,-0.41861654865668696,-0.33070522286453713
0.05,23,5023,0.025015583826330477,324,901,0.1869383417953581,55.819887261870875,55.81981986896431,-0.0867394048372685,1121.8888739838535,3.615204722215856,0.7864710889632816,-0.41594442603338166,-0.32774618785952037
0.1,23,5023,0.05012532024941439,324,901,0.35155675480413134,111.84961853608675,111.84948591355017,-0.17224268537244058,1121.8888739838535,6.492221446104369,0.951645235251991,-0.4063871158150109,-0.3184298167397672
0.2,23,5023,0.10101752989816548,324,901,0.6938862269759489,223.90908110083703,223.9088180027219,-0.3432492464428164,1121.8888739838535,12.594576573244584,0.989624640447586,-0.3708055382502513,-0.28689388989446096
0.4,23,5023,0.20701906464870412,324,901,1.3842005222786442,448.0280062384702,448.0274821810654,-0.6852623685835411,1121.8888739838535,24.996719877013838,0.9977697137060155,-0.2731095949870298,-0.2056007795136184
0.0,24,5024,5.6636537897197624e-15,324,901,0.08705940517601893,0.07397987752275244,-0.05401295683204399,-0.050553167779489386,1122.3879541218716,1.7640663466770394,-0.3973257400775217,-0.3972328536501185,-0.3232366915753271
0.02,24,5024,0.01000099729157246,324,901,0.1076616689475699,22.397053633957228,22.39703527862855,-0.028674208354637576,1122.3879541218716,2.158106007212222,0.1507162707359297,-0.39583955149453,-0.3215820700958411
0.05,24,5024,0.025015602962795595,324,901,0.18702257164894184,56.073607784963215,56.073607631819435,0.004144230782616998,1122.3879541218716,3.5815474954464257,0.7985610757151773,-0.39110720905675084,-0.31682024118300284
0.1,24,5024,0.05012447889649299,324,901,0.35254751310840077,112.20124364961175,112.20122822047091,0.058841629344738855,1122.3879541218716,6.484528814566298,0.95274125137571,-0.37668278742425176,-0.3032086278586212
0.2,24,5024,0.10101555648164642,324,901,0.6955356028577528,224.45653244672786,224.4564693977739,0.16823642646894843,1122.3879541218716,12.609941086736706,0.9897495798751695,-0.33000934338315213,-0.25970605289295184
0.4,24,5024,0.20692162796453173,324,901,1.3870657478310695,448.96711856767917,448.9669517523798,0.38702602071739534,1122.3879541218716,25.040099119546905,0.9977929788251328,-0.20027927255150565,-0.15341122854493547
0.0,25,5025,4.0707053667310624e-15,324,901,0.08836667027146175,0.06316393858072397,0.05793602260449937,-0.02516148687578712,1122.4126748735353,1.7791379557325475,-0.40275596081306614,-0.4027485165402935,-0.32629514002562043
0.02,25,5025,0.010000941081200409,324,901,0.1075427558301783,22.4838561110004,22.483849206479814,-0.017620455360929516,1122.4126748735353,2.173458102824349,0.14725037195317286,-0.4015489240100411,-0.3256757993960026
0.05,25,5025,0.025015582525835852,324,901,0.18699740863863884,56.12271933689355,56.12271898229276,-0.0063089080886477855,1122.4126748735353,3.5914539626662303,0.799374928144551,-0.39761930865801004,-0.32305004520981434
0.1,25,5025,0.05012484894353938,324,901,0.35246293767414655,112.18750264323411,112.18750194198098,0.012543670698493686,1122.4126748735353,6.4874916653314,0.953117158625765,-0.3864240392970718,-0.31435100892928863
0.2,25,5025,0.10100483885147353,324,901,0.6950948467326872,224.31707348942837,224.3170678613575,0.05024882827276618,1122.4126748735353,12.602894576859843,0.9899131957826377,-0.3518102778488148,-0.28373159187344543
0.4,25,5025,0.2069545921932602,324,901,1.3858615018294582,448.576217300487,448.57619970011046,0.12565914342132176,1122.4126748735353,25.015861388872633,0.9978323724249694,-0.2569890294026208,-0.20115301014666748
0.0,26,5026,5.0072711480493746e-15,324,901,0.08859568692558784,0.2104517398872857,-0.13331342082164666,0.16284184551403336,1122.6888879520725,1.8087150795307936,-0.4141577816904399,-0.41399281186705006,-0.3308113895008664
0.02,26,5026,0.01000095759604921,324,901,0.10919989478921843,22.34184262700755,22.3413767578551,0.14427935938163414,1122.6888879520725,2.195874907824831,0.11997907543630516,-0.4153902333136987,-0.33150349924756783
0.05,26,5026,0.02501559020364437,324,901,0.1869128841002291,56.053532957325245,56.053412025870216,0.11643563018304316,1122.6888879520725,3.607518803295638,0.7945817811566768,-0.41497139991222787,-0.3302037127445654
0.1,26,5026,0.05012548543969999,324,901,0.3519654904464243,112.24015931910726,112.24013747256208,0.07002941485205827,1122.6888879520725,6.504813813753694,0.9577155445315745,-0.4063205358451172,-0.3221771284419457
0.2,26,5026,0.10100713592370977,324,901,0.6955838505324916,224.61358952140978,224.61358836594582,-0.022783015809923188,1122.6888879520725,12.632356545685326,0.9913867414454619,-0.3677804335501993,-0.2891020066325814
0.4,26,5026,0.20669027137590112,324,901,1.3880750483279183,449.36053848121776,449.3604901527133,-0.2084078771338732,1122.6888879520725,25.075328912855213,0.9981809616096994,-0.26281819362311515,-0.19982943261208128
0.0,27,5027,4.31545090746903e-15,324,901,0.09204209562188345,0.13492690454845374,-0.1181199528430974,-0.06521461731369733,1121.3493833976781,1.8731414366443937,-0.42035388477961655,-0.4203445433689067,-0.34117467559911874
0.02,27,5027,0.010000978401114184,324,901,0.111673189687775,22.334438215109362,22.334398496197455,-0.04212122493780367,1121.3493833976781,2.2490978639848804,0.08613831691551116,-0.422233969882137,-0.3419433039169948
0.05,27,5027,0.025015644512037024,324,901,0.18778744958055932,56.013176669349704,56.01317616975831,-0.007481136373951661,1121.3493833976781,3.638121400924386,0.7817711219350367,-0.4226736068053864,-0.3410834989467601
0.1,27,5027,0.05012533645149096,324,901,0.3522808527459607,112.14448355148807,112.14447229235975,0.050252344565796775,1121.3493833976781,6.517098365105469,0.9534959775272875,-0.4169435711930758,-0.33454646403118127
0.2,27,5027,0.10101208259684857,324,901,0.695274068018572,224.4071257274472,224.40706453756258,0.1657193064452806,1121.3493833976781,12.628300934998055,0.9902383947935308,-0.38584844892202497,-0.3059453031299813
0.4,27,5027,0.20685553565823983,324,901,1.386900382011461,448.9324242590356,448.9322490279683,0.3966532302042659,1121.3493833976781,25.051732769422888,0.997910821549528,-0.28521056966644415,-0.2224076995720517
0.0,28,5028,4.9767225595025574e-15,324,901,0.08196996844177366,0.1203390568850248,-0.036271516231439094,-0.11474260639470277,1122.7801897845743,1.661376986582923,-0.40967884538737687,-0.4098564300348063,-0.3281842350147442
0.02,28,5028,0.010000868578377646,324,901,0.10292472592736117,22.396827398940633,22.396598892372396,-0.10117110319415448,1122.7801897845743,2.07297351982972,0.19744768795783083,-0.4082655207264404,-0.32761542704992896
0.05,28,5028,0.025015286448841656,324,901,0.18561052356847313,56.04596276889934,56.04590450527816,-0.08081384839334299,1122.7801897845743,3.527297553460786,0.8176158743936836,-0.4034827358373625,-0.3247846004319938
0.1,28,5028,0.05012531868522999,324,901,0.3520382203903656,112.12809032902283,112.12808052678776,-0.046885090391963286,1122.7801897845743,6.448794462044693,0.955264856782434,-0.38941234620100135,-0.3149530936262624
0.2,28,5028,0.10100075943558333,324,901,0.6949363885228218,224.29243355031852,224.29243256980698,0.020972425610762707,1122.7801897845743,12.580444996566232,0.9902045393472401,-0.34565339510191057,-0.27937195033375034
0.4,28,5028,0.20686975286774895,324,901,1.385913415383932,448.6211640185314,448.62113665584536,0.15668745761623815,1122.7801897845743,25.00380967442413,0.9979599103738487,-0.23281336426296653,-0.18270413841856928
0.0,29,5029,3.967689559022364e-15,324,901,0.0887793591044681,0.06085289804516768,-0.032028607860437486,0.05174208614868456,1121.8581759134472,1.8133236908000825,-0.42710495621836153,-0.42699302363931957,-0.3432298730164321
0.02,29,5029,0.01000093587561753,324,901,0.1087888455888845,22.35526297012604,22.355175782364707,0.06243559131736526,1121.8581759134472,2.1958782822459293,0.11432072417494485,-0.4252027415874698,-0.34212051992465264
0.05,29,5029,0.025015395103524626,324,901,0.18831905608202854,55.93603741684603,55.93598236770238,0.07847584907040021,1121.8581759134472,3.5975449990979023,0.7723629147769754,-0.4202149047744285,-0.33828892977893965
0.1,29,5029,0.05012515601665123,324,901,0.35217289236354465,111.90404280110704,111.9039933432652,0.10520961199209425,1121.8581759134472,6.480431010845084,0.9482500807367309,-0.4063701802415699,-0.3264264379273362
0.2,29,5029,0.10100857233019699,324,901,0.69385334920737,223.84007153641457,223.84001529439084,0.15867713783553097,1121.8581759134472,12.58180053794018,0.9889042639154556,-0.361133175868397,-0.2865615475517678
0.4,29,5029,0.2072351831359127,324,901,1.3832536705875267,447.71213798593044,447.71205919664214,0.26561218952236454,1121.8581759134472,24.974121974382605,0.9977146396715028,-0.24028951367561996,-0.18593957280765663
0.0,30,5030,4.839720801721448e-15,324,901,0.09214227610093671,0.14409125290071795,0.09211971135768504,-0.11079823077051118,1122.4569652541786,1.8547562231501318,-0.4161168081626542,-0.4162576007519155,-0.33775938165535113
0.02,30,5030,0.010000998853199973,324,901,0.11151556786025453,22.570029046544516,22.569870594287345,-0.084572566394128,1122.4569652541786,2.240577313285066,0.10615681321861846,-0.41557774630332817,-0.33710042919619787
0.05,30,5030,0.025015543142841223,324,901,0.18860337546036865,56.28651509462858,56.28649691868181,-0.0452340698295485,1122.4569652541786,3.6410017456211836,0.7834825632181176,-0.41247635072244837,-0.33415532376999263
0.1,30,5030,0.05012492374573497,324,901,0.35336766103111944,112.48087596326319,112.48087412600594,0.020330091111399884,1122.4569652541786,6.529090792584644,0.9529484134471898,-0.40210921305794284,-0.3243684089618781
0.2,30,5030,0.10101922166108707,324,901,0.6967121384116203,224.86967954720504,224.86962854065425,0.15145841299333854,1122.4569652541786,12.65066684866422,0.9901815127784291,-0.3678203179852886,-0.2905714680934516
0.4,30,5030,0.20713795486906078,324,901,1.3891287990118826,449.647327697096,449.6471373699508,0.41371505675718606,1122.4569652541786,25.090324422270534,0.9979091187680847,-0.26659936434714887,-0.20320864210546602
0.0,31,5031,5.486909702023117e-15,324,901,0.09631666619342487,0.16633800528243736,0.16330367776508048,0.031626584224966836,1121.6436295559022,1.9682360371273813,-0.4458240328303622,-0.44590874104844636,-0.35519533207929466
0.02,31,5031,0.010000975858465292,324,901,0.11513697252678112,22.626774286976758,22.62674833322866,0.034270957479341196,1121.6436295559022,2.3445778783645133,0.045521471085764625,-0.44733070455741386,-0.35596317044675146
0.05,31,5031,0.02501556586554708,324,901,0.1891207659123476,56.32192829634094,56.321915316424004,0.03823751736091638,1121.6436295559022,3.7135664057127378,0.7755145774626043,-0.4474904072444051,-0.3553047648997856
0.1,31,5031,0.050125583090571184,324,901,0.3529392087715736,112.48053589611249,112.48052695508292,0.044848450496854875,1121.6436295559022,6.575472319549076,0.9573268879129476,-0.44292025433343424,-0.34977338171533295
0.2,31,5031,0.10101176287391342,324,901,0.6963890509409392,224.79775773283532,224.79775023240074,0.05807031676878504,1121.6436295559022,12.677471082490053,0.9909455490889421,-0.41641057297829903,-0.32580023911105344
0.4,31,5031,0.20714513621109332,324,901,1.3885241392515097,449.43220473331235,449.43219678703645,0.08451404931258238,1121.6436295559022,25.100534013771917,0.9979127357682661,-0.32905328139997825,-0.25610244843604646
0.0,32,5032,4.522642608914005e-15,324,901,0.08681078782778436,0.2587250060056997,-0.08825980533234778,0.24320533607498296,1122.287914655515,1.7544459841541904,-0.4193338615222855,-0.4193423601755195,-0.34248490201280773
0.02,32,5032,0.01000094141614701,324,901,0.10613564684404471,22.341385781521794,22.340233703807534,0.22688476821080697,1122.287914655515,2.147602734886723,0.1403533305423223,-0.41818205178900936,-0.3417751014295749
0.05,32,5032,0.025015629796061072,324,901,0.18661100361849184,55.98333985743534,55.982973967517374,0.20240391641455796,1122.287914655515,3.570995268329684,0.7967446573467906,-0.4142029608409521,-0.33878381714851613
0.1,32,5032,0.05012559231864147,324,901,0.3518536343488064,112.05432427036584,112.05420774036708,0.16160249675411664,1122.287914655515,6.472097706472552,0.9541757575058141,-0.402419246878671,-0.3289229128052647
0.2,32,5032,0.10098643305602713,324,901,0.6945267586681039,224.19668955912604,224.19667528606652,0.07999965743325618,1122.287914655515,12.591524006856513,0.9904617729387835,-0.3609350237626779,-0.2945584525459035
0.4,32,5032,0.2055624830988184,324,901,1.3854232288041284,448.4816180960003,448.4816103774654,-0.08320602120847803,1122.287914655515,25.008172929032416,0.9980360862342205,-0.25321893201101214,-0.2038217296788451
0.0,33,5033,5.57439555664968e-15,324,901,0.08271985166962939,0.2014476898440183,0.1699521477870536,-0.10815470034196062,1122.5609471491923,1.672174754773862,-0.38780597999568395,-0.38756496175857424,-0.3172882497391185
0.02,33,5033,0.010000960086339179,324,901,0.10320630656283582,22.611214766935053,22.61087757541301,-0.12348484176932424,1122.5609471491923,2.0888525230067017,0.21169415007983894,-0.3855094112769316,-0.31618004778863323
0.05,33,5033,0.025015255790219647,324,901,0.18599260479402402,56.272456364674404,56.27226571685195,-0.14648005391039642,1122.5609471491923,3.5441495554161646,0.8239609649494953,-0.3799067570122286,-0.312115235705992
0.1,33,5033,0.05012556019374571,324,901,0.35231144010958054,112.37473124651042,112.37457928591685,-0.18480540747882573,1122.5609471491923,6.46651210707275,0.9594862274716032,-0.36395499257572,-0.2993016881774965
0.2,33,5033,0.10101230385242722,324,901,0.6955129224644135,224.5793586181829,224.57920642404662,-0.261456114615704,1122.5609471491923,12.601397130785415,0.9914967068517171,-0.3147408932288512,-0.2563760375980197
0.4,33,5033,0.20653570086474865,324,901,1.3869673295647083,448.98865226844896,448.9884607003062,-0.41475752888944395,1122.5609471491923,25.032649329840478,0.9981812374250815,-0.1928723859584385,-0.15204091734405634
0.0,34,5034,4.708467843176578e-15,324,901,0.0955372928213019,0.05554441503952563,0.024640797786666724,-0.04977964570504376,1121.5777191144002,1.9233353675836158,-0.4107426566496091,-0.4107493680094312,-0.338960847617497
0.02,34,5034,0.010000961996474487,324,901,0.11481424515662755,22.454654804922257,22.454567198504495,-0.06272428607946881,1121.5777191144002,2.2958714738288943,0.06810110101504561,-0.4116122971812921,-0.3388588446871126
0.05,34,5034,0.025015145182337294,324,901,0.18974156739289344,56.09951693546463,56.09945679958125,-0.08214124664110833,1121.5777191144002,3.6704516098897475,0.7602368215001408,-0.41062956578847126,-0.3365321098802975
0.1,34,5034,0.05012428424345269,324,901,0.35299989240920215,112.1743312412407,112.17427280137582,-0.11450284757715415,1121.5777191144002,6.536319605469129,0.9489395227724124,-0.4032359476252988,-0.32724407024222113
0.2,34,5034,0.10101486320048475,324,901,0.6953361708631147,224.3239764022646,224.32390480496494,-0.17922604944925988,1121.5777191144002,12.635694700066821,0.9891787647829909,-0.36964488515473537,-0.2928721421016277
0.4,34,5034,0.20688519758635115,324,901,1.386157144709981,448.6232750022363,448.62316881214326,-0.30867245319346637,1121.5777191144002,25.045449651576504,0.9976670385918227,-0.25978799123904667,-0.201040225969629
0.0,35,5035,4.6621982653821e-15,324,901,0.09526383072322891,0.0614298246240976,0.038037039439692055,0.04823698771700716,1123.0381342201474,1.9110470976812324,-0.393110394697949,-0.3931186616725871,-0.32270507076092864
0.02,35,5035,0.010000976695079593,324,901,0.1144139012533951,22.498056955649798,22.49800298857538,0.049277842034586766,1123.0381342201474,2.2827699457868573,0.09593247907658498,-0.392974877746617,-0.3221070002648581
0.05,35,5035,0.025015391790091837,324,901,0.19026576665283185,56.18797491201341,56.187951912278926,0.05083912351096748,1123.0381342201474,3.661537746776118,0.7676881091559691,-0.391091336972579,-0.3193935475518182
0.1,35,5035,0.050125587126675586,324,901,0.35364185878932886,112.33787949662906,112.33786678511817,0.05344125930490676,1123.0381342201474,6.533477512449207,0.9489661182309646,-0.38306334772005907,-0.3102474493290827
0.2,35,5035,0.10101164595757366,324,901,0.6963512271360706,224.6377041860083,224.63769653079663,0.05864553089281993,1123.0381342201474,12.641969945155452,0.9891909912648147,-0.3481927654282935,-0.2778759538848853
0.4,35,5035,0.2064316100758656,324,901,1.3879836449987717,449.23736132944276,449.23735602215356,0.06905407406864955,1123.0381342201474,25.067550744907532,0.9977866116867702,-0.24637767896731574,-0.19091353583488874
0.0,36,5036,4.075581982792204e-15,324,901,0.08129618211990207,0.09030347045649656,-0.08976059637465905,-0.009886966923829149,1122.9112994889158,1.6498483815283418,-0.35826123539847976,-0.3582788956907951,-0.28621707260910434
0.02,36,5036,0.01000098246910372,324,901,0.10271112190771718,22.33525686961762,22.33525492981346,-0.009308708002317062,1122.9112994889158,2.068063741780209,0.23750659336806854,-0.3563155547952716,-0.28458716738028067
0.05,36,5036,0.025015603263483503,324,901,0.18493463139332764,55.97277885561823,55.97277821909563,-0.008441319620054372,1122.9112994889158,3.528241913546216,0.8302529737675358,-0.3507064672106109,-0.27959573484407907
0.1,36,5036,0.050125001328944034,324,901,0.3512425231488961,112.03531725297667,112.03531703456594,-0.006995672316279414,1122.9112994889158,6.452845914550663,0.9606232659239152,-0.3349074138609549,-0.26520937605684236
0.2,36,5036,0.1009974661625532,324,901,0.6943530267297006,224.1603947030821,224.16039466550652,-0.004104377708709694,1122.9112994889158,12.586238255478085,0.9913232322086437,-0.28371664766827254,-0.22080805154016211
0.4,36,5036,0.20682222383686286,324,901,1.3853724856235865,448.4105499305281,448.41054992738765,0.0016782115064112313,1122.9112994889158,25.01064965994666,0.9979568474377448,-0.16041397083058656,-0.12123549891331013
0.0,37,5037,4.961082890552426e-15,324,901,0.08353912134912789,0.2412396060433129,0.2265171079891064,-0.08298522345685597,1123.7249751540687,1.6868245240915032,-0.4001076522867763,-0.4002166682313406,-0.3302583619718529
0.02,37,5037,0.010000996563891838,324,901,0.10539587005368464,22.755807781443306,22.75570676230589,-0.06780511737097127,1123.7249751540687,2.109151791765332,0.18487183998049023,-0.40086958223206914,-0.3309220930298267
0.05,37,5037,0.02501562618809773,324,901,0.18657836404891476,56.54950917627787,56.54949124378106,-0.04503495824215145,1123.7249751540687,3.5698937881549613,0.8253408548561098,-0.3994626416923215,-0.32940033389686596
0.1,37,5037,0.05012444314950624,324,901,0.3536037841626863,112.87246560191636,112.87246537957304,-0.0070846930274452435,1123.7249751540687,6.502249821473685,0.9611453984132319,-0.3911861570955065,-0.3205012952426191
0.2,37,5037,0.10101147758604821,324,901,0.6983514125984462,225.51842415056427,225.51841365115695,0.06881583740197235,1123.7249751540687,12.659325183464476,0.9916962827002875,-0.35568624811045274,-0.28374042578381664
0.4,37,5037,0.2063018155584388,324,901,1.3925842972965508,450.81036417691104,450.8103101943248,0.2206168982608016,1123.7249751540687,25.136690187902232,0.9981604841317255,-0.24008043755436423,-0.18161974146196094
0.0,38,5038,5.886373144900901e-15,324,901,0.09259536338425838,0.23557104278732324,-0.23175656425680424,0.04222097966400887,1122.7968608778253,1.8797194878524743,-0.42940948720741784,-0.42975949994851526,-0.3366861237620595
0.02,38,5038,0.010000986323237435,324,901,0.11089481738051815,22.220794416128548,22.22078373579116,0.02178648775650413,1122.7968608778253,2.250250270777386,0.08799019532241717,-0.4284359981472703,-0.3358848572801757
0.05,38,5038,0.025015620754665867,324,901,0.18783746110139288,55.89959488884372,55.89959418586314,-0.00886525010473202,1122.7968608778253,3.6345980805695954,0.7760879909187416,-0.4247629376214192,-0.33311183650923487
0.1,38,5038,0.05012502029838422,324,901,0.35233934433501435,112.03096097699601,112.03094493598304,-0.05995147987348021,1122.7968608778253,6.510871383675377,0.9495224152980999,-0.4145855435320639,-0.3245555870670848
0.2,38,5038,0.10100657990854743,324,901,0.6950959014136027,224.29370502943033,224.2936464362229,-0.16212393941095726,1122.7968608778253,12.620074779864547,0.9893494328153635,-0.381948507674146,-0.29566744646204024
0.4,38,5038,0.20636135804579597,324,901,1.3865422526200213,448.81919905089796,448.81904943670264,-0.36646885848591637,1122.7968608778253,25.04128973030689,0.9978428872735515,-0.29320318627144504,-0.2189752509211833
0.0,39,5039,5.0289720454226375e-15,324,901,0.09299673867239315,0.06172181897257608,0.06163884897352423,0.0031992553043674737,1123.565364276909,1.855182731813678,-0.3981454077565815,-0.39813347917292524,-0.3302856232864011
0.02,39,5039,0.010000974261600293,324,901,0.11135839205452862,22.507785242020656,22.50775333233151,-0.037900288159017956,1123.565364276909,2.23760032416217,0.10728674781075923,-0.3976870737426211,-0.33015820626279146
0.05,39,5039,0.02501559046313546,324,901,0.18861003432169104,56.177013261873626,56.17692505736851,-0.09954960335409471,1123.565364276909,3.6334979011394535,0.7812319765202115,-0.39567040507352375,-0.32843108104823765
0.1,39,5039,0.05012517608177742,324,901,0.35329660192569695,112.29239348959746,112.29221126576347,-0.20229846201253143,1123.565364276909,6.515774891628436,0.9494887641967873,-0.3887743663319005,-0.3216477156278224
0.2,39,5039,0.10100715976218298,324,901,0.6959505032366441,224.5231540182138,224.52278368255344,-0.4077961793294387,1123.565364276909,12.626899364247498,0.9890626495864409,-0.36328403640305357,-0.29605172201619445
0.4,39,5039,0.2071844948745859,324,901,1.3872129020254296,448.984675112066,448.98392851613335,-0.8187916139632561,1123.565364276909,25.04623833487292,0.9976743414643573,-0.2863947121388625,-0.22369077912465582
