beta,parameter,realization,seed,N,pairs,local,regional,sum_W_real,sum_W_imag,area,null,corr,corr_centered,corr_centered_rms
0.0,4,0,6000,64,161,0.08840274555380292,0.06687575125637497,-0.06571385514954775,-0.012411903459534163,222.15357885831577,0.7969590864179692,-0.3865955753350712,-0.38667552553222867,-0.3059940134159904
0.0,6,0,6000,144,385,0.08311001918183679,0.043345286551614744,0.04165289640484815,0.01199375201213456,499.0589967966619,1.1283985104770609,-0.3879156949019654,-0.38780565951866736,-0.30379913807022296
0.0,8,0,6000,256,705,0.08721688503351545,0.15105348073443087,-0.03501579467914784,0.14693892664973035,887.4572105702215,1.586653771303641,-0.3860420592888262,-0.38611708864075145,-0.30220589901013994
0.0,10,0,6000,400,1121,0.08912621093262203,0.18685479286067483,-0.1612985397802884,0.09432653221523842,1384.9325666856773,2.0184837721253284,-0.4038478139031121,-0.40384450172920505,-0.32253497023464195
0.0,12,0,6000,576,1633,0.08982650613474245,0.16167320880479516,0.13725172752691295,-0.08544114779260018,1995.6837977355926,2.4478730727509657,-0.4102164379527905,-0.4102318024286996,-0.3277748072708366
0.1,4,0,6000,64,161,0.3528634365690446,22.150331670708674,22.1502485851751,-0.060669080660483946,222.15357885831577,2.8895248742393176,0.9508423349450756,-0.35983581941004794,-0.2893589887426903
0.1,6,0,6000,144,385,0.3516395957098612,49.822315800099894,49.822231981301904,-0.09138974899416759,499.0589967966619,4.3127747634254785,0.957636606422949,-0.35901583172767604,-0.2842281452857503
0.1,8,0,6000,256,705,0.35218995949490417,88.65790724558872,88.65788824342047,-0.05804640022546027,887.4572105702215,5.778256438569339,0.9563018610257744,-0.3642976366770234,-0.28559030823441967
0.1,10,0,6000,400,1121,0.3513028800009335,138.18471803689982,138.18465883790657,0.12790929942035373,1384.9325666856773,7.21717821792029,0.9564248597831924,-0.3904769145697519,-0.31144174596286234
0.1,12,0,6000,576,1633,0.352593537832294,199.72986474561466,199.7297963620772,-0.16527693336136054,1995.6837977355926,8.695715140353865,0.9559794023590056,-0.3954508873250819,-0.3161597384982845
0.4,4,0,6000,64,161,1.3890732650398234,88.79837355634439,88.79813590614904,-0.2054406122633475,222.15357885831577,11.149265749135584,0.9976190114726713,-0.22220197690414512,-0.17728363973963618
0.4,6,0,6000,144,385,1.3845260725975161,199.16437401405298,199.16396923599308,-0.4015402520130781,499.0589967966619,16.665738642937058,0.9977984995045941,-0.1812187951101283,-0.1438236668779342
0.4,8,0,6000,256,705,1.3871463197872043,354.73723876350635,354.73660035771934,-0.6730023808510432,887.4572105702215,22.2688855319476,0.9978094740972547,-0.20035468709519558,-0.1551824613161486
0.4,10,0,6000,400,1121,1.3844478370024742,553.2225782252757,553.2225309709672,0.228657601035667,1384.9325666856773,27.789116577935577,0.9978695006288472,-0.2507499177862944,-0.19352658955155871
0.4,12,0,6000,576,1633,1.3876243155445798,798.5075328635905,798.5074302657281,-0.4047842900676774,1995.6837977355926,33.42448032669569,0.9979453183772274,-0.25607029143528887,-0.19892798195055036
0.0,4,1,6001,64,161,0.08670475288642432,0.06690352198030176,0.06447386174544167,-0.017866236453108787,221.74061721447944,0.7630905176892779,-0.3760342855826523,-0.3759207267244427,-0.30776957882065625
0.0,6,1,6001,144,385,0.08514369578128195,0.06437822608747894,0.042572801661112436,-0.04829195122268446,498.05615329041086,1.1244727269496315,-0.40111395974022884,-0.4011918790494227,-0.33089555160033063
0.0,8,1,6001,256,705,0.08489922856779852,0.19412847559788055,-0.09885275095618296,-0.16707482954159125,886.8279100890195,1.5024723713499133,-0.3893865244069902,-0.3893572872180368,-0.32322069385226115
0.0,10,1,6001,400,1121,0.08474696057468696,0.06655528821301596,0.03648313981138962,-0.05566495215681244,1385.5488333946423,1.8957215396944167,-0.39187251172726073,-0.39187042503935626,-0.3198662512867054
0.0,12,1,6001,576,1633,0.08579244039977779,0.17408200990077613,-0.17398952321134997,-0.005673798003191816,1995.6956425800797,2.3168492705132073,-0.40978092689882284,-0.4098025639663827,-0.33155956508447654
0.1,4,1,6001,64,161,0.35265133508148755,22.22879018751237,22.228770995521664,0.029210085605654745,221.74061721447944,2.8862519607910313,0.9606481310501893,-0.36491510509966346,-0.2939807362195338
0.1,6,1,6001,144,385,0.35061672178886,49.78213648674211,49.78213410585481,-0.015396470611997316,498.05615329041086,4.305621859773306,0.9620860133664136,-0.4010502231307459,-0.3222073136180165
0.1,8,1,6001,256,705,0.3514227979588176,88.68418055755961,88.68368554291172,-0.29631012771334797,886.8279100890195,5.75253801545324,0.9622223444158976,-0.38281963160970806,-0.310601177155131
0.1,10,1,6001,400,1121,0.351642774143154,138.58970302435316,138.5897020312791,-0.016590951595223682,1385.5488333946423,7.1930111444344265,0.9616700358816967,-0.38427221072402395,-0.3085486345078143
0.1,12,1,6001,576,1633,0.35193359063516283,199.48759172218558,199.4875802249485,-0.06772822267355472,1995.6956425800797,8.639369589335843,0.9582346203306275,-0.4013409765540788,-0.32146245809142543
0.4,4,1,6001,64,161,1.3878391119526678,88.72182610795983,88.72166239685035,0.17043905178195473,221.74061721447944,11.13295051710967,0.9976422107601766,-0.20769341354933762,-0.16552425476440613
0.4,6,1,6001,144,385,1.3832611755454978,199.00083544856275,199.0008180184359,0.08328997122007992,498.05615329041086,16.648343619913206,0.9980048535429357,-0.23619688764135707,-0.1780685144420692
0.4,8,1,6001,256,705,1.3881238894382175,355.0319593487904,355.0313004245154,-0.6840160222286212,886.8279100890195,22.27511792749641,0.9980527157211423,-0.22742920632037986,-0.17027388706421828
0.4,10,1,6001,400,1121,1.3868393079142185,554.2493678411083,554.2493587056822,0.10063105008950401,1385.5488333946423,27.818792828965375,0.9981687016840605,-0.22440789648749346,-0.1708820923791904
0.4,12,1,6001,576,1633,1.3874903305548405,798.4723298345674,798.472289469428,-0.2538914966846959,1995.6956425800797,33.398334705104936,0.998062459135865,-0.24990359392189188,-0.1908345531638863
0.0,4,2,6002,64,161,0.08898681116177765,0.0980663074687932,-0.08425740213582866,-0.05017659659527679,221.44544044412328,0.7918437560080025,-0.42625899986463944,-0.4264057799626744,-0.35680549435680625
0.0,6,2,6002,144,385,0.0822981486076435,0.14024877419253445,0.1401850079353899,-0.004228736532722752,498.5050158365556,1.1311303788355647,-0.4304909004291272,-0.43059702828494284,-0.3536893415217195
0.0,8,2,6002,256,705,0.08644185469439478,0.1907328352972813,-0.18078700498959765,0.06078711448515245,886.7419752995903,1.5847081426685115,-0.4236891289394428,-0.42368612832731567,-0.3420234249793748
0.0,10,2,6002,400,1121,0.0894612914107558,0.04538532299737301,-0.0445848615347364,0.0084863222602172,1386.0446466150981,2.039617865103951,-0.43430924438621826,-0.4343112985254012,-0.3511234241579589
0.0,12,2,6002,576,1633,0.09024054434034018,0.10522465767739117,0.006409490969835119,0.10502926739167402,1994.2916313539645,2.4666130522476024,-0.4333978460442059,-0.43343050345446577,-0.3475801006395296
0.1,4,2,6002,64,161,0.3504577112958055,22.09478561270983,22.094770569241803,-0.02578302107229434,221.44544044412328,2.8799956269388356,0.9600192118705939,-0.41940163705882727,-0.3468458370450357
0.1,6,2,6002,144,385,0.35153239855582513,49.87667268660649,49.876660607923874,0.034711508942029554,498.5050158365556,4.313452012435686,0.9600326420388293,-0.40520922229660966,-0.3370043867294723
0.1,8,2,6002,256,705,0.3516677001449995,88.52876497819256,88.52872108644031,0.08815533625162877,886.7419752995903,5.7634792526140135,0.9567201310247576,-0.40684836522596135,-0.33189572656211047
0.1,10,2,6002,400,1121,0.35284883908947395,138.4856683245357,138.48564169437282,-0.08588242602392104,1386.0446466150981,7.225093876699441,0.9498239290447691,-0.41566718444835005,-0.3381142546197119
0.1,12,2,6002,576,1633,0.352648511136911,199.34674389484695,199.34658853237772,0.2488814589035327,1994.2916313539645,8.673617514602226,0.9500114847704193,-0.4157824527724869,-0.33436683131708145
0.4,4,2,6002,64,161,1.3862329219949827,88.63186715682231,88.63185448337471,0.04739770549667016,221.44544044412328,11.125157523460288,0.9979930221354344,-0.31938187842746013,-0.24672858672796638
0.4,6,2,6002,144,385,1.383810271764538,199.0861450764546,199.08608740788932,0.15153224536629475,498.5050158365556,16.65157809085996,0.9980562243800728,-0.2440692099656087,-0.19580711943234647
0.4,8,2,6002,256,705,1.3867072038441302,354.65728622901463,354.65724536073003,0.17026000155107912,886.7419752995903,22.254979583911794,0.9980512447499859,-0.2629884423412567,-0.21168571838289085
0.4,10,2,6002,400,1121,1.3865956883366477,554.0764442265989,554.0763213620955,-0.36898867087629394,1386.0446466150981,27.816686551451042,0.9978603354628741,-0.27055348036034643,-0.21420216032839942
0.4,12,2,6002,576,1633,1.3857204501942395,797.367415984493,797.3671256566013,0.6804380334391812,1994.2916313539645,33.36122342721916,0.9978409674225058,-0.27449044372573017,-0.21402470016070613
0.0,4,3,6003,64,161,0.08798735523195467,0.08690897840353438,-0.05238879705132904,-0.06934395770837329,221.91742739783615,0.7972108351530097,-0.4438342215786669,-0.4447677329350901,-0.3529189295832524
0.0,6,3,6003,144,385,0.08749532991898068,0.12357011704757283,-0.11063852469347246,-0.055033541416146706,499.26768362408876,1.1787862662954425,-0.42631860351939527,-0.42702980599421164,-0.34067705955546435
0.0,8,3,6003,256,705,0.08861930099052945,0.0402644751757621,-0.028057568407172884,0.028879072288707203,886.8443542082138,1.5860620201242546,-0.4062180163304636,-0.4062652180541821,-0.33181000921135245
0.0,10,3,6003,400,1121,0.08902922913405618,0.0736561793365018,-0.006989191779045445,0.07332382936485682,1385.157791791861,1.99953798676714,-0.4023106575493537,-0.4023143590174578,-0.32605561394266713
0.0,12,3,6003,576,1633,0.09146972080551877,0.1430381419319599,-0.12026875775419654,0.07742955479408296,1994.1819751366702,2.4695844464885783,-0.4102670397169128,-0.410327311287875,-0.33288166175386114
0.1,4,3,6003,64,161,0.35123187590565197,22.162589618584903,22.16232503070495,-0.10829513006677378,221.91742739783615,2.891833001038848,0.9611288961975157,-0.4482347002348755,-0.34566913605108907
0.1,6,3,6003,144,385,0.35118209334946254,49.780259865973456,49.7802108839643,-0.06983317184544041,499.26768362408876,4.318914664992805,0.9590880317221487,-0.4257587612718236,-0.33386099008265935
0.1,8,3,6003,256,705,0.3521070838180494,88.61959611440155,88.61933385384536,-0.2155986557248945,886.8443542082138,5.76689401559089,0.9542369728121314,-0.39966656799962474,-0.3211922777314997
0.1,10,3,6003,400,1121,0.3524046101752413,138.57742229900074,138.57741810241922,0.03410429426429688,1385.157791791861,7.219834939703093,0.9545133311269208,-0.3961427862319162,-0.3157167069073397
0.1,12,3,6003,576,1633,0.35200077865698476,199.02485575060143,199.02479105789592,0.1604708963474918,1994.1819751366702,8.66730618865442,0.9517362237399293,-0.404047988219581,-0.32335717663098235
0.4,4,3,6003,64,161,1.3883513503046923,88.80675192017135,88.80646651397379,-0.22514864714197416,221.91742739783615,11.15198277369344,0.9987308674047931,-0.4070479772036289,-0.26650251157797156
0.4,6,3,6003,144,385,1.386058749669499,199.452791821852,199.45275910993757,-0.11423206313333717,499.26768362408876,16.68867544571156,0.998474538334476,-0.3371706728140722,-0.23661408380045898
0.4,8,3,6003,256,705,1.3861826235422035,354.5627782243778,354.561508120603,-0.9490318397657305,886.8443542082138,22.250508265649287,0.9981375164414529,-0.27913098054049607,-0.19994026736301754
0.4,10,3,6003,400,1121,1.3871091681191536,554.3306462820888,554.3306399850142,-0.08355431103744315,1385.157791791861,27.830265255597254,0.9980097525228006,-0.26881184761417415,-0.19810976772707584
0.4,12,3,6003,576,1633,1.3841512664935702,796.4600758258883,796.4599705048462,0.40959492100765227,1994.1819751366702,33.33206094637704,0.9978016367168528,-0.28203888657074894,-0.21218239845356213
0.0,4,4,6004,64,161,0.08721618518999116,0.09399305762322525,-0.031264304400928644,-0.08864106357489748,221.5032070633734,0.795676101083445,-0.4410912048407919,-0.4420182641183561,-0.33393897478700985
0.0,6,4,6004,144,385,0.08423960689193737,0.12402684127372327,0.07816040857833162,-0.09629957366055994,499.04642017513095,1.160460833915967,-0.43731588510099406,-0.43725951386865813,-0.33123613486885706
0.0,8,4,6004,256,705,0.08974627723897463,0.12998392665244746,-0.09639560891896792,0.0871992417921752,886.7422708991902,1.6160836430471694,-0.426090913446237,-0.4259146972112755,-0.33953326437985065
0.0,10,4,6004,400,1121,0.08884882328684833,0.045566672280232694,0.0180541167499908,0.041837429307640644,1385.828989750404,2.0031501409794883,-0.4242394308712678,-0.42423955335881064,-0.341900415766418
0.0,12,4,6004,576,1633,0.0886347458359307,0.17888998957007493,0.17362141841413603,0.04309560808533772,1996.277493750809,2.3899560773010267,-0.4227710370184263,-0.42277473647894714,-0.34379260239546106
0.1,4,4,6004,64,161,0.3523543431416616,22.07536377523459,22.07531075087985,-0.048384512273323466,221.5032070633734,2.8783163712518287,0.9485753139717223,-0.41141076998230675,-0.31186132899092983
0.1,6,4,6004,144,385,0.3539950881355788,49.975580217532965,49.975123571917365,-0.21364000248433998,499.04642017513095,4.329288049228921,0.9472043003991895,-0.40754403964472824,-0.3089820365594917
0.1,8,4,6004,256,705,0.35303382848716114,88.50751959268146,88.5075193554544,-0.006480181878515859,886.7422708991902,5.7685752942844415,0.945061371180737,-0.40899075878463476,-0.3237900714246507
0.1,10,4,6004,400,1121,0.3532900664183492,138.56983016476005,138.56982095692592,-0.05051589788723991,1385.828989750404,7.217351667409616,0.9478356755786171,-0.4119434862499447,-0.33005140398922705
0.1,12,4,6004,576,1633,0.3534517273806328,199.72446336803017,199.7244602212021,0.03545415474492908,1996.277493750809,8.66660254636428,0.9489652715544238,-0.4082718638849555,-0.32913462257846887
0.4,4,4,6004,64,161,1.38313507649733,88.39506555417746,88.39503591672216,0.07238514163138843,221.5032070633734,11.096923138166067,0.9970966541557961,-0.2229748794920315,-0.17212508278831834
0.4,6,4,6004,144,385,1.3882007974123285,199.6668143301295,199.66601306193448,-0.5656612889556859,499.04642017513095,16.702139313558117,0.9973057684310039,-0.2323660487585754,-0.17900744129379276
0.4,8,4,6004,256,705,1.385624172571363,354.31938090444885,354.3192642485745,-0.2875184528905796,886.7422708991902,22.232866892120196,0.9974316495787627,-0.2554228451489481,-0.19733098981044997
0.4,10,4,6004,400,1121,1.387023934697521,554.2252182846385,554.2251214774537,-0.32757587947187305,1385.828989750404,27.81964608990794,0.997667710207558,-0.25476023601230763,-0.19567370632191325
0.4,12,4,6004,576,1633,1.387477608855455,798.3769767278877,798.3769766295659,0.01252979472370297,1996.277493750809,33.397633774516464,0.9977280417067009,-0.24855578474825663,-0.18969597800191568
0.0,4,5,6005,64,161,0.08622946135314707,0.07380356009044851,-0.0733127987311919,0.008497000895856824,222.4444475535702,0.7806259100995047,-0.4017232830274097,-0.4019267740507859,-0.3173553188241011
0.0,6,5,6005,144,385,0.08138023891745194,0.15206656851443348,0.10319950664245336,-0.11168752431900851,498.4469183679686,1.0974031496066219,-0.40363015731330704,-0.4033967279684051,-0.331202980838382
0.0,8,5,6005,256,705,0.08147903870472119,0.09008749788546595,0.02910987229596884,-0.0852547512469318,886.7264612293491,1.4683658792835774,-0.40106293663851855,-0.4010846033463107,-0.32752543165022596
0.0,10,5,6005,400,1121,0.0859571835373042,0.09064347527027734,0.04955177788911058,0.07590033542153574,1385.8117765326638,1.9358600145616396,-0.4112518448243739,-0.41120645954659274,-0.3344819125849191
0.0,12,5,6005,576,1633,0.08933134991456122,0.05123401760710857,-0.0018315519499854105,0.05120126929696192,1996.8033342121705,2.4250011241846097,-0.41125349876128126,-0.411241342663619,-0.3397083951694744
0.1,4,5,6005,64,161,0.3534076342459952,22.22146968580043,22.221446886519086,-0.031831848181127054,222.4444475535702,2.8932639827554016,0.9553287875630655,-0.34801749679645233,-0.2855928038577706
0.1,6,5,6005,144,385,0.3510902264434191,49.850172270709194,49.8501290635828,-0.0656335548438753,498.4469183679686,4.306158743713232,0.9622063257238946,-0.3832191403535436,-0.31437399371743635
0.1,8,5,6005,256,705,0.3514168345493666,88.670155997462,88.67011102906109,-0.08930122185421868,886.7264612293491,5.746606516499377,0.9632862753639266,-0.3875586146348611,-0.3144998303670246
0.1,10,5,6005,400,1121,0.3521413183294766,138.6242009612232,138.62413676286263,0.13341247600025485,1385.8117765326638,7.210435142069081,0.9584761061728436,-0.39485334093422525,-0.3215433263033933
0.1,12,5,6005,576,1633,0.3526360955095358,199.71206286983792,199.7119187914911,-0.2398923653776151,1996.8033342121705,8.686022811493174,0.955286462271913,-0.3994443470312964,-0.3280257879408502
0.4,4,5,6005,64,161,1.3939465869574037,89.10585698572731,89.10572594226991,-0.15281839541208106,222.4444475535702,11.18730704672687,0.9975854358799903,-0.16587253267924018,-0.13565427447928236
0.4,6,5,6005,144,385,1.383822544033102,199.0909309453578,199.09091773440383,0.07252835358151044,498.4469183679686,16.656240814638174,0.9980942878448523,-0.22791982003042618,-0.1789434347391856
0.4,8,5,6005,256,705,1.3863857335278875,354.59312900922924,354.5931144993565,-0.10144063367612569,886.7264612293491,22.248389175630084,0.9981771810346973,-0.24744027821368647,-0.19018186814571844
0.4,10,5,6005,400,1121,1.3871645579558214,554.3479761455608,554.3478917177833,0.30594889773639194,1385.8117765326638,27.829487797955903,0.9979842725923356,-0.2582571845574177,-0.20214146041962913
0.4,12,5,6005,576,1633,1.3882489226504386,798.8539454049709,798.8531698218143,-1.11317326940136,1996.8033342121705,33.43058858215997,0.9979032363483471,-0.26884669998886346,-0.20920660908188518
0.0,4,6,6006,64,161,0.08800050748961413,0.08673548820052515,0.04013424657322506,0.07689139851363747,220.78493599105008,0.7761748138344684,-0.429120010132803,-0.4278095019522902,-0.34017828012514134
0.0,6,6,6006,144,385,0.08343191540984285,0.20420877613332622,-0.17789727865888327,-0.100268551877618,498.87948380891896,1.1282508344290485,-0.4340888899413814,-0.4350883562768537,-0.3384258323482898
0.0,8,6,6006,256,705,0.08841437917929354,0.10027418074170306,0.07483063080164909,-0.06674794391774941,885.8690541628742,1.588023685832912,-0.42503121284108797,-0.42494892328592343,-0.3414644859994514
0.0,10,6,6006,400,1121,0.09053213490235358,0.05070542997438653,-0.017155576922396776,0.04771505851769589,1385.3100367278864,2.0270589089341406,-0.4247268814649274,-0.42472829565438214,-0.3485213408371089
0.0,12,6,6006,576,1633,0.08870648643201601,0.04084435442248342,0.038476368054998655,0.013705122746101916,1995.3209812051166,2.386135891100347,-0.42080436622977174,-0.4207896231664344,-0.3445031867961747
0.1,4,6,6006,64,161,0.3512694563533534,22.276777105832206,22.275748564446147,0.21406568268969778,220.78493599105008,2.9042786102875415,0.9785977799497045,-0.4241136309475434,-0.3286413078814144
0.1,6,6,6006,144,385,0.34973374167333227,49.72380472361546,49.723445436518105,-0.18902410917694235,498.87948380891896,4.303325635571311,0.9678534002774632,-0.4270255181830008,-0.3311311825671617
0.1,8,6,6006,256,705,0.35199986129198657,88.70062254656848,88.70055369663426,0.11051723537934605,885.8690541628742,5.7758153367432605,0.959466326200197,-0.4121619763824506,-0.33002469190248207
0.1,10,6,6006,400,1121,0.3525705393428273,138.6798668056649,138.67982724516037,0.10474965122986843,1385.3100367278864,7.234886505880827,0.9554205090234825,-0.4143933119235905,-0.3365588719422956
0.1,12,6,6006,576,1633,0.3521464932752183,199.46872622955232,199.46855955029207,0.2578654138885325,1995.3209812051166,8.657321134850859,0.9556006380558556,-0.4091665388105092,-0.3325116420524075
0.4,4,6,6006,64,161,1.3915101014009197,88.98479057842528,88.98259151806496,0.6255885352178706,220.78493599105008,11.175225860212997,0.9986060782366566,-0.2934525868749459,-0.2236093056947435
0.4,6,6,6006,144,385,1.3860132648154524,199.42799329335443,199.4274735820491,-0.4552907810749358,498.87948380891896,16.685378280177986,0.9984587247047342,-0.29198451978294143,-0.2130782279291894
0.4,8,6,6006,256,705,1.3862636812166675,354.57830466412724,354.5777228941321,0.6423127732706125,885.8690541628742,22.255786801980502,0.998254197217921,-0.25434733616738886,-0.19187938482551864
0.4,10,6,6006,400,1121,1.3881756792254654,554.7708442938873,554.7707757114086,0.2758534293663711,1385.3100367278864,27.85886675457338,0.9980985199247124,-0.27593952106111835,-0.20710847336265248
0.4,12,6,6006,576,1633,1.3862584672719673,797.759423809984,797.7588090970032,0.9903462873158071,1995.3209812051166,33.37649641166596,0.9980906084764302,-0.270445720369981,-0.20450986270554455
0.0,4,7,6007,64,161,0.09218484127786264,0.1492638362263339,0.01734187943864729,0.14825300004565592,222.10406435104466,0.8312636627361516,-0.4306123702666951,-0.43089320055446645,-0.34695546592104254
0.0,6,7,6007,144,385,0.08544750954898206,0.08838916450697742,0.046306048461418836,0.07528873938465332,498.4972971519271,1.1523319261448943,-0.40589924907320146,-0.4059104362237788,-0.32552588308293795
0.0,8,7,6007,256,705,0.0854178426232402,0.09100833941912669,0.08463091775973375,0.03346827756207587,887.1254880752821,1.5432863556463183,-0.4239694477549601,-0.42398420338308024,-0.33704688221192963
0.0,10,7,6007,400,1121,0.08667024360828247,0.15555225064144243,0.06534315437075211,-0.14116222885920365,1384.6989780319795,1.9734972145876908,-0.4227676408404546,-0.42273550133812365,-0.33907601079475314
0.0,12,7,6007,576,1633,0.08704891580888346,0.14433230325301563,-0.1274630101399965,0.06771258973316276,1995.2291529292045,2.37755914993509,-0.4199108071554594,-0.41990018259170825,-0.3378874000995624
0.1,4,7,6007,64,161,0.35295614913035905,22.235976970862822,22.235967590829766,0.020424208920125225,222.10406435104466,2.911104275246363,0.9581871648474756,-0.4180050345501863,-0.3294090341734164
0.1,6,7,6007,144,385,0.35222340500781013,50.00627232669596,50.006193541738796,0.0887664229270993,498.4972971519271,4.333456419478231,0.9616933086700876,-0.39510532918743146,-0.3106730826186597
0.1,8,7,6007,256,705,0.3524391843322724,88.9251987266176,88.9251226021122,-0.11635621059929524,887.1254880752821,5.777585501868545,0.9607000514810056,-0.4063396909042502,-0.32193359146110884
0.1,10,7,6007,400,1121,0.35212761437562584,138.52438308792475,138.5243411266782,0.10782073003611371,1384.6989780319795,7.209630942488934,0.9560482260464397,-0.4043221440104032,-0.32334588690797866
0.1,12,7,6007,576,1633,0.3522949121326373,199.4131029927326,199.41279181701907,0.3522852997084335,1995.2291529292045,8.64958862538722,0.9537280558664976,-0.40185458151812586,-0.3234119969863419
0.4,4,7,6007,64,161,1.3902825452171879,88.89258615176708,88.89184472500315,-0.3630621644564718,222.10406435104466,11.164840950371968,0.9978846875485033,-0.2928284399508732,-0.21502203588657376
0.4,6,7,6007,144,385,1.389340569011787,199.88589777665695,199.88585602157093,0.1291994735544404,498.4972971519271,16.724372427129317,0.9981091242120258,-0.25936669756748587,-0.1920033416943546
0.4,8,7,6007,256,705,1.3895494934830226,355.4470480224265,355.4465976551695,-0.5658296750833935,887.1254880752821,22.302959569293446,0.9982600678193321,-0.2559565230136113,-0.19300896361024342
0.4,10,7,6007,400,1121,1.3859242790210033,553.9019945750002,553.9013350436005,0.8547696067220966,1384.6989780319795,27.804584296259375,0.9981853757670132,-0.25348742354411885,-0.19205610124639452
0.4,12,7,6007,576,1633,1.3867078903722747,798.0344675655917,798.0335562984963,1.2060034296342264,1995.2291529292045,33.38173157472364,0.9980778846666969,-0.2514285433701022,-0.19117029167931082
0.0,4,8,6008,64,161,0.0998362744451186,0.02053666537999344,-0.01650644211426977,0.012218510288004934,222.43472693034178,0.903928055208016,-0.4720145781848731,-0.4719483200347551,-0.37254179387295017
0.0,6,8,6008,144,385,0.09369633029939756,0.0692178319795763,-0.010852282301761385,0.06836180390244052,498.2621588536488,1.2732370079104542,-0.4535811879933816,-0.4537015598141732,-0.358776450070723
0.0,8,8,6008,256,705,0.09483233566993182,0.04596214388782087,0.010925337957373493,-0.04464477193672203,885.9311789821413,1.6886681526260474,-0.43413666544153434,-0.43412894028398963,-0.35376333344820354
0.0,10,8,6008,400,1121,0.09157356764208707,0.00558481336311751,-0.002564934016398457,-0.004960973069104285,1385.8628262340412,2.0568098803593395,-0.43064417450646614,-0.4306414807263365,-0.3486464058091419
0.0,12,8,6008,576,1633,0.08885170629654945,0.09296096083208685,-0.09090910197477475,0.019423578891769433,1994.3023301724968,2.409238173187578,-0.4182672866037485,-0.41825279320171704,-0.33560795026160745
0.1,4,8,6008,64,161,0.3543128427789779,22.175362992348823,22.17533242327457,-0.03682064232771852,222.43472693034178,2.916583572381819,0.9401745889638369,-0.4703093668384494,-0.3653778188431156
0.1,6,8,6008,144,385,0.35243017965112133,49.659883414712056,49.65973722938242,0.12049510978829295,498.2621588536488,4.331972402551928,0.9403915798807159,-0.4432646214494032,-0.34686998802857394
0.1,8,8,6008,256,705,0.35417749497881,88.75424300175956,88.75414470564573,0.1320923339384198,885.9311789821413,5.803034291424696,0.9437064470815927,-0.4183917722772964,-0.33850765898819307
0.1,10,8,6008,400,1121,0.3530446706075358,138.50016101585805,138.50007554690336,0.15386656773089674,1385.8628262340412,7.231189579758149,0.9476143570517032,-0.4172837090048145,-0.3352350622924328
0.1,12,8,6008,576,1633,0.35242305977462973,199.16952357713038,199.16945413338152,0.1663194273797045,1994.3023301724968,8.650003136346106,0.9497659802608165,-0.40128939685662196,-0.31925405566266857
0.4,4,8,6008,64,161,1.3880042410384332,88.75103962712957,88.75084901944109,-0.1839381001748854,222.43472693034178,11.143177839919407,0.9979684972649159,-0.372708976835834,-0.2678780642600813
0.4,6,8,6008,144,385,1.3811993588504665,198.67169872320554,198.67150576443498,0.2768950274458493,498.2621588536488,16.625113736369247,0.997580460360368,-0.3176683305003165,-0.2291923131419755
0.4,8,8,6008,256,705,1.3882361695324188,354.984420647809,354.98380280871083,0.662303651563863,885.9311789821413,22.28034023915868,0.9976000757750108,-0.2732245237196351,-0.20549384821101066
0.4,10,8,6008,400,1121,1.3864581311944528,554.00835559457,554.0079969896626,0.6303491901309402,1385.8628262340412,27.815528517417746,0.9977368600067966,-0.27644044916135796,-0.2087939204260331
0.4,12,8,6008,576,1633,1.3850372389862073,796.9507750064998,796.9505438394503,0.6070069728435676,1994.3023301724968,33.34201852589484,0.9977786332154276,-0.2390737645981058,-0.17948070852380718
0.0,4,9,6009,64,161,0.08736384978459585,0.07088055677094916,0.032252693207110994,0.06311748655521482,222.0864206151028,0.7870170435945469,-0.464235125395479,-0.46326214183734177,-0.3716843063505255
0.0,6,9,6009,144,385,0.08693816486048005,0.09441938997652823,0.02880940474299054,0.08991684715276817,499.07075049056357,1.178054809906447,-0.44450133979937234,-0.4441185015777555,-0.35584288377725587
0.0,8,9,6009,256,705,0.08779309075262717,0.24240483249593503,-0.22123979569234864,-0.09906086825477632,886.4786221843005,1.5838578024423737,-0.4476825653788426,-0.44787667089445465,-0.3596094507500119
0.0,10,9,6009,400,1121,0.08594014730729174,0.032725166487910066,0.0238512125163739,0.022406610255908885,1385.986276264735,1.9437697023416094,-0.4218442830898196,-0.42184459585241985,-0.340150510707305
0.0,12,9,6009,576,1633,0.08655193829349526,0.053386074253318136,0.027973811149521577,0.045470196986066594,1994.3035833416097,2.3557436243383907,-0.42026821741074827,-0.42028746476568235,-0.335883266597023
0.1,4,9,6009,64,161,0.3531435680019941,22.183052029169943,22.18300010502843,-0.04799655372339262,222.0864206151028,2.8783458321247593,0.9457066883977883,-0.451910313611318,-0.35184175614015123
0.1,6,9,6009,144,385,0.3537693311216551,49.94949466141631,49.94949015295142,0.021222418942579653,499.07075049056357,4.324671033062296,0.9479938328373488,-0.4326066600188545,-0.33885137211289745
0.1,8,9,6009,256,705,0.35186968782646366,88.29606134320439,88.29585333088525,-0.19165931678843517,886.4786221843005,5.7387461682171965,0.9472018056363015,-0.4458409979893787,-0.34883830963575857
0.1,10,9,6009,400,1121,0.35304639166002105,138.60853711573702,138.60846275800952,-0.14357306897761368,1385.986276264735,7.198235084348114,0.949942425859384,-0.4122268927744261,-0.3252320496090665
0.1,12,9,6009,576,1633,0.35269685820922203,199.41251000823115,199.412329736275,0.26813603640452555,1994.3035833416097,8.642569270335546,0.9506704811876543,-0.4120822650946933,-0.32249418245836764
0.4,4,9,6009,64,161,1.3862005111065168,88.63606266042353,88.63524234049238,-0.3813386745592238,222.0864206151028,11.114534420973358,0.9978004197340735,-0.24817122691663493,-0.17561547070820602
0.4,6,9,6009,144,385,1.3882177730250114,199.71161795481004,199.71153239757672,-0.18486086568800442,499.07075049056357,16.699010180474172,0.9978122933140375,-0.2609654732577641,-0.18822526378508334
0.4,8,9,6009,256,705,1.3836002092860902,353.8474441269935,353.84713271061804,-0.46945466238942585,886.4786221843005,22.191611885882544,0.9977551249892278,-0.2888367800685267,-0.2120137455784568
0.4,10,9,6009,400,1121,1.3872616236413569,554.3626685756166,554.362297394489,-0.6415121066781962,1385.986276264735,27.81524131795512,0.9977652192568743,-0.25564001932161107,-0.1903268598120528
0.4,12,9,6009,576,1633,1.3860517674189694,797.5659468996597,797.5653975116514,0.9361335546598873,1994.3035833416097,33.358366140865066,0.9977413334831349,-0.2599741081424524,-0.19179626863067392
0.0,4,10,6010,64,161,0.08999933730618276,0.07025279480571835,-0.03588647494186992,-0.060395497301213685,221.30661197730714,0.8095500338198536,-0.474749826329122,-0.47549695607660597,-0.38142086374749024
0.0,6,10,6010,144,385,0.08248978981340455,0.05884913584132727,-0.014574181183474533,-0.05701591034178308,498.5879747343218,1.1221803713113931,-0.4167328820050735,-0.41680414775652974,-0.33774507818455696
0.0,8,10,6010,256,705,0.0886534703064642,0.04928029493054992,0.018389824744150296,0.04572047478232724,886.7035285878832,1.6246761212968945,-0.41258090577710954,-0.4125559378829405,-0.33179041192695513
0.0,10,10,6010,400,1121,0.08843997297085884,0.13383915505507984,0.10407959673268197,-0.08414485706102304,1386.2327901685017,2.0129095928802014,-0.4218966969105029,-0.4219392819317238,-0.3385890692864321
0.0,12,10,6010,576,1633,0.08786336767416297,0.04020543099931807,0.03903072541994934,-0.00964775388541017,1995.2544513295902,2.3964146962177257,-0.4150350582219481,-0.41505216750655516,-0.3310774724519196
0.1,4,10,6010,64,161,0.35025762715268105,22.071798982304376,22.071692834182528,-0.06845252915836007,221.30661197730714,2.8803931506350144,0.9581913651520356,-0.46004459709742324,-0.36487658333763334
0.1,6,10,6010,144,385,0.3515846623997751,49.78825097063971,49.78813226314992,0.10872195038618623,498.5879747343218,4.301499478738057,0.9567646552537634,-0.3953916495870991,-0.3200695849650549
0.1,8,10,6010,256,705,0.35297155047589135,88.64759509594,88.64758998588648,-0.03009963264752162,886.7035285878832,5.777511064097037,0.951290448787649,-0.39657934440319625,-0.3176333555837351
0.1,10,10,6010,400,1121,0.35282204683536667,138.5586202696961,138.5584076477605,-0.24273680985364537,1386.2327901685017,7.22009797494044,0.9501187348949984,-0.40753165141026637,-0.32700876611346547
0.1,12,10,6010,576,1633,0.35255715107314123,199.4628847579822,199.46287224940835,-0.07063987753392761,1995.2544513295902,8.660683311426244,0.9525445802186346,-0.39998963330579346,-0.31859973274728537
0.4,4,10,6010,64,161,1.3824697022152992,88.39447928912375,88.39443076155572,-0.09262362472978389,221.30661197730714,11.0949917783664,0.9980860612503892,-0.3452783126246373,-0.254319590330986
0.4,6,10,6010,144,385,1.3847117464013228,199.19717319235824,199.1962515961501,0.6059355325700844,498.5879747343218,16.659024418999696,0.9979886987378825,-0.22631369979001975,-0.17271198870737486
0.4,8,10,6010,256,705,1.3863419038098859,354.5352840243729,354.5351904693135,-0.2575599549370674,886.7035285878832,22.247865681821587,0.9978303883364036,-0.238216950046877,-0.18021726400806198
0.4,10,10,6010,400,1121,1.3861943022685153,553.9218578058087,553.921391800844,-0.718512668231538,1386.2327901685017,27.808054384103873,0.9978190046528546,-0.25358008963826734,-0.1948476696661522
0.4,12,10,6010,576,1633,1.3863498619049754,797.7344371362956,797.7343968213736,-0.25361624847948555,1995.2544513295902,33.377103051190225,0.9978519487149813,-0.2429263308620185,-0.1848547827131457
0.0,4,11,6011,64,161,0.08561104096306314,0.05586026969544536,-0.04178171314639201,0.037076383008601374,220.88034561770536,0.7673311581754785,-0.39024797690308366,-0.3887094873037836,-0.31686087586666983
0.0,6,11,6011,144,385,0.08337384625859422,0.16622111740563586,0.006075824431345911,0.16611003650910935,498.78358949345744,1.127397608682987,-0.38143016902519383,-0.38121402040193053,-0.3050753118689244
0.0,8,11,6011,256,705,0.08662155615504606,0.2356645005268469,-0.01855952557734364,-0.23493254525270046,887.6115566840432,1.5620829076602867,-0.3970307289660651,-0.39698031463753386,-0.3139212624597028
0.0,10,11,6011,400,1121,0.0851785835947129,0.0003532911201794551,9.302817617262704e-05,-0.00034082308319074994,1385.2734393679523,1.9068429323895946,-0.39310275453312776,-0.39310301535892905,-0.315251562704168
0.0,12,11,6011,576,1633,0.0847152525868076,0.011079419277045045,0.00672143151243354,-0.008807717635132425,1996.3303859044377,2.286945914825849,-0.4023392778695591,-0.4023434636972295,-0.3234002216297061
0.1,4,11,6011,64,161,0.34966681045815773,22.066837036079736,22.066790024682433,-0.04554979117563775,220.88034561770536,2.871877308991632,0.9643105916100351,-0.36562427263195124,-0.29633327989016367
0.1,6,11,6011,144,385,0.35120774914195935,49.91934402358886,49.91932403905908,0.04466798446233686,498.78358949345744,4.318336393629455,0.9669807307228078,-0.36570460384510706,-0.28965232600918134
0.1,8,11,6011,256,705,0.3518724263551472,88.77241623351806,88.7713460326039,-0.43589849355158206,887.6115566840432,5.776621265190561,0.9633987122747537,-0.38957310382523846,-0.30466900545272835
0.1,10,11,6011,400,1121,0.35166112078087736,138.70119015629433,138.7011757663212,-0.06318079290405731,1385.2734393679523,7.207630827026597,0.9636192250296438,-0.386638701781039,-0.30712126788440797
0.1,12,11,6011,576,1633,0.35151116227265167,199.68136637834422,199.68113907924277,-0.3012884641686674,1996.3303859044377,8.645550296758582,0.9637533356832333,-0.3962918371815173,-0.3132972693258126
0.4,4,11,6011,64,161,1.3823606479039998,88.39299227006072,88.3925052381689,-0.29342831372833883,220.88034561770536,11.09637495510231,0.9983975414920694,-0.24241057769242463,-0.17316358132330134
0.4,6,11,6011,144,385,1.3876995889758454,199.65932457234902,199.65906868294235,-0.3196581716779767,498.78358949345744,16.703675869696472,0.9983224338019709,-0.21383668336856035,-0.15951138635295056
0.4,8,11,6011,256,705,1.3883830245972213,355.1425819563108,355.1410627071476,-1.038796338448227,887.6115566840432,22.290621938175175,0.99835151966348,-0.2556082963357221,-0.18936379246411356
0.4,10,11,6011,400,1121,1.3880838000431441,554.8044810758672,554.8044239807563,-0.25170070236663533,1385.2734393679523,27.854399293010076,0.9983730883676537,-0.24840896653172104,-0.1875960342125537
0.4,12,11,6011,576,1633,1.3877364990507743,798.7052618093846,798.7043920224338,-1.1787307037692263,1996.3303859044377,33.41595122311043,0.998355245538559,-0.24089373960879193,-0.1798199802318465
0.0,4,12,6012,64,161,0.09944888034284873,0.1532334127139334,-0.11554290896519692,0.10064946577016125,221.88260909423747,0.9118854454474283,-0.41618092637061455,-0.41773738025346163,-0.34154885684363206
0.0,6,12,6012,144,385,0.0895469161842873,0.07899006094740098,0.07109987677579088,-0.03441274837820242,498.37133886422265,1.2314617631315918,-0.41302780491238267,-0.41287860478259375,-0.3364037132465834
0.0,8,12,6012,256,705,0.08950784042897067,0.1344695304749232,-0.038731104656678284,-0.1287709445419258,886.8243079468649,1.6114693299444875,-0.41066533608259687,-0.4106544066765167,-0.3348817973838368
0.0,10,12,6012,400,1121,0.08997879503980862,0.1091806871388866,-0.09746259422364201,-0.049208385172825386,1386.933653361245,2.061367640095689,-0.40465971672007656,-0.40470978747116054,-0.3292055600313402
0.0,12,12,6012,576,1633,0.09040737195793143,0.14647064246593128,0.044252135787063995,0.13962592016766057,1994.9605927295793,2.50216050998625,-0.41318952026766065,-0.41319641620406233,-0.3296926365671617
0.1,4,12,6012,64,161,0.35462503526524636,22.06404692329183,22.064032971219305,0.0248128630155839,221.88260909423747,2.9025260967352766,0.9166643230378749,-0.38093004657001817,-0.3124240406580451
0.1,6,12,6012,144,385,0.3532905975888932,49.81130312777936,49.811300861973095,-0.015024164543633811,498.37133886422265,4.328703227446522,0.9404441554107886,-0.38669631558715933,-0.3131582365307736
0.1,8,12,6012,256,705,0.35266730914403166,88.57264476335378,88.57264462606793,-0.004931484873800809,886.8243079468649,5.765316795382443,0.9479996572280371,-0.38917745654442426,-0.3150680302722954
0.1,10,12,6012,400,1121,0.3530115564603618,138.54502617264325,138.54501808975965,-0.047325326940195006,1386.933653361245,7.235165796013918,0.9495677048834781,-0.3902760839621442,-0.31425822860397573
0.1,12,12,6012,576,1633,0.3534228667929377,199.4421051395196,199.44200033942408,0.2044580454605587,1994.9605927295793,8.686477716648938,0.9461225937592169,-0.39265187491551207,-0.3131495064715714
0.4,4,12,6012,64,161,1.3862922369906776,88.60299246683901,88.60276061177281,-0.20269694524816098,221.88260909423747,11.122313367610305,0.9964104623056654,-0.20891125748157208,-0.16288056754740116
0.4,6,12,6012,144,385,1.3836083610559673,199.03190849318855,199.03190381756502,0.043141586960051215,498.37133886422265,16.647463519558663,0.9974527996673117,-0.22354521832660587,-0.17207731086709105
0.4,8,12,6012,256,705,1.3857432990960938,354.4069614110002,354.40677181824174,0.3665868941305501,886.8243079468649,22.232331334491555,0.9978038925074759,-0.2267550697614867,-0.1758832048504597
0.4,10,12,6012,400,1121,1.3875823461483412,554.4724617079746,554.4724601417096,-0.0416761522423465,1386.933653361245,27.840276411643412,0.9977819507670673,-0.257639459586858,-0.19509664982188157
0.4,12,12,6012,576,1633,1.3862712939921011,797.6353447231457,797.6352449503352,0.39895442133920195,1994.9605927295793,33.37662856395353,0.9976544700374282,-0.25153387449894543,-0.1918433849514264
0.0,4,13,6013,64,161,0.08860064774868531,0.11292976560553807,0.1112849132947682,0.019204167065970196,222.0960042584076,0.8086486761330393,-0.40416445194044437,-0.40368391973775447,-0.3240957163948864
0.0,6,13,6013,144,385,0.08468908838054949,0.05934974630639957,-0.05802838053487269,0.01245389252940611,498.9247969674275,1.1671065119152244,-0.41531789228578064,-0.41516547251198177,-0.324922831059519
0.0,8,13,6013,256,705,0.08598448432925496,0.04888930308097165,0.048597464892835784,-0.005333888050259139,886.9483698273743,1.5637448959602922,-0.3961345924729484,-0.39615999506225014,-0.31766164649679907
0.0,10,13,6013,400,1121,0.08898329656000209,0.08985168194607719,-0.08968721821381953,0.0054339338978067475,1385.1537748336505,2.020873039865592,-0.41596332645017386,-0.4159465469144913,-0.33332870818011096
0.0,12,13,6013,576,1633,0.08810414307146017,0.08707745219516805,0.025168907970955612,0.08336071468234509,1993.7249463054984,2.3985119218435216,-0.4119697924799632,-0.4119367449088598,-0.33149357713770133
0.1,4,13,6013,64,161,0.35637378527315466,22.3470646483298,22.347054738942816,-0.021044983365263843,222.0960042584076,2.9066781085092463,0.9412074487444722,-0.3889262719465631,-0.31154315495450785
0.1,6,13,6013,144,385,0.3534387365704178,49.91184419447729,49.91184273916147,0.012053007534544774,498.9247969674275,4.320271088792657,0.9472735121937849,-0.4024940560527502,-0.3096230142722061
0.1,8,13,6013,256,705,0.3533821410992477,88.80047512639922,88.80047411324604,-0.013414058544391344,886.9483698273743,5.769138181283416,0.9508267426463829,-0.38309407439430354,-0.30387375464241273
0.1,10,13,6013,400,1121,0.3526012293316548,138.33508703457744,138.3350373906232,0.1171964120365652,1385.1537748336505,7.212004456228036,0.9494336698678839,-0.40236199252752636,-0.32057891687747087
0.1,12,13,6013,576,1633,0.35258875834982834,199.22143680695285,199.2212147870312,0.2974259677577404,1993.7249463054984,8.643733280756381,0.9484515682152878,-0.39621962207458183,-0.3169986841525865
0.4,4,13,6013,64,161,1.3928005835707313,89.05447709683311,89.05436421588695,-0.14179243465896751,222.0960042584076,11.170388852906445,0.9976843940622375,-0.2565094419190042,-0.1936966005891211
0.4,6,13,6013,144,385,1.38915209869036,199.82145639283883,199.82145609825048,0.010850352549970771,498.9247969674275,16.70994382275559,0.9976170567642478,-0.23002463535706325,-0.17017112574118462
0.4,8,13,6013,256,705,1.3883289599790327,355.05610605498543,355.0561040583057,-0.03765457002679029,886.9483698273743,22.275781498949133,0.9978353066957915,-0.21128671012198616,-0.15945182816394585
0.4,10,13,6013,400,1121,1.3854385212611071,553.6093961324077,553.6092112171344,0.4524838464528492,1385.1537748336505,27.792927397026748,0.9977773994035449,-0.2536350351789012,-0.19247396249158555
0.4,12,13,6013,576,1633,1.3847504495920961,796.8099064392221,796.809352424212,0.9396217269839172,1993.7249463054984,33.329752777392066,0.9977720392724069,-0.24349518027587982,-0.18506733973588457
0.0,4,14,6014,64,161,0.09009471246334155,0.09062901664391375,0.08806090881323536,-0.021421834581329423,221.23488010473602,0.8141336851167055,-0.4045543980989485,-0.4040469883119434,-0.3267880231959738
0.0,6,14,6014,144,385,0.08604500279234911,0.061601020502726644,-0.06123428446264256,-0.00671179061991059,499.3433790573837,1.195336524530398,-0.413593413019292,-0.4135815450974694,-0.32364928562724044
0.0,8,14,6014,256,705,0.09053686232789832,0.1788742465574188,-0.0017778851022565156,-0.1788654108709882,887.6028146041226,1.6794217661176076,-0.4322107072333099,-0.432268019300416,-0.33710192979604175
0.0,10,14,6014,400,1121,0.09462293287722474,0.09538672426316686,0.08823985823287206,-0.03622643488807678,1386.1191645168747,2.1770887755529276,-0.4295963437301461,-0.42959961792873314,-0.33605834760278375
0.0,12,14,6014,576,1633,0.09274063959258932,0.10000824922959885,0.05021158662972791,0.08648957441272842,1995.1028364251126,2.5451661945831456,-0.42186813672985324,-0.4218712246911539,-0.33152688267997527
0.1,4,14,6014,64,161,0.3523709043703205,22.110167126501917,22.1101237143324,0.04381436707329861,221.23488010473602,2.8765646378811742,0.9442804633750997,-0.41038669597790994,-0.3195435012230263
0.1,6,14,6014,144,385,0.35311129335709435,49.86951675118106,49.86951032493373,0.025316944068325797,499.3433790573837,4.325926216132246,0.948386176723681,-0.3915511389687826,-0.3030850741564531
0.1,8,14,6014,256,705,0.3533519495288321,88.75009389073747,88.75008053997509,-0.04868020802035321,887.6028146041226,5.802257340713271,0.9490395256750399,-0.41635380517729015,-0.32009042535014925
0.1,10,14,6014,400,1121,0.35439367926263876,138.77427218181538,138.7742707559715,-0.01989323743619749,1386.1191645168747,7.2802795399797855,0.9434328569282473,-0.4151038475655284,-0.32386454385033675
0.1,12,14,6014,576,1633,0.3533518708071332,199.57425002061055,199.57418974634436,0.15510763782186054,1995.1028364251126,8.709541997865433,0.9477828013474104,-0.40969413347935435,-0.3205378613159763
0.4,4,14,6014,64,161,1.3789260552309042,88.17663745152825,88.1763121308899,0.23952297203717332,221.23488010473602,11.06072328288188,0.9980401497725806,-0.2628093841551763,-0.17350613541524162
0.4,6,14,6014,144,385,1.3878552808110673,199.6617810623542,199.66174415312287,0.12140314813303849,499.3433790573837,16.70254328255563,0.9979693243254418,-0.19964579759070766,-0.14435515443497263
0.4,8,14,6014,256,705,1.3881413288550526,355.00582043055965,355.0056558152071,0.34187540053154725,887.6028146041226,22.28458923459317,0.9977965307693087,-0.24960595824582787,-0.18154732284424285
0.4,10,14,6014,400,1121,1.3885728856434678,554.832364212643,554.8323634491873,0.029106354919436,1386.1191645168747,27.870117724355648,0.9975931281427932,-0.27429605333713875,-0.20456090867686677
0.4,12,14,6014,576,1633,1.38711856907013,798.1462058480324,798.1461242254882,0.36096182804922616,1995.1028364251126,33.40875045550212,0.9977031908607729,-0.2695382181408735,-0.20315530368425214
0.0,4,15,6015,64,161,0.09326018601749528,0.08822004474757046,0.07798261062409217,0.04124910587533456,221.9970058346903,0.8316583424109733,-0.4226268791457465,-0.4238321113107889,-0.3424338476648348
0.0,6,15,6015,144,385,0.09308764727618403,0.07276741388181267,0.03490606583425526,-0.06384875167943113,498.52480603086826,1.2421393592065306,-0.4298091279624048,-0.4296908445769368,-0.35046875224876783
0.0,8,15,6015,256,705,0.0907422025929897,0.267876741252986,0.24154593303798455,-0.11581671182143224,887.1959214884231,1.6228422661732074,-0.42443715477543476,-0.42435455293245367,-0.34277161128758177
0.0,10,15,6015,400,1121,0.091313214069568,0.08118428175276893,0.048243740482936115,0.06529493937456471,1384.3163720694713,2.0423548321512675,-0.4165326085510805,-0.4165118611662166,-0.3387711551723524
0.0,12,15,6015,576,1633,0.08981355476923479,0.1899353856812476,0.17255311977049992,-0.07937802965148343,1995.6184324522521,2.4137278773268114,-0.41861183707482963,-0.4185683981199723,-0.3403539058100718
0.1,4,15,6015,64,161,0.35472379634816426,22.137900173443533,22.137888591858836,-0.02264473001826174,221.9970058346903,2.8865196235550017,0.9307970539120637,-0.40747988116891765,-0.3270592791386197
0.1,6,15,6015,144,385,0.35415029396157455,49.84417882506165,49.84415704429548,0.04659708503252017,498.52480603086826,4.334996550680775,0.9379676714661669,-0.4156766568066277,-0.33702491306944743
0.1,8,15,6015,256,705,0.35405191556162885,88.74996748625425,88.74995918316849,0.03839006532243394,887.1959214884231,5.7816115731447955,0.9430986134092589,-0.4082524735780461,-0.3253233638220441
0.1,10,15,6015,400,1121,0.3531138317627635,138.21781958166636,138.2177345827161,0.15328643748730766,1384.3163720694713,7.208412524289096,0.9432378914696865,-0.40089532433917435,-0.32285760669602326
0.1,12,15,6015,576,1633,0.3532810136890617,199.38968047794705,199.38964436335982,-0.12000729443368005,1995.6184324522521,8.655896835697996,0.9455078478623795,-0.40438973779852266,-0.32569093986940817
0.4,4,15,6015,64,161,1.3816298223856347,88.317866595082,88.31760653556307,-0.21432623769905465,221.9970058346903,11.081084254622551,0.9971586671000571,-0.204516626502989,-0.1618187470261386
0.4,6,15,6015,144,385,1.385365742373974,199.27226837045728,199.2719099796791,0.37793459516837735,498.52480603086826,16.670885679349347,0.9974149171134444,-0.2550246960079083,-0.19905031133565868
0.4,8,15,6015,256,705,1.3853436990401957,354.27555319388205,354.27519893356,0.501010396754048,887.1959214884231,22.230860435026308,0.997575540208127,-0.23691123214408571,-0.17943468915966157
0.4,10,15,6015,400,1121,1.3833298138213326,552.7263646075206,552.7262071094156,0.41726093182554347,1384.3163720694713,27.747587847661173,0.9975592982212238,-0.24077868476912462,-0.18132267460818813
0.4,12,15,6015,576,1633,1.3851761616766494,797.0409548006701,797.0409180941276,-0.24189508878024552,1995.6184324522521,33.34054355154285,0.9976866832181265,-0.2534056154056029,-0.18984706127831721
0.0,4,16,6016,64,161,0.0748344545699148,0.1468315835100259,0.06727263101611891,-0.13051401086561865,221.64631084950298,0.6961226861338157,-0.39485223977542905,-0.39381079014250464,-0.3020253406997744
0.0,6,16,6016,144,385,0.08434014117475813,0.17242304828403415,-0.15990663566873176,0.06449477070790977,498.70154234499336,1.139769269586898,-0.38173230209702935,-0.38153239475648854,-0.3066335062235166
0.0,8,16,6016,256,705,0.08571975673607915,0.1016978178138495,0.07586094357915885,0.06773155385327138,887.4659825716296,1.5509726294092838,-0.38014923432232434,-0.38021067519363805,-0.3095087794208713
0.0,10,16,6016,400,1121,0.08375988162557504,0.07146454090722293,0.04318550740334448,-0.05694025427933931,1385.9536850216498,1.8894461805176075,-0.37992167512838054,-0.37992690794329775,-0.3062558643258969
0.0,12,16,6016,576,1633,0.08588315671529151,0.14808199383008067,0.05783098964980171,0.13632260829670395,1994.976291617913,2.306528878039435,-0.3787327754155307,-0.3787335141887646,-0.308083580448592
0.1,4,16,6016,64,161,0.35344035073846947,22.37150603066224,22.371353147678903,-0.08270684248740538,221.64631084950298,2.8888474770891173,0.9730268905979959,-0.3936065148359212,-0.2891786371110033
0.1,6,16,6016,144,385,0.35081646529687166,49.803248570941676,49.80322617841027,0.047227546135884646,498.70154234499336,4.318043848969827,0.964419106503201,-0.36819354743544663,-0.2871425529894571
0.1,8,16,6016,256,705,0.35224804558348743,88.94674637867763,88.946639347826,0.13798579844991307,887.4659825716296,5.7934124537431835,0.9653859123369971,-0.36408523471281984,-0.29466852723110376
0.1,10,16,6016,400,1121,0.3511291169364999,138.58207487918392,138.58204893258613,0.08480251200608781,1385.9536850216498,7.200571936239911,0.9659192631244037,-0.3677284888423268,-0.2954319024811723
0.1,12,16,6016,576,1633,0.3515764301360739,199.55807096737638,199.55803602127565,0.11809975308241204,1994.976291617913,8.648962975938506,0.9631231509819164,-0.3666763339278556,-0.2975824359063571
0.4,4,16,6016,64,161,1.3961428807875589,89.2836153412684,89.28359469766727,0.060714662647238016,221.64631084950298,11.200597258468171,0.9985513126698016,-0.24648983520019813,-0.18795164504409498
0.4,6,16,6016,144,385,1.3880492971472602,199.69262467303443,199.6926246206473,-0.00457412758018412,498.70154234499336,16.71488629292459,0.9981024490302711,-0.22530430012868366,-0.16764252161892104
0.4,8,16,6016,256,705,1.390153235417889,355.55914559479453,355.55897456056647,0.34874853223984853,887.4659825716296,22.325813949316224,0.9981305263661588,-0.24039487021690256,-0.18713834079701983
0.4,10,16,6016,400,1121,1.3866479177603843,554.1988738995921,554.1986392081344,0.5100308108623883,1385.9536850216498,27.82473002526685,0.9982814111676305,-0.2399109884441129,-0.18503698964998966
0.4,12,16,6016,576,1633,1.3867500984518517,798.0586536369676,798.0586511161532,0.06343118743956189,1994.976291617913,33.39069318261026,0.9981470938064568,-0.23122805684398187,-0.1812268263794477
0.0,4,17,6017,64,161,0.08112454424752645,0.04101646189967374,-0.025389567752089004,-0.03221366163802976,221.9861526853434,0.7294712062230228,-0.40630233983573644,-0.4059599805577702,-0.3190580149098584
0.0,6,17,6017,144,385,0.08821593735473299,0.2091925217852753,0.057589974279288025,0.20110918933105426,499.0648949783363,1.1869421157778943,-0.40436097670850324,-0.4051604337450158,-0.32674681420141116
0.0,8,17,6017,256,705,0.0947837646529517,0.13160434401250834,0.08024803523836654,-0.10430702854239746,887.1128423137812,1.7066138829573159,-0.4281139815473065,-0.4279719372372463,-0.34224930760340483
0.0,10,17,6017,400,1121,0.09354864258104875,0.06608959612504056,-0.0020306447637787883,0.06605839233446659,1386.0790616533532,2.0946087265454274,-0.41198067353242795,-0.4120246258849492,-0.3351594350925608
0.0,12,17,6017,576,1633,0.09392296211364032,0.06694696175736153,-0.05377740103921491,0.039873384932923306,1995.3357065448226,2.5226227892371633,-0.40967376668847477,-0.4096911871557304,-0.3349396657354898
0.1,4,17,6017,64,161,0.35257859356168836,22.20658541837723,22.20615500209556,-0.13826050264121176,221.9861526853434,2.8694124644022554,0.9542557218288442,-0.373417858773776,-0.3048690764420735
0.1,6,17,6017,144,385,0.3534461981465217,49.91828099192277,49.91826176161629,0.04381651874205039,499.0648949783363,4.327500569025054,0.9484720090558645,-0.3794322261969414,-0.309155084426808
0.1,8,17,6017,256,705,0.3545889003108045,88.76984586083475,88.76983984986609,-0.03266780505396974,887.1128423137812,5.804334020795769,0.9409151633887739,-0.4085455519954494,-0.32534810856311985
0.1,10,17,6017,400,1121,0.35428299577477335,138.74595458151242,138.74595424347638,0.009685156878694534,1386.0790616533532,7.250783529716283,0.9428216918460404,-0.3938101948554977,-0.319093092660835
0.1,12,17,6017,576,1633,0.3534281508379876,199.34753639893356,199.34751471682344,-0.0929760721843236,1995.3357065448226,8.684147959270467,0.9436858433565973,-0.39420835470644533,-0.3205960993150264
0.4,4,17,6017,64,161,1.3903037727271068,88.90196024524776,88.90078871163854,-0.4564010256507604,221.9861526853434,11.147240931134302,0.9980437304913422,-0.21833760591917634,-0.16744920567072374
0.4,6,17,6017,144,385,1.3868881471163585,199.50073636216464,199.50027712362734,-0.4280614930249881,499.0648949783363,16.68506837819088,0.9975096625964089,-0.22993418828534962,-0.1726017385784262
0.4,8,17,6017,256,705,1.3876681397960724,354.83866209673215,354.8386152937493,0.18224986541127058,887.1128423137812,22.268130881423986,0.9974593711718781,-0.2574007817002292,-0.1896733941159532
0.4,10,17,6017,400,1121,1.389007372323598,554.989931808951,554.9899089081968,-0.15943454948867458,1386.0790616533532,27.863417601912683,0.9974522030357159,-0.252022623711674,-0.19256957045904494
0.4,12,17,6017,576,1633,1.386088654744543,797.5515425316578,797.5513910704113,-0.49152444353609753,1995.3357065448226,33.36711981781287,0.9975879894081453,-0.2604421336066471,-0.19986387271747055
0.0,4,18,6018,64,161,0.08927301857046688,0.1568176798605467,0.147858729971849,0.05224538915499394,221.4606378724379,0.8028431428906355,-0.35910561545156183,-0.3598857263677371,-0.2953882272385074
0.0,6,18,6018,144,385,0.09090396231671447,0.15275990773186307,0.09211620800129339,0.12186137055568416,498.40583211162914,1.2348377063235096,-0.39282303798299184,-0.39311626375155456,-0.31924418368300383
0.0,8,18,6018,256,705,0.09026971688988364,0.09143201503255725,0.08431814984095043,-0.03535905796698785,887.2042147006705,1.6257962450353505,-0.4008316494198277,-0.4008611582412321,-0.32604233501094787
0.0,10,18,6018,400,1121,0.08917985540578643,0.1508931114076522,0.02855686249894296,-0.1481662467449945,1385.9900263268232,1.9983394384604276,-0.39791602754905475,-0.39790736219575573,-0.324430111126828
0.0,12,18,6018,576,1633,0.08848834515636322,0.04712048090813074,-0.04551241127051142,-0.012204922832912052,1994.7254320386724,2.38095709579974,-0.39746872393940297,-0.39746151106240274,-0.32270928282303135
0.1,4,18,6018,64,161,0.35405914808480377,22.213655172551373,22.213654847220905,-0.0038017834825427033,221.4606378724379,2.8954923044710736,0.9512695290255067,-0.3421522883679786,-0.2769422173909759
0.1,6,18,6018,144,385,0.35312615038511935,49.80025756351726,49.800204578815425,0.07264503279158542,498.40583211162914,4.332970970630391,0.9461562867078506,-0.3785472811596891,-0.30393362116307965
0.1,8,18,6018,256,705,0.3536444462345862,88.7200251651518,88.71992923789323,-0.13046581309992106,887.2042147006705,5.783073185782678,0.9456790610997933,-0.38002066049254035,-0.3079718242231111
0.1,10,18,6018,400,1121,0.35282111766545143,138.5234958382319,138.52321067964854,-0.281073382507659,1385.9900263268232,7.218350658780172,0.9505289729653903,-0.3792455247462958,-0.30750913342974373
0.1,12,18,6018,576,1633,0.3522115022296905,199.2418739889386,199.24187362724933,-0.012005303062731704,1994.7254320386724,8.647027668549509,0.9524750648945892,-0.37981853717625264,-0.307455892227419
0.4,4,18,6018,64,161,1.3830133102982876,88.4112103979393,88.41104319896806,-0.171943301395133,221.4606378724379,11.101578131416867,0.9975870781329329,-0.17787297766128782,-0.14353502870817467
0.4,6,18,6018,144,385,1.3829232128622628,198.9244838312902,198.9244696912578,-0.07500398050068241,498.40583211162914,16.64766433233295,0.9976071927298716,-0.21469345660409112,-0.17329203001090285
0.4,8,18,6018,256,705,1.3866702963917705,354.6270062484645,354.62676250205004,-0.41578607849868976,887.2042147006705,22.255324886785484,0.9977080588211383,-0.2209509972429106,-0.1761390001535421
0.4,10,18,6018,400,1121,1.3864494401366856,554.0075892022162,554.0071721310974,-0.6797947897956143,1385.9900263268232,27.81444751912494,0.9977276245546889,-0.22613816419824453,-0.1778252601832093
0.4,12,18,6018,576,1633,1.385225235064522,797.1040318244212,797.104031742809,-0.011406443752129847,1994.7254320386724,33.34748641129498,0.9978313316325608,-0.22880387688880194,-0.18032046657474135
0.0,4,19,6019,64,161,0.09390341811852831,0.15747547622077837,0.15736150719719566,0.0059901305150947895,221.7521165540371,0.8483566598884347,-0.4356157600665798,-0.43751873920646933,-0.3452395947807918
0.0,6,19,6019,144,385,0.09260369481732389,0.044934390552035144,0.044540301617628675,0.005938096167416758,499.6141392060241,1.2696769539847799,-0.43706211166375475,-0.437140299119203,-0.3405644809637215
0.0,8,19,6019,256,705,0.08621844022874262,0.041966261760625796,0.001508892852380317,-0.041939126940381086,886.2248699664536,1.5890588600298343,-0.42893082026856705,-0.4288674157031145,-0.33286957299472
0.0,10,19,6019,400,1121,0.08772032280474772,0.07080347017323987,0.058835063875462446,-0.03938993078621898,1385.171224767222,2.0099437316826534,-0.4168540900669688,-0.4168257582453934,-0.3240646441618872
0.0,12,19,6019,576,1633,0.09026555134859528,0.16133729499495902,-0.056576910815793635,-0.15109194524802494,1994.9604815448474,2.4771609219871396,-0.41921278924315514,-0.41923733119347634,-0.3294693633167776
0.1,4,19,6019,64,161,0.35512998911296545,22.267145160541936,22.267138101463953,-0.017730509819041368,221.7521165540371,2.912343970424915,0.9386975187491005,-0.411813602479053,-0.3308988538237557
0.1,6,19,6019,144,385,0.35369814432435936,50.03492648903986,50.034878266273495,0.06946684687520203,499.6141392060241,4.368954897389078,0.9526998843858782,-0.42166922168694504,-0.3303327813508969
0.1,8,19,6019,256,705,0.35232572058205736,88.64917660367811,88.64913951643797,0.08108948900602692,886.2248699664536,5.773213555210189,0.9536683686798713,-0.406192661997301,-0.3194203515239789
0.1,10,19,6019,400,1121,0.35251396238277166,138.5268215569874,138.52680157703452,0.07440106407562543,1385.171224767222,7.222326645713659,0.9543193176484889,-0.39577957356517063,-0.3104846526806162
0.1,12,19,6019,576,1633,0.3531274999911065,199.455030369837,199.4550287591806,-0.025347722577689344,1994.9604815448474,8.679568042944512,0.9491040884208188,-0.3960553409568569,-0.3146300026830791
0.4,4,19,6019,64,161,1.385851040878487,88.59651247894423,88.59646788426423,-0.08889243082145781,221.7521165540371,11.12306205441178,0.997580843434467,-0.25447676016138127,-0.19409882173589224
0.4,6,19,6019,144,385,1.3902870908425617,200.00606122422457,200.00589216024105,0.26005309899855444,499.6141392060241,16.74580896229378,0.9979440774733,-0.29292554412697586,-0.22214188113788183
0.4,8,19,6019,256,705,1.3864405009745657,354.5923171490482,354.5920313871947,0.4501753368452442,886.2248699664536,22.254406351643503,0.9979859370077382,-0.25846502434330165,-0.19791246667401463
0.4,10,19,6019,400,1121,1.3861772702313626,553.9308571541123,553.9307011165116,0.41577404866114087,1385.171224767222,27.811773291060682,0.9979683774157705,-0.2548431895387331,-0.19613769094899625
0.4,12,19,6019,576,1633,1.3867811992854433,797.9899233534958,797.9898457691697,0.35188494543329263,1994.9604815448474,33.39067114630561,0.997861825929968,-0.25092782637193367,-0.193741004563169
0.0,4,20,6020,64,161,0.09209735327422197,0.1658587270238017,0.15641519333865128,-0.05516706103091143,221.19106930879138,0.828752513987544,-0.3751663953857134,-0.37436201100572597,-0.29870733831226864
0.0,6,20,6020,144,385,0.09033122682257191,0.15213083625315738,-0.11761465121600612,-0.09649137349225687,498.9260770431466,1.2112517654698762,-0.39001196847120667,-0.3899190052916204,-0.3186720465007292
0.0,8,20,6020,256,705,0.0900601375965856,0.14360138177821433,-0.12769931318529482,0.0656828916889052,886.721127570064,1.6122041318711642,-0.3980366466825556,-0.3980731936609733,-0.3225889028796637
0.0,10,20,6020,400,1121,0.0920906515591107,0.12059538803291862,-0.10582271624351192,-0.057834248863933325,1386.2635185987656,2.0580358812380304,-0.40545574574373566,-0.4053779800064345,-0.33206828944096
0.0,12,20,6020,576,1633,0.09148814268196637,0.15640842537897554,0.06958782977059164,0.14007544209228726,1995.538382926967,2.4697116662173837,-0.4007960662279905,-0.4008468001067661,-0.3261024419803055
0.1,4,20,6020,64,161,0.35544246002448165,22.272483766513318,22.27247873279791,0.01497419994711445,221.19106930879138,2.906434558260644,0.9428376216172681,-0.36443353761984054,-0.29335032190846366
0.1,6,20,6020,144,385,0.3524815524735593,49.82047169220779,49.82045646215629,0.038955570434707154,498.9260770431466,4.330196319164824,0.9504874492797362,-0.38083520766708984,-0.3117507554111137
0.1,8,20,6020,256,705,0.35163846635140217,88.5311369167616,88.53086609003084,0.21898201619145807,886.721127570064,5.772252962469123,0.9559469360574133,-0.3863269259588117,-0.3118982500556781
0.1,10,20,6020,400,1121,0.35260744692077767,138.73334235692542,138.73333071601394,-0.05683278083117213,1386.2635185987656,7.25516265109711,0.956276448561394,-0.3927363388219372,-0.31982757090223324
0.1,12,20,6020,576,1633,0.35283976174124526,199.7313619899278,199.73135318142826,0.05931835414424472,1995.538382926967,8.69650491996318,0.9548018649686663,-0.3886142123069867,-0.31466013638580675
0.4,4,20,6020,64,161,1.3861555712280835,88.62095598954632,88.62066935117574,0.22539798288117774,221.19106930879138,11.125204241935819,0.9975688568656852,-0.21710882126021022,-0.1654158868838289
0.4,6,20,6020,144,385,1.3876335410801923,199.63516643103858,199.63466980227318,0.44529640221559996,498.9260770431466,16.705262226697013,0.9978416848291429,-0.2542339226291197,-0.19584184405779015
0.4,8,20,6020,256,705,1.3859754488606446,354.50721232545067,354.50656229967933,0.6788793896991191,886.721127570064,22.250560101752665,0.9981212965605112,-0.25884727262135543,-0.19799737582362506
0.4,10,20,6020,400,1121,1.3894022322001889,555.2507936219622,555.2507910127862,-0.053828376732863586,1386.2635185987656,27.891772367596932,0.9980292936973638,-0.2725913608526456,-0.21074696013684785
0.4,12,20,6020,576,1633,1.3879745243890633,798.7166701898688,798.7166492364013,-0.1829529096998575,1995.538382926967,33.426452078461395,0.998003229784774,-0.26632229022673065,-0.20520848545428957
0.0,4,21,6021,64,161,0.08087513791045606,0.07049009856364222,-0.06120574451672445,0.03496728233170901,221.5648802320026,0.730082701056829,-0.43310237505839,-0.43407946650969403,-0.3531259815610743
0.0,6,21,6021,144,385,0.07611542655653819,0.03835937282830336,-0.038195519797896704,0.0035417158481813454,498.79745524356554,1.0357888725589592,-0.4001597373441202,-0.4004291390916849,-0.31354329273363574
0.0,8,21,6021,256,705,0.07951453481594495,0.15103437041892342,0.09221211455197809,-0.11961733560689872,886.9438434511817,1.4417580605776128,-0.40277010236101324,-0.40263608521150585,-0.3185188187296624
0.0,10,21,6021,400,1121,0.08377641128060268,0.12885800317587598,-0.02270796404016906,0.1268413708205034,1385.4055786023134,1.906004834242565,-0.4064679667251588,-0.40647340563109147,-0.32449567590611444
0.0,12,21,6021,576,1633,0.08376392823845841,0.09062674294850658,-0.05321733218733815,-0.07335613193399165,1995.529986357219,2.2777629436486886,-0.41146129456896896,-0.4114807328445372,-0.33314719131840764
0.1,4,21,6021,64,161,0.3513090105634035,22.18786388452111,22.18782640967694,0.040779554665484136,221.5648802320026,2.878684256618255,0.964849122860887,-0.4081992108009193,-0.33565364599392933
0.1,6,21,6021,144,385,0.35091999397209306,49.8344221878333,49.834380712209295,-0.0642948348946841,498.79745524356554,4.285092599954217,0.9649917713023133,-0.3716023420666946,-0.29637849200841004
0.1,8,21,6021,256,705,0.352123138375025,88.7241603480254,88.7235611735322,-0.32607077239707405,886.9438434511817,5.7350170161098655,0.9593467083012464,-0.3738708756684115,-0.2978645252164358
0.1,10,21,6021,400,1121,0.35224953279375076,138.50433980400683,138.50433384807167,0.04061829272600312,1385.4055786023134,7.188978070330128,0.9557497940062619,-0.38281796513977984,-0.3073926045336674
0.1,12,21,6021,576,1633,0.3523409179822134,199.56478570548828,199.56475645872933,-0.1080427948076795,1995.529986357219,8.632364615479036,0.955379628153798,-0.3902435412129103,-0.31598050559781493
0.4,4,21,6021,64,161,1.3909942193438503,88.93494192633398,88.93492287225793,0.05821637166681726,221.5648802320026,11.16449283549039,0.9980450447735121,-0.24875824153206078,-0.20798117874477334
0.4,6,21,6021,144,385,1.386348069599534,199.45228919878613,199.45210940823085,-0.26780448712327637,498.79745524356554,16.674978625120293,0.9980857144097323,-0.17823760866087593,-0.14394840045107654
0.4,8,21,6021,256,705,1.3865044375020663,354.61886863524575,354.61760835047295,-0.9454310827676061,886.9438434511817,22.24004657125172,0.9980593988993441,-0.19347990899295625,-0.15218492795346325
0.4,10,21,6021,400,1121,1.3864824545756176,554.0855021895318,554.0854592844072,-0.21805094155750587,1385.4055786023134,27.807928685733028,0.9980341424731054,-0.22754079775784375,-0.17377603634708583
0.4,12,21,6021,576,1633,1.3874413953164577,798.4187060044113,798.4186778314795,-0.21210278342877747,1995.529986357219,33.39285031602477,0.997986481062327,-0.24084606855481114,-0.18422595957950202
0.0,4,22,6022,64,161,0.08625529321110909,0.2505955824868018,-0.17769274795523904,0.17670153730518415,222.59229751789587,0.8176320433035119,-0.4465550037553206,-0.44157293570361894,-0.32388349446346937
0.0,6,22,6022,144,385,0.09447861435554589,0.1912884519130155,-0.1208723977831232,-0.14826036317720415,499.15628951721004,1.2977805995399865,-0.43254839691463726,-0.43176757923267745,-0.3398781848478656
0.0,8,22,6022,256,705,0.09501802982162452,0.0724410610521533,-0.05146280280742266,-0.050983205603082005,886.4303688320937,1.7322323525736656,-0.42448735694349415,-0.4243696944771443,-0.3363928417714952
0.0,10,22,6022,400,1121,0.09363746819480885,0.07498519423008358,0.0533543540684458,-0.052688634976266774,1384.992457722699,2.1259830887572777,-0.4239280631413599,-0.4239916740289459,-0.3411589605860266
0.0,12,22,6022,576,1633,0.09268387093835691,0.07924353787136335,-0.0377119314656551,0.06969468071165782,1994.6311173812635,2.5399693238405665,-0.42083683247803266,-0.42080942471478,-0.33699848341334127
0.1,4,22,6022,64,161,0.35252756246945205,22.203411742727553,22.20320819216633,0.09507361573935766,222.59229751789587,2.8958449006540468,0.9622191912874417,-0.43833102108562544,-0.3176671815134842
0.1,6,22,6022,144,385,0.35271731989040805,49.7230077673079,49.72270575807518,-0.17330182814657713,499.15628951721004,4.347067745502482,0.9451467234677312,-0.4263542822488658,-0.3338818328566732
0.1,8,22,6022,256,705,0.35349540805972285,88.55287219788801,88.55278926607824,-0.12119279279449072,886.4303688320937,5.808725415370844,0.942975347127073,-0.4174284080642982,-0.32953479306045486
0.1,10,22,6022,400,1121,0.3537796547291714,138.56443824279557,138.56433208735075,0.17151888492700584,1384.992457722699,7.254361122361567,0.9438988725061513,-0.41419464284847707,-0.33301722876380296
0.1,12,22,6022,576,1633,0.3533773721856143,199.50016773772774,199.50011550072549,0.1443695906130624,1994.6311173812635,8.707013886788541,0.9467440820282778,-0.409824310174656,-0.3268315195502785
0.4,4,22,6022,64,161,1.3970937226533418,89.34603660901723,89.34591101253105,-0.14981014895812464,222.59229751789587,11.212924099153485,0.9984481802646383,-0.30896603489654506,-0.21077624489632762
0.4,6,22,6022,144,385,1.3851486744402783,199.25359509264823,199.25344022565008,-0.24842622305470025,499.15628951721004,16.683019135423137,0.9976612887315843,-0.29392245798223315,-0.22049751723638833
0.4,8,22,6022,256,705,1.3858279374672535,354.36570082858333,354.3655454727351,-0.3318215543686932,886.4303688320937,22.25515075007746,0.9974485189948734,-0.28489924688147944,-0.2132016888397252
0.4,10,22,6022,400,1121,1.3867595578216068,554.097908291964,554.0972652871977,0.84414144463685,1384.992457722699,27.82921441614762,0.9975506564186459,-0.2784665261570885,-0.21453227745069367
0.4,12,22,6022,576,1633,1.3870354422774938,798.113682819261,798.113597797299,0.3683943203172818,1994.6311173812635,33.41064481351712,0.9977051370934389,-0.26954536307387744,-0.20757719970425062
0.0,4,23,6023,64,161,0.0854497267492678,0.09126777523578355,0.04759667459090977,-0.0778740223975656,221.55923978534787,0.7643700843665278,-0.387358221184565,-0.3872299126393474,-0.3188865653133739
0.0,6,23,6023,144,385,0.09091226152774369,0.08838393404743247,0.07161337078656915,-0.05180004751239381,498.16772599867727,1.2188919017808586,-0.40946425888477456,-0.40968642186949067,-0.33352150345938136
0.0,8,23,6023,256,705,0.09055547469474871,0.17379256574948732,-0.03234006324806726,0.17075706784464553,886.9541441238121,1.625032285355689,-0.41999300299738723,-0.42005091080836854,-0.3386374055678825
0.0,10,23,6023,400,1121,0.09020273698882253,0.15802256891239744,0.14979425622730957,0.05032706117965285,1386.7178404811386,2.023172571982576,-0.41858527277193897,-0.4186712489713847,-0.3388607680336354
0.0,12,23,6023,576,1633,0.08968353592742107,0.13072884704233614,-0.12340738282324226,0.04313524444971015,1995.1270591138216,2.412745802897069,-0.4172635953088755,-0.4172469435837373,-0.3389909918082078
0.1,4,23,6023,64,161,0.3519563265729475,22.086294706057092,22.086290961730484,-0.012860660474888763,221.55923978534787,2.8653618745351133,0.9497862835309625,-0.35971114130647186,-0.2926783167974079
0.1,6,23,6023,144,385,0.35324675957146273,49.93355574884552,49.933395255809515,0.1266015409190193,498.16772599867727,4.340627163906207,0.9485804561321312,-0.3988700293943157,-0.32233951082126083
0.1,8,23,6023,256,705,0.351611221572391,88.64219870981432,88.6420764177399,0.1472428666107777,886.9541441238121,5.791933494876496,0.9578149806760792,-0.40933064228873595,-0.3260172508880395
0.1,10,23,6023,400,1121,0.3530230094333176,138.9702583595396,138.97023840486997,-0.07447288627531451,1386.7178404811386,7.255187893401294,0.957322845574422,-0.4087848371788074,-0.3275704446781254
0.1,12,23,6023,576,1633,0.35190584834287986,199.2802039809754,199.28014349167148,0.15526956553875843,1995.1270591138216,8.662118485215458,0.9553748068563878,-0.40598573506334623,-0.32798208904609505
0.4,4,23,6023,64,161,1.379751949020285,88.20256196608776,88.20237382314917,0.18217942529312986,221.55923978534787,11.06515075099391,0.9975331123447266,-0.1330912678116517,-0.10978097686486636
0.4,6,23,6023,144,385,1.3868948189342787,199.51983851800088,199.51874091087836,0.6618063062132544,498.16772599867727,16.69685840783777,0.997799864422526,-0.2489220137097885,-0.19443625647175833
0.4,8,23,6023,256,705,1.3866555121724708,354.6653341543398,354.6653258607038,0.07670026290918233,886.9541441238121,22.2721435977428,0.9980797142635547,-0.27038558689689574,-0.20433743060709567
0.4,10,23,6023,400,1121,1.389854915630321,555.4317522293009,555.4315708507979,-0.44887272864019623,1386.7178404811386,27.895323983027033,0.9980406413381555,-0.28401196521116967,-0.21601878387035495
0.4,12,23,6023,576,1633,1.3857997204562427,797.4909476791947,797.4907961151555,0.49167252880593704,1995.1270591138216,33.37021646092998,0.9980645118513101,-0.27168119797798373,-0.2092941281721525
0.0,4,24,6024,64,161,0.09696005475139563,0.07240614030753696,0.07204376447563243,0.0072349951219286,221.57903289952498,0.9003113055267922,-0.4424623859386182,-0.4420854145414595,-0.3529107396322897
0.0,6,24,6024,144,385,0.09619383735309445,0.14385252641396742,-0.14227620588993606,-0.021237480859219678,498.8122513225194,1.3020864766443006,-0.41990853385256915,-0.41996225494384454,-0.33916332237947117
0.0,8,24,6024,256,705,0.09848686194147921,0.1462254043069397,0.13491842653482866,0.056381619754083165,887.9948707004881,1.7807464733108485,-0.40582407145536437,-0.40584201593754204,-0.330367877066585
0.0,10,24,6024,400,1121,0.09376261764078969,0.13511337949800098,-0.06995553693004508,-0.115593460767467,1385.1963736654645,2.123538251168933,-0.40986786970143685,-0.4099159121671469,-0.33169137951982897
0.0,12,24,6024,576,1633,0.09064873764050285,0.11320350096517001,-0.10394746869228921,0.044832537104616335,1994.5377704089844,2.4792846360837695,-0.4118842207456064,-0.41184865198216886,-0.33261629965060435
0.1,4,24,6024,64,161,0.3539094400636129,22.250909810018275,22.25090234849135,0.01822227948202909,221.57903289952498,2.9342293021786796,0.9530325293751085,-0.4388490519880219,-0.34315624006468465
0.1,6,24,6024,144,385,0.3529479047128716,49.77582359992863,49.775811656698465,-0.03448141663327753,498.8122513225194,4.354296380619654,0.9442173290847433,-0.4197838485729473,-0.3329508329748685
0.1,8,24,6024,256,705,0.3547129683611946,88.96878670660752,88.96874705655365,0.0839954331921565,887.9948707004881,5.849229469445058,0.9453874046385233,-0.40209741873703647,-0.3244237300405594
0.1,10,24,6024,400,1121,0.3524152305329887,138.340080694494,138.34008062180095,-0.004484720563284805,1385.1963736654645,7.243842802603219,0.9492858523562325,-0.400377034086657,-0.3241050595790319
0.1,12,24,6024,576,1633,0.35249638099747554,199.4053177426282,199.40531699152194,0.017307488691472417,1994.5377704089844,8.684361036758919,0.9511605282292198,-0.39734748507504913,-0.32082309864141517
0.4,4,24,6024,64,161,1.3888028509659829,88.78749285383066,88.7874781005385,0.05118413256234028,221.57903289952498,11.158709903111381,0.9976185465543852,-0.3343007224289537,-0.23092649137953092
0.4,6,24,6024,144,385,1.3871762664537532,199.5300890458979,199.5300752444637,-0.07421322395542373,498.8122513225194,16.70411413613437,0.9974058710223083,-0.31280275383989,-0.2225509433173026
0.4,8,24,6024,256,705,1.3900347917184153,355.47027209832834,355.47023294661005,0.1668368735063831,887.9948707004881,22.324382658610617,0.997516039688926,-0.3144181725779424,-0.23430042967318115
0.4,10,24,6024,400,1121,1.3852959958352369,553.570286770091,553.5701890979939,0.3288415000492929,1385.1963736654645,27.797647138536096,0.9977247989690963,-0.30052502920932106,-0.22967418060916103
0.4,12,24,6024,576,1633,1.3866636757840807,797.933113041478,797.9331103721647,-0.06526765654793626,1994.5377704089844,33.38881731326513,0.9977920097811954,-0.2811487058325679,-0.21727263540895905
