beta,condition,realization,min_area,min_turn,min_edge,relative_force_residual,crossings,tensor_check_error,boundary_virial_error,initial_energy,relaxed_energy,max_displacement
0.0,coherent,0,3.4641016151375332,1.154700538379176,1.1547005383792126,2.754467078037453e-14,0,1.3322676295501878e-15,3.028617356903851e-10,5417.854926075448,5417.854926075448,6.32028818138399e-13
0.1,coherent,0,3.355188286314351,1.0427613862782763,1.1133928991321134,2.8721781960123584e-14,0,1.3322676295501878e-15,2.014166611274959e-11,5418.8090605057205,5417.433716554722,0.2681104857783937
0.1,permuted,0,3.1472515267671692,0.9694774526192098,1.0624725027960085,3.819190661607382e-14,0,1.3322676295501878e-15,1.3642420526593924e-11,5418.809060505721,5417.442979720126,0.18782431136886388
0.1,permuted,1,3.1722453791332192,0.9922518763236694,1.0571128297879275,2.009902140884748e-14,0,1.3322676295501878e-15,1.9099388737231493e-11,5418.8090605057205,5417.624660313235,0.17430202268411807
0.1,permuted,2,3.1227029232523167,0.9890027130292758,1.05120395227651,2.135107210163343e-14,0,1.3322676295501878e-15,1.2732925824820995e-11,5418.8090605057205,5417.531972458695,0.1343477874883719
0.1,permuted,3,3.146525408298754,0.98513223317294,1.051146122680064,2.3693989047925022e-14,0,1.3322676295501878e-15,5.3660187404602766e-11,5418.8090605057205,5417.59915303659,0.13196274044553988
0.1,permuted,4,3.1526995637208914,0.9873885442905763,1.0682179989202332,2.902846734602885e-14,0,1.3322676295501878e-15,2.4556356947869062e-11,5418.8090605057205,5417.498940500924,0.16111524636946722
0.1,permuted,5,3.150207093457178,1.004467482721882,1.0725786882484043,1.9279021845527252e-14,0,1.3322676295501878e-15,3.001332515850663e-11,5418.8090605057205,5417.509822003162,0.1541880627342994
0.1,permuted,6,3.1189598546114112,0.9880150055291171,1.0601283488309747,2.2738675182703472e-14,0,1.3322676295501878e-15,4.4565240386873484e-11,5418.8090605057205,5417.5262134880595,0.20017893496232517
0.1,permuted,7,3.0954864959173025,0.9863011770162544,1.0616930221721985,1.615936522006674e-14,0,1.3322676295501878e-15,3.3651303965598345e-11,5418.8090605057205,5417.581591691575,0.12777245979270463
0.1,permuted,8,3.1507508068004944,0.9856097761849651,1.0669282706843413,2.5625730988728067e-14,0,1.3322676295501878e-15,3.8198777474462986e-11,5418.809060505721,5417.527877164222,0.2049274729540564
0.1,permuted,9,3.0975776263867605,0.9874978048142626,1.0597058009578977,3.199839426587042e-14,0,1.7763568394002505e-15,3.2741809263825417e-11,5418.8090605057205,5417.424397203744,0.18474077763828353
0.1,permuted,10,3.1593760250514897,0.9977816866976301,1.0567703397118704,2.723874781107016e-14,0,1.7763568394002505e-15,2.3646862246096134e-11,5418.8090605057205,5417.541540149637,0.19126144096580436
0.1,permuted,11,3.170465658700172,0.9878638263877078,1.0606188222755621,2.1384842544936185e-14,0,1.3322676295501878e-15,2.4556356947869062e-11,5418.8090605057205,5417.539490305233,0.17798377539487859
0.1,permuted,12,3.095793601150991,0.9920062366844651,1.0651165709719308,2.2344519712850708e-14,0,1.3322676295501878e-15,1.779687508474126e-11,5418.8090605057205,5417.535107159656,0.14711210160908728
0.1,permuted,13,3.1549503490642152,0.9977416735877935,1.0625571759918422,2.1611654453247415e-14,0,1.3322676295501878e-15,2.3646862246096134e-11,5418.8090605057205,5417.572565945466,0.15894939002245861
0.1,permuted,14,3.132816987179126,0.9950614534981606,1.0703312103326537,2.605573096448887e-14,0,1.7763568394002505e-15,3.728928277269006e-11,5418.809060505721,5417.4727146514015,0.15906329909998168
0.1,permuted,15,3.1502982245878437,0.9800613130272526,1.0595698243373326,2.8433398769183753e-14,0,1.3322676295501878e-15,1.1043388425946432e-11,5418.8090605057205,5417.586280747795,0.15742143335317976
0.1,permuted,16,3.1279970557140966,1.0014526491046056,1.064665726957793,3.089197253939085e-14,0,1.3322676295501878e-15,3.447497842756775e-11,5418.8090605057205,5417.486451025086,0.17853101722626286
0.1,permuted,17,3.0844584996660407,0.9990769133263887,1.0617787240469214,2.843957915061166e-14,0,1.3322676295501878e-15,4.547473508864641e-11,5418.8090605057205,5417.562496603403,0.20977624945270465
0.1,permuted,18,3.1349141227297985,0.9932705075767055,1.0663972147699121,2.1187232483073265e-14,0,1.3322676295501878e-15,2.546585164964199e-11,5418.8090605057205,5417.611235869483,0.15481729114427425
0.1,permuted,19,3.087951239687802,0.9763871952160265,1.0379024646956305,2.3803115531960697e-14,0,1.7763568394002505e-15,3.2138014471883025e-11,5418.8090605057205,5417.481838041699,0.16551086586427569
0.1,permuted,20,3.1807502747690393,0.9885444371352585,1.069439924355806,2.84470041782753e-14,0,1.3322676295501878e-15,1.8151924408016384e-11,5418.809060505721,5417.520988020095,0.1483542334562813
0.1,permuted,21,3.1312462614714134,0.9920993796251223,1.0623525665497129,2.0559072761135098e-14,0,1.3322676295501878e-15,6.912159733474255e-11,5418.8090605057205,5417.514181003528,0.16570030828313742
0.1,permuted,22,3.107464492592912,0.9676447999717495,1.0516372503007672,3.1988549431376066e-14,0,1.3322676295501878e-15,2.7284841053187847e-11,5418.8090605057205,5417.5228933569815,0.1610247860838803
0.1,permuted,23,3.123885974041084,0.9833017564665218,1.044844918541804,2.4879839773645086e-14,0,1.3322676295501878e-15,4.092726157978177e-11,5418.8090605057205,5417.5016631252365,0.1685075562800406
0.1,permuted,24,3.1599528174811784,0.9887395334726785,1.0603475787875265,2.1420743919672503e-14,0,1.3322676295501878e-15,3.094413614235236e-11,5418.8090605057205,5417.5553736554775,0.14674214830182383
0.1,permuted,25,3.250183668665888,0.9914596576250184,1.0608528570982085,2.851206194686631e-14,0,1.3322676295501878e-15,2.3646862246096134e-11,5418.809060505721,5417.603142183838,0.1454992662327534
0.1,permuted,26,3.0934731332228553,0.994868975236462,1.05886062192106,1.9031731047175377e-14,0,1.3322676295501878e-15,2.1827872842550278e-11,5418.809060505721,5417.462932227372,0.15369444252420655
0.1,permuted,27,3.159112705455847,0.9952002733039121,1.0609398452624421,2.398044375177007e-14,0,1.3322676295501878e-15,3.8198777474462986e-11,5418.809060505721,5417.507233341119,0.18579696571417673
0.1,permuted,28,3.175955753280886,0.9965526907272125,1.0554718235483023,1.8986973777269205e-14,0,1.7763568394002505e-15,4.092726157978177e-11,5418.8090605057205,5417.520908437975,0.16178054018023738
0.1,permuted,29,3.145433827708481,0.9860668097382688,1.058180145717008,2.023314599391875e-14,0,1.3322676295501878e-15,2.7284841053187847e-11,5418.8090605057205,5417.489760369481,0.14423862495910908
0.1,permuted,30,3.0957645525049933,0.9876052205756317,1.0689650485004372,3.197849440429133e-14,0,1.3322676295501878e-15,4.7406523151494184e-12,5418.8090605057205,5417.487069167675,0.16535356132283754
0.1,permuted,31,3.1924081276907,0.98846669137201,1.0598061549439612,3.5538722297440354e-14,0,1.3322676295501878e-15,4.274625098332763e-11,5418.8090605057205,5417.549990886984,0.16737162834550162
0.1,permuted,32,3.182499151327104,0.9897063984945376,1.056515723980267,3.324312283001188e-14,0,1.7763568394002505e-15,5.729816621169448e-11,5418.8090605057205,5417.521245309645,0.14887371943503255
0.1,permuted,33,3.1307316648070573,1.0043031757196277,1.0560081235793697,2.1483355727665622e-14,0,1.7763568394002505e-15,1.9099388737231493e-11,5418.8090605057205,5417.515004901077,0.16233076563751447
0.1,permuted,34,3.1240783025092997,0.9776439637744421,1.0605693039111181,2.234477291026039e-14,0,1.3322676295501878e-15,1.3642420526593924e-11,5418.8090605057205,5417.511318541867,0.16779275302231977
0.1,permuted,35,3.18410168991314,0.9933958840825544,1.0631611023304492,2.1451575278775804e-14,0,1.3322676295501878e-15,6.093614501878619e-11,5418.8090605057205,5417.545953636908,0.15459119718719785
0.1,permuted,36,3.1488160438260318,0.9833462983661296,1.05700223144979,2.3702648424419485e-14,0,1.3322676295501878e-15,5.547917680814862e-11,5418.8090605057205,5417.5424060131745,0.17706361146260183
0.1,permuted,37,3.1822715470394813,0.9858973911058524,1.042093302775413,2.0133247865217284e-14,0,1.3322676295501878e-15,3.728928277269006e-11,5418.8090605057205,5417.549269532214,0.12875913805860567
0.1,permuted,38,3.1983630896356536,0.9887892933651933,1.0484116112128579,3.318130592772852e-14,0,1.7763568394002505e-15,3.3651303965598345e-11,5418.8090605057205,5417.5142920839535,0.16858731441569946
0.1,permuted,39,3.0934695392124425,0.9902155142687341,1.063509505239629,2.137277867925044e-14,0,1.7763568394002505e-15,5.002220859751105e-11,5418.8090605057205,5417.473572054916,0.16160556502239443
0.25,coherent,0,3.1875404494672637,0.8882299686090978,1.054033415681511,2.6955425024217288e-14,0,1.3322676295501878e-15,4.638422979041934e-11,5423.696709245829,5415.327482518287,0.7049146616905767
0.25,permuted,0,2.6690319985965796,0.7942406085253225,0.9355989321886967,3.322227436027195e-14,0,1.3322676295501878e-15,2.1827872842550278e-11,5423.696709245828,5415.876307505448,0.36895622064019457
0.25,permuted,1,2.5560750595404285,0.7996948372414477,0.9066109834171263,2.6401308960786625e-14,0,1.3322676295501878e-15,1.9099388737231493e-11,5423.696709245829,5415.796550906409,0.3871151712804645
0.25,permuted,2,2.758290447403942,0.7763763817774438,0.9357772056705618,1.9434834257313546e-14,0,1.3322676295501878e-15,4.3655745685100555e-11,5423.696709245828,5415.760990772233,0.39794558445244016
0.25,permuted,3,2.7640047639083907,0.7835343450500741,0.9456488743864593,2.891749980000411e-14,0,1.3322676295501878e-15,3.092281986027956e-11,5423.696709245829,5415.970010293992,0.3750272134862659
0.25,permuted,4,2.5255853677954225,0.755933765550526,0.9075023874677233,2.6650855196736296e-14,0,1.3322676295501878e-15,2.9103830456733704e-11,5423.696709245829,5415.813803863796,0.5120759761388015
0.25,permuted,5,2.5636942657783566,0.7824373501612096,0.9388486093517473,2.5060683583148463e-14,0,1.3322676295501878e-15,2.2737367544323206e-11,5423.696709245828,5415.957887515402,0.5593604241439621
0.25,permuted,6,2.8395733389489175,0.7790201717846797,0.9280090812909615,2.3961765036407418e-14,0,1.3322676295501878e-15,1.9099388737231493e-11,5423.696709245829,5415.978979794938,0.46531718319082965
0.25,permuted,7,2.7464802190663073,0.7751333951726602,0.8955069488527483,2.8458360161084234e-14,0,1.3322676295501878e-15,6.002665031701326e-11,5423.696709245829,5415.841638198657,0.3859031954282858
0.25,permuted,8,2.6960017034591397,0.7986350849096029,0.9236360390479165,2.3842310710018912e-14,0,1.7763568394002505e-15,5.911715561524034e-11,5423.696709245829,5415.729677748393,0.3875886804155965
0.25,permuted,9,2.657891041432671,0.803077176287176,0.9294509878101892,2.960412605629822e-14,0,1.7763568394002505e-15,1.6370904631912708e-11,5423.696709245829,5415.757608769678,0.47792668741019906
0.25,permuted,10,2.623233299777228,0.7831605913562674,0.9448687656390246,2.1328783747563356e-14,0,1.3322676295501878e-15,3.183231456205249e-11,5423.696709245829,5415.975882373099,0.4414999068418644
0.25,permuted,11,2.7375640420328295,0.7691905039003331,0.933591995066496,2.375915989333685e-14,0,1.3322676295501878e-15,2.546585164964199e-11,5423.696709245829,5415.882353982717,0.38415743205073616
0.25,permuted,12,2.69335806011835,0.761836856179236,0.9208184596465498,2.3696471987781927e-14,0,1.3322676295501878e-15,8.36735125631094e-11,5423.696709245829,5416.105991940487,0.3898017100163844
0.25,permuted,13,2.7095598423357425,0.7981952360738559,0.8733319523394792,2.6604066475300883e-14,0,1.3322676295501878e-15,3.183231456205249e-11,5423.696709245829,5416.273084832543,0.34572357405605014
0.25,permuted,14,2.6621078064934593,0.7665077869231267,0.9395041485185583,2.618788009454878e-14,0,1.3322676295501878e-15,4.4565240386873484e-11,5423.696709245829,5415.97177959448,0.3656821862326329
0.25,permuted,15,2.624522763960708,0.7895555987661329,0.95668673332355,2.3713307584632032e-14,0,1.7763568394002505e-15,2.2737367544323206e-11,5423.696709245829,5415.647554285187,0.42203340516021964
0.25,permuted,16,2.544620073758385,0.7926805855092879,0.9425304545953037,2.0180563507419434e-14,0,1.3322676295501878e-15,3.2741809263825417e-11,5423.696709245828,5415.3343469600595,0.459266540429489
0.25,permuted,17,2.7942423832583203,0.8034173048617591,0.9295989964646583,1.89660205514915e-14,0,1.3322676295501878e-15,4.8203219193965197e-11,5423.696709245829,5416.059551260574,0.3678927825715873
0.25,permuted,18,2.725853771372857,0.779134330679343,0.9472152101788948,3.3196255781256985e-14,0,1.7763568394002505e-15,7.275957614183426e-12,5423.696709245829,5415.982495152404,0.40116825781122023
0.25,permuted,19,2.676746509677489,0.7726675088165548,0.9060159791973744,2.0262943748176178e-14,0,1.3322676295501878e-15,2.4556356947869062e-11,5423.696709245829,5415.545100100278,0.4227952048388134
0.25,permuted,20,2.7299622364902207,0.7857613132219723,0.920525002473264,2.3738598351919235e-14,0,1.3322676295501878e-15,1.6370904631912708e-11,5423.696709245829,5416.05416311288,0.3476596448943139
0.25,permuted,21,2.669475226302367,0.7833371345033537,0.9105525072128675,3.393446698088401e-14,0,1.3322676295501878e-15,2.546585164964199e-11,5423.696709245829,5415.893125462229,0.4267473573097303
0.25,permuted,22,2.797548379044847,0.7871359852313194,0.8979708966157449,2.8485488508141904e-14,0,1.3322676295501878e-15,2.8194335754960775e-11,5423.696709245828,5416.530288313415,0.44412529570829545
0.25,permuted,23,2.7223846843627006,0.7745350536903054,0.9069424750256473,1.9419804088773463e-14,0,1.3322676295501878e-15,1.4551915228366852e-11,5423.696709245828,5416.065030128184,0.38667688404493006
0.25,permuted,24,2.5929600424187633,0.7756835343145196,0.9325176131798176,2.8000335881188274e-14,0,1.3322676295501878e-15,4.638422979041934e-11,5423.696709245829,5415.564652740514,0.39644756450228735
0.25,permuted,25,2.813600098477915,0.7475173432672312,0.965289301269229,2.923800063560986e-14,0,1.3322676295501878e-15,4.274625098332763e-11,5423.696709245829,5416.356000420119,0.3789244227025376
0.25,permuted,26,2.6930984918228176,0.7718065604542577,0.9373545991170106,2.7384908268990385e-14,0,1.7763568394002505e-15,5.729816621169448e-11,5423.696709245829,5415.87212618435,0.4878229300288302
0.25,permuted,27,2.6038770986125943,0.7819800737031819,0.8988289193932183,2.3829496331652637e-14,0,1.3322676295501878e-15,4.18367562815547e-11,5423.696709245829,5415.560007765442,0.4628048509234395
0.25,permuted,28,2.7294882723903733,0.7602257827739738,0.9247451496460715,1.6954504957254893e-14,0,1.3322676295501878e-15,4.274625098332763e-11,5423.696709245829,5415.917611047418,0.3276169651170252
0.25,permuted,29,2.6133040277335353,0.7815855365253714,0.9244756096267956,1.9410601591775388e-14,0,1.7763568394002505e-15,6.002665031701326e-11,5423.696709245828,5415.49446281002,0.4771587478657327
0.25,permuted,30,2.7662724895249178,0.7810629726820462,0.9211498832180488,2.375891843981052e-14,0,1.3322676295501878e-15,4.729372449219227e-11,5423.696709245829,5415.676391956271,0.4141057795100017
0.25,permuted,31,2.6413162330619637,0.7605113269965114,0.9200755171724294,4.642630005103045e-14,0,1.3322676295501878e-15,1.3642420526593924e-11,5423.696709245829,5415.799643078913,0.458661103390614
0.25,permuted,32,2.567020428481129,0.7723193211427052,0.9126703812854314,2.257648111384904e-14,0,1.3322676295501878e-15,4.281752730150856e-11,5423.696709245829,5415.851632390432,0.4383740578326818
0.25,permuted,33,2.6368708842539315,0.7989806885845586,0.9137063312568343,3.3199310985826395e-14,0,1.3322676295501878e-15,3.183231456205249e-11,5423.696709245829,5416.108606824447,0.46680188496777325
0.25,permuted,34,2.753629888727854,0.7969607500684306,0.9440164680146899,2.4897234616485797e-14,0,1.3322676295501878e-15,3.092281986027956e-11,5423.696709245829,5415.880164644086,0.41083971133873315
0.25,permuted,35,2.6635478657078417,0.7682302691336611,0.9104974786116503,1.896600554657057e-14,0,1.7763568394002505e-15,1.0036860231821265e-11,5423.696709245829,5415.713798109671,0.44211370837854236
0.25,permuted,36,2.675294037703517,0.7993395383177586,0.9093605004029096,2.0176735503122327e-14,0,1.7763568394002505e-15,2.7284841053187847e-11,5423.696709245829,5415.86828572609,0.37473930514190196
0.25,permuted,37,2.61435006934586,0.7881506770010476,0.9186940492681944,2.174521164179666e-14,0,1.7763568394002505e-15,1.7257306694773433e-11,5423.696709245829,5416.280308756718,0.345085576125948
0.25,permuted,38,2.641977544266775,0.7693564648473163,0.9002158499484936,2.9624864948910426e-14,0,1.3322676295501878e-15,2.546585164964199e-11,5423.696709245828,5415.721334039462,0.4004745434517048
0.25,permuted,39,2.7584605930396062,0.7986593241840201,0.8939676353602393,2.1968711061780303e-14,0,1.3322676295501878e-15,2.7079227749027268e-11,5423.696709245829,5416.007110686924,0.4204741200707924
0.5,coherent,0,2.903920150460256,0.6664471687448968,0.9622438907917483,2.2050294896112483e-14,0,2.220446049250313e-15,3.728928277269006e-11,5440.525220498526,5408.544839846506,1.5054340099560168
0.5,permuted,0,1.9726219780858365,0.5327455237872216,0.702920790472873,2.6602133625207513e-14,0,1.3322676295501878e-15,6.912159733474255e-11,5440.525220498526,5411.4886892642335,0.8558458914072762
0.5,permuted,1,2.10045061105205,0.5531543214658547,0.6492182215529984,2.0205916923476077e-14,0,1.3322676295501878e-15,1.7476797786741827e-11,5440.525220498526,5410.101435765414,1.0984131636295191
0.5,permuted,2,2.178518759811833,0.4957947887932089,0.708204107056508,2.544343816972432e-14,0,1.7763568394002505e-15,2.091837814077735e-11,5440.525220498526,5408.332729066804,0.8027801906050869
0.5,permuted,3,1.9357078182959608,0.5032941626133355,0.7737534043351192,2.6071268122386893e-14,0,1.3322676295501878e-15,3.456079866737127e-11,5440.525220498526,5408.578166953061,0.8117246245212949
0.5,permuted,4,1.9653350886408103,0.5204397017432404,0.7548734391798012,1.9866864928788524e-14,0,1.3322676295501878e-15,1.6370904631912708e-11,5440.525220498526,5410.63497989761,0.7485987060522978
0.5,permuted,5,1.6976681108752079,0.4992384499518179,0.73216785094422,2.415029431081156e-14,0,1.7763568394002505e-15,9.57722789962645e-12,5440.525220498526,5409.900209334479,0.9054212302510241
0.5,permuted,6,2.129160844207766,0.5191978124704434,0.7199147435328325,2.371921030242092e-14,0,1.7763568394002505e-15,3.54702933691442e-11,5440.525220498526,5409.668098726344,0.7896473961773597
0.5,permuted,7,1.8186046354801686,0.5025457399684321,0.6700164928517827,2.133141971952685e-14,0,1.7763568394002505e-15,1.000444171950221e-11,5440.525220498526,5411.432420823861,0.7554442448720218
0.5,permuted,8,1.8356103812414308,0.5130158202947105,0.7086335163141921,1.9269837878688535e-14,0,1.7763568394002505e-15,1.2732925824820995e-11,5440.525220498526,5411.115522332506,0.8733577913113176
0.5,permuted,9,1.8662804790132963,0.50473912147414,0.7205406320077659,2.1353506920075713e-14,0,1.7763568394002505e-15,2.0733637029479723e-11,5440.525220498526,5409.319173154404,0.854669567393169
0.5,permuted,10,1.9567830288628847,0.5254936219036919,0.736413767979983,2.3700982063875802e-14,0,1.7763568394002505e-15,9.276845958083868e-11,5440.525220498526,5411.501012620707,0.8417635411763652
0.5,permuted,11,1.6837372590641593,0.5031964041268707,0.7408574554332923,2.561528197112904e-14,0,1.3322676295501878e-15,3.456079866737127e-11,5440.525220498526,5409.449178177042,0.8101416065856318
0.5,permuted,12,2.216540619631976,0.49991189311639583,0.6970426755343887,2.3807803605034825e-14,0,1.3322676295501878e-15,2.2737367544323206e-11,5440.525220498526,5410.733519618067,0.8068099469083901
0.5,permuted,13,2.1005273942271407,0.4601421616895698,0.7287129595763386,3.13587983167051e-14,0,1.3322676295501878e-15,2.1742940781166453e-11,5440.525220498526,5412.408319427339,0.6315314907311383
0.5,permuted,14,1.9755088285508542,0.48453658510198516,0.7365514748511526,2.4180081058672854e-14,0,1.7763568394002505e-15,1.0913936421275139e-11,5440.525220498526,5410.358434718775,0.7351792890130657
0.5,permuted,15,1.9759548283148933,0.49356141256346425,0.6896470439812411,1.7622447898436256e-14,0,1.3322676295501878e-15,2.3646862246096134e-11,5440.525220498526,5410.541569775021,0.8608501516235632
0.5,permuted,16,2.14794695122369,0.5469239147246078,0.7635336229645244,2.3488240205369935e-14,0,1.7763568394002505e-15,2.8194335754960775e-11,5440.525220498526,5410.2706651027365,0.9132805466234758
0.5,permuted,17,2.0984416289966252,0.49502002886946633,0.6698445424330542,2.883394655091184e-14,0,1.3322676295501878e-15,2.546585164964199e-11,5440.525220498526,5407.751390055042,0.8892991060077197
0.5,permuted,18,1.919093870815909,0.5098054423563765,0.7370791825076997,3.3227706528760607e-14,0,1.7763568394002505e-15,1.1758150009200108e-11,5440.525220498526,5410.930506782233,1.0878719881705916
0.5,permuted,19,1.8255073808793307,0.5023367165505668,0.743839361553008,1.8970023042116882e-14,0,1.3322676295501878e-15,5.184119800105691e-11,5440.525220498526,5408.711287744395,0.8186291560500744
0.5,permuted,20,2.3206786521725955,0.48193636064973744,0.7195108884549127,2.865835968346328e-14,0,1.7763568394002505e-15,2.8194335754960775e-11,5440.525220498526,5411.229219119066,0.7257399562781832
0.5,permuted,21,1.9583895948957644,0.45798743919405527,0.7047809550960136,2.8507379995047e-14,0,1.3322676295501878e-15,4.673594844462059e-12,5440.525220498526,5411.939415511768,0.9869762731115101
0.5,permuted,22,1.9462208233402407,0.5113209162207192,0.6599688467979529,2.023461375186675e-14,0,1.7763568394002505e-15,4.092726157978177e-11,5440.525220498526,5411.361251062051,0.7764953689125936
0.5,permuted,23,2.077327260739125,0.4632761229501172,0.6909130233436044,2.9831631893484536e-14,0,1.7763568394002505e-15,2.5851321083791845e-11,5440.525220498526,5409.244434646855,0.8758225146872834
0.5,permuted,24,2.2015765278806683,0.5272657677477296,0.727744230258921,2.8463867386963673e-14,0,1.7763568394002505e-15,3.2741809263825417e-11,5440.525220498526,5411.150028165707,0.8038953573952972
0.5,permuted,25,2.0832673687520087,0.4384858358663636,0.6791315698362538,4.025037237269923e-14,0,1.3322676295501878e-15,2.546585164964199e-11,5440.525220498526,5410.549779126111,0.9197263556762376
0.5,permuted,26,1.8708882339508521,0.478816782817547,0.7427809822917624,2.4143270790615742e-14,0,1.3322676295501878e-15,1.9099388737231493e-11,5440.525220498526,5408.859699614792,0.9362805765093075
0.5,permuted,27,1.7791305239150148,0.4620522823080884,0.7545027678115989,2.185029843534283e-14,0,1.3322676295501878e-15,4.092726157978177e-11,5440.525220498526,5408.95538641277,0.9243620472070522
0.5,permuted,28,2.2134088352299672,0.5180260097955188,0.6977888697998516,2.4102035830568596e-14,0,1.3322676295501878e-15,4.274625098332763e-11,5440.525220498526,5410.13074225204,0.7318935736303062
0.5,permuted,29,1.9678005795783449,0.49805671584545996,0.7243094232238979,2.376184802168453e-14,0,1.3322676295501878e-15,3.001332515850663e-11,5440.525220498526,5410.440439874432,0.8206482224142052
0.5,permuted,30,2.208058288665506,0.512779320685657,0.7069128439566772,2.118418563341096e-14,0,1.7763568394002505e-15,1.9099388737231493e-11,5440.525220498526,5411.950651540737,0.9087825189776065
0.5,permuted,31,1.9710245897686374,0.5251537816101709,0.7326677018917553,3.16168974933828e-14,0,1.3322676295501878e-15,1.8189894035458565e-11,5440.525220498526,5410.624001528974,0.6975506427731479
0.5,permuted,32,1.8684756161100413,0.5061497370071353,0.7185940260822886,3.6040474594853023e-14,0,1.3322676295501878e-15,1.2732925824820995e-11,5440.525220498526,5408.717198928917,0.8837884202346853
0.5,permuted,33,2.137697930329914,0.4988533741177422,0.7077846695362072,2.1212415880879838e-14,0,1.7763568394002505e-15,4.3655745685100555e-11,5440.525220498526,5411.18489106682,0.7973974876665035
0.5,permuted,34,2.076305480045048,0.4973218102980779,0.7841998606696351,2.1328396712565517e-14,0,1.7763568394002505e-15,1.8189894035458565e-11,5440.525220498526,5409.313842294516,0.819281232894908
0.5,permuted,35,2.2171976448457267,0.5074070089973559,0.7612002483192026,2.4436461073054626e-14,0,1.7763568394002505e-15,1.9198864720237907e-11,5440.525220498526,5413.14848511108,0.7225457042157013
0.5,permuted,36,1.9584865345006783,0.5091246117315745,0.7253384012255986,2.8495706054487205e-14,0,1.7763568394002505e-15,4.729372449219227e-11,5440.525220498527,5410.053560474472,0.7383129758022435
0.5,permuted,37,2.1234730648446343,0.4517885697242817,0.732125270554567,2.8780382320610306e-14,0,1.3322676295501878e-15,7.524425527094536e-12,5440.525220498526,5411.245915468946,0.8249696197655622
0.5,permuted,38,2.285278366271081,0.4999671363607512,0.7295403748797382,2.8659520090460736e-14,0,1.3322676295501878e-15,4.274625098332763e-11,5440.525220498526,5410.88386027812,0.8190088105327579
0.5,permuted,39,1.9800517211014936,0.5256824616512381,0.7112706360518788,1.9436484394469734e-14,0,1.7763568394002505e-15,7.185008144006133e-11,5440.525220498526,5409.383737956264,0.8573191247980547
0.75,coherent,0,2.625946619117995,0.48789635677129545,0.8792248232414898,2.392623727867919e-14,0,1.7763568394002505e-15,3.2741809263825417e-11,5467.586287113561,5398.909211249382,2.3609854911646986
0.75,permuted,0,1.6224076122931135,0.3066098258642402,0.5374342388498522,2.729170207723462e-14,0,1.7763568394002505e-15,2.091837814077735e-11,5467.586287113561,5400.925622460793,1.2813361168588377
0.75,permuted,1,1.5942431036640912,0.3397373100375786,0.528725740524087,3.087824172326439e-14,0,1.7763568394002505e-15,2.3646862246096134e-11,5467.586287113561,5403.615246509975,1.4147441035460226
0.75,permuted,2,1.5605119612689253,0.27995367707314883,0.5547017051066824,2.6104958013795092e-14,0,1.7763568394002505e-15,2.1827872842550278e-11,5467.586287113561,5400.849696773987,1.6994726023694873
0.75,permuted,3,1.8114453994668684,0.3222409178725797,0.5847080450015715,3.815154245082955e-14,0,1.3322676295501878e-15,1.7280399333685637e-11,5467.586287113561,5401.74219893152,1.273392305622369
0.75,permuted,4,1.3824633136575848,0.29952704797131635,0.49128361641085866,2.849232065868946e-14,0,1.7763568394002505e-15,2.9103830456733704e-11,5467.5862871135605,5402.816605140452,1.4082315073707803
0.75,permuted,5,1.3753411527960298,0.31326904023584523,0.5109500359641261,3.707587386046436e-14,0,1.7763568394002505e-15,1.546140993013978e-11,5467.586287113561,5401.523433800211,1.3749122962643845
0.75,permuted,6,1.539800981849262,0.3326301029699634,0.5114260664814226,2.849726216994882e-14,0,1.7763568394002505e-15,1.5292656030396756e-11,5467.5862871135605,5397.590721537699,1.6763200636515367
0.75,permuted,7,1.604841927561624,0.3292061520066605,0.6232401981620743,1.8739277964003616e-14,0,1.3322676295501878e-15,3.183231456205249e-11,5467.586287113561,5399.559437002164,1.3485267196597903
0.75,permuted,8,1.666452331500416,0.28741901652842367,0.5447340104217446,3.3283575110582305e-14,0,1.3322676295501878e-15,2.4556356947869062e-11,5467.586287113561,5401.9997570924825,1.2396929119676905
0.75,permuted,9,1.6024332262105674,0.34219458098167055,0.5677705196163139,2.2774205169177085e-14,0,1.7763568394002505e-15,2.0587531679439053e-11,5467.5862871135605,5405.033302355703,1.6709935528237516
0.75,permuted,10,1.62577821916297,0.34235834024609163,0.5610280101668029,2.3754464120359415e-14,0,1.7763568394002505e-15,3.2741809263825417e-11,5467.586287113561,5402.752150000812,1.1450505213963393
0.75,permuted,11,1.6157928890700113,0.32427873810474395,0.5618702754560967,2.8629050127492204e-14,0,1.7763568394002505e-15,2.7284841053187847e-11,5467.586287113561,5405.1328524232695,1.445794618818926
0.75,permuted,12,1.5263080490578398,0.2957132954588535,0.5722699302865766,2.112797202992212e-14,0,1.3322676295501878e-15,1.3642420526593924e-11,5467.5862871135605,5404.299941937042,1.3380709017110652
0.75,permuted,13,1.57090388478359,0.3435512003389267,0.5754441181010956,3.4012706059623064e-14,0,1.7763568394002505e-15,1.899724821896598e-11,5467.586287113561,5397.829929695274,1.5154157766479994
0.75,permuted,14,1.399890671243714,0.308955640064814,0.533173147983188,2.5748400805227827e-14,0,1.3322676295501878e-15,2.9103830456733704e-11,5467.586287113561,5400.886512835952,1.2335763846473597
0.75,permuted,15,1.344425161481995,0.3437727971329517,0.5821274999283186,2.612451535256147e-14,0,1.3322676295501878e-15,3.183231456205249e-11,5467.586287113561,5400.281072553113,1.1896791486895077
0.75,permuted,16,1.5969579712730209,0.31961205291217953,0.538514094409233,2.261515441020737e-14,0,1.3322676295501878e-15,4.274625098332763e-11,5467.5862871135605,5407.373941830103,1.1666060276905457
0.75,permuted,17,1.265600657616023,0.304473199481207,0.612695480302042,2.384223971416852e-14,0,1.7763568394002505e-15,2.972155854763514e-11,5467.586287113561,5401.201992941948,1.361788365265503
0.75,permuted,18,1.471166238008685,0.28851379442753955,0.5475703773134978,2.6087648054276934e-14,0,1.7763568394002505e-15,1.7816859099184512e-11,5467.5862871135605,5402.088985323498,1.3562981417785884
0.75,permuted,19,1.4124313531935695,0.3559060439527159,0.559817171309627,2.685785702130766e-14,0,1.3322676295501878e-15,6.002665031701326e-11,5467.586287113561,5395.640922993252,1.3511325407797679
0.75,permuted,20,1.1219780229136065,0.30201581143224143,0.5702598118218247,2.6118732882946422e-14,0,1.3322676295501878e-15,2.1827872842550278e-11,5467.586287113561,5395.528701104024,1.3831341069569247
0.75,permuted,21,1.4036781583180349,0.3275756162162061,0.5199802343579297,2.893643800257032e-14,0,1.7763568394002505e-15,2.637534635141492e-11,5467.586287113561,5404.90948975848,1.222788111413751
0.75,permuted,22,1.4325298823294546,0.3034293701534336,0.5375376283015886,2.9671194719318166e-14,0,1.3322676295501878e-15,2.091837814077735e-11,5467.586287113561,5400.556038081732,1.2655312690656992
0.75,permuted,23,1.6878150478752083,0.3364874022649318,0.47618888496751277,2.560317543442756e-14,0,1.3322676295501878e-15,3.4429348261255655e-11,5467.586287113561,5405.436139816249,1.249776341433828
0.75,permuted,24,1.4839205862489937,0.3127005644152605,0.5545838775780372,2.685317057832323e-14,0,1.7763568394002505e-15,4.729372449219227e-11,5467.5862871135605,5397.57581510449,1.384222365088917
0.75,permuted,25,1.1795437658252639,0.26832454375535975,0.43338268137012814,1.7778139118185836e-14,0,1.7763568394002505e-15,2.8194335754960775e-11,5467.586287113561,5403.120299962542,1.1971815722951828
0.75,permuted,26,1.4433242532153585,0.33459611081040014,0.5494105517056659,3.088312679465479e-14,0,1.7763568394002505e-15,2.000888343900442e-11,5467.586287113561,5402.657777389002,1.7046474155049312
0.75,permuted,27,1.7047477023369026,0.2700708643225673,0.5151342697462279,2.6556861260266095e-14,0,1.7763568394002505e-15,3.456079866737127e-11,5467.586287113561,5402.101462874603,1.301524204010637
0.75,permuted,28,1.595771546798122,0.3722764430168609,0.46918812714667063,2.187173152697357e-14,0,1.7763568394002505e-15,2.5210056264768355e-11,5467.5862871135605,5400.72060992942,1.3119432418181356
0.75,permuted,29,1.4687167412207143,0.2729403376318999,0.5340686569516754,1.9447807486586956e-14,0,1.7763568394002505e-15,2.091837814077735e-11,5467.586287113561,5401.128792963387,1.097639803662602
0.75,permuted,30,1.5334271762752643,0.30651320254648146,0.5381461669219345,2.3760992035558615e-14,0,1.3322676295501878e-15,2.000888343900442e-11,5467.586287113561,5403.096700586517,1.2976376860062626
0.75,permuted,31,1.4865226316827158,0.3047338279534134,0.5242562957028386,2.8582831866169607e-14,0,1.3322676295501878e-15,3.183231456205249e-11,5467.586287113561,5402.844540838041,1.2204792265173487
0.75,permuted,32,1.5304311793905325,0.2929939948858033,0.5146941603866849,2.510465912607911e-14,0,1.3322676295501878e-15,1.149125239408022e-11,5467.586287113561,5398.227323234425,1.3349546432363064
0.75,permuted,33,1.5968933667762446,0.3453853802294293,0.5994857951145162,3.8061248648654265e-14,0,1.3322676295501878e-15,2.1827872842550278e-11,5467.586287113561,5403.918371949625,1.1662792330823355
0.75,permuted,34,1.2593963999657263,0.3664062118909768,0.5688123989802502,2.3882905148116406e-14,0,1.3322676295501878e-15,5.4569682106375694e-11,5467.5862871135605,5398.964632387789,1.3576109311696098
0.75,permuted,35,1.6277092287874821,0.31632296028190515,0.6152818492211896,2.256319403244194e-14,0,1.3322676295501878e-15,3.637978807091713e-11,5467.5862871135605,5402.786241092224,1.2763531711475193
0.75,permuted,36,1.2969890006576374,0.3119990699300056,0.5746388614528823,3.576840061498508e-14,0,1.7763568394002505e-15,2.1827872842550278e-11,5467.586287113561,5396.826083344789,1.693349846275113
0.75,permuted,37,1.3584152130858822,0.3212384587976808,0.5808587176476719,1.966949030864887e-14,0,1.3322676295501878e-15,7.30837612650248e-12,5467.5862871135605,5400.212571805265,1.1598341337040916
0.75,permuted,38,1.4576736701812452,0.25902935340197397,0.6064634740402249,3.7003568395011094e-14,0,1.7763568394002505e-15,2.3646862246096134e-11,5467.586287113561,5401.478063599782,1.3682885375844127
0.75,permuted,39,1.3500020821752399,0.3212918406592603,0.5999633105104628,2.7304685681890578e-14,0,1.3322676295501878e-15,3.9108272176235914e-11,5467.586287113561,5400.770668517876,1.394573632142458
