condition,realization,radius_low,radius_high,n,area,regional_gap,local_mean_gap,coherence,normalized_gap,Dxx,Dxy2,major_axis_degrees
coherent,0,0.0,3.0,7,24.417023457070798,0.05532539371089661,0.055325393792951406,0.9999999985168693,0.028444613954477522,0.05532539371089661,-8.73276498789478e-15,-4.5218889891735e-12
coherent,0,3.0,6.0,30,104.64365978031105,0.055212663645720986,0.05521284381656015,0.9999967367947978,0.0283846220612484,0.055212663645720986,-9.089631446777575e-15,-4.716286851975756e-12
coherent,0,6.0,9.0,36,125.55358177495918,0.05356915874148759,0.053618831629531606,0.999073592494756,0.02750762990306331,0.05356915874148759,-9.276436847587935e-15,-4.960883209416546e-12
coherent,0,9.0,12.0,54,188.0245341755216,0.0473881718221492,0.04917888058799318,0.9635878502228215,0.02410904577025048,0.0473881718221492,-7.845499526931347e-15,-4.742892517062111e-12
coherent,0,12.0,15.0,72,250.60587981869423,0.05129869795319252,0.05556842903078633,0.9231626455513389,0.025714729397188527,0.05129869795319252,-5.355504267755888e-15,-2.9907951268733554e-12
coherent,0,15.0,18.0,102,354.45786281743835,0.04884723547551192,0.0520256050302358,0.9389075907358174,0.024415790332276952,0.04884723547551192,-2.8768217593970765e-15,-1.68719625195048e-12
coherent,0,18.0,21.0,96,332.7999165507121,0.048914062272208014,0.05061491022857997,0.966396305976029,0.024448303734512258,0.048914062272208014,-1.7354328125554285e-15,-1.0164048043545953e-12
coherent,0,21.0,24.0,120,415.5332665381726,0.04916192689118316,0.05012922033395016,0.9807039998563093,0.02457273014516371,0.04916192689118316,-7.199173160730979e-16,-4.1951390453708796e-13
coherent,0,24.0,27.0,144,498.31539945722596,0.049556131094415416,0.05016787941814207,0.9878059760384166,0.02476999820392367,0.049556131094415416,1.176136108452591e-15,6.799121890577571e-13
coherent,0,27.0,30.0,162,560.403369398412,0.04964576639641886,0.050044622541420794,0.99202998994204,0.02481494672617222,0.04964576639641886,8.617846395719968e-16,4.97289359000005e-13
coherent,0,30.0,33.0,180,622.5439048372757,0.04961670392632625,0.04994670098754073,0.9933930158611116,0.024800490258284676,0.04961670392632625,2.5573454417301164e-15,1.476570277478768e-12
coherent,0,33.0,36.0,162,560.2303169514205,0.04937565621061425,0.049803404306740996,0.9914112679227263,0.024680038392103563,0.04937565621061425,2.2333061952265126e-15,1.295770316460035e-12
permuted,0,0.0,3.0,7,26.98866556945439,0.11790881641241036,0.2808154375101466,0.41988010865018777,0.0616067591284238,0.10039784826972031,-0.06182848090148833,-15.813101967228176
permuted,0,3.0,6.0,30,105.2748401450028,0.1110538451587059,0.27724582859365166,0.4005609235746993,0.05609257350744621,0.04584128904376691,0.10115103925981007,32.810068198715236
permuted,0,6.0,9.0,36,123.88725574471329,0.028106595347039114,0.24380151323157612,0.11528474526055102,0.014340260902240488,0.013273812750540992,-0.02477471689173816,-30.90922879328926
permuted,0,9.0,12.0,54,191.1307038226325,0.051587587763017195,0.1821215064468014,0.28325917553337493,0.026291383340490596,-0.044048554391951864,-0.026851518899054103,-74.31698503591939
permuted,0,12.0,15.0,72,246.9326199956692,0.003717648706894418,0.11946499778453004,0.031119145991193663,0.0018440892304678266,-0.003684920379230438,-0.0004922130703322938,-86.19587751441982
permuted,0,15.0,18.0,102,353.49682213147906,0.0017609384852471917,0.04135181713311514,0.04258430722835167,0.0008806212136403328,-0.0010062966075792678,-0.0014450852868945591,-62.42586508370596
permuted,0,18.0,21.0,96,332.10440057598754,0.0004901618175748584,0.01998666890464277,0.024524437759660744,0.0002450673677601264,-0.00046544452863098553,0.00015368798969265114,80.86348797965611
permuted,0,21.0,24.0,120,415.26644355298515,0.0003144815605642136,0.012981990731635794,0.024224448088524204,0.00015723709765583582,-0.0003044991733237682,7.860601363792053e-05,82.76259648537672
permuted,0,24.0,27.0,144,498.1600682060701,0.0005154671865499193,0.0087187284213588,0.059121830803577725,0.00025773079668980567,-0.0004917839336794443,0.00015445058428009033,81.28224222641745
permuted,0,27.0,30.0,162,560.4803610194208,0.0004634724754998894,0.00636793816552935,0.07278218843404272,0.00023173490314570578,-0.0004440938073529979,0.00013261759241033609,81.68652524810169
permuted,0,30.0,33.0,180,622.7579256441212,0.0004616230870825059,0.004922204786117636,0.09378380362890364,0.00023081075862690364,-0.00044228582775310537,0.0001322086271630307,81.67873882280286
permuted,0,33.0,36.0,162,560.4836734430422,0.000461580541513669,0.004054095302507121,0.11385537513837424,0.0002307897452050878,-0.00044216496241284505,0.00013246411709779847,81.6613977198761
permuted,1,0.0,3.0,7,27.136528385322386,0.15301730644073203,0.2985884849171672,0.5124688799810256,0.07870374717168137,0.12384237575960344,-0.08987414554027247,-17.984458688552603
permuted,1,3.0,6.0,30,107.7456329838324,0.05336915052204402,0.2652119854253029,0.20123204626841978,0.027211704791712612,-0.0404697039153404,-0.034791799212591366,-69.65717777440474
permuted,1,6.0,9.0,36,122.53105087834186,0.04328827133228884,0.2447605624789581,0.17685966600934863,0.021797702861300235,-0.024247487704341014,0.03585991878080166,62.03273643918729
permuted,1,9.0,12.0,54,188.29946831216364,0.021588344132884796,0.17679200742512377,0.12211153913181311,0.010978186020235245,0.010744920259859394,0.01872440362225522,30.075411129817528
permuted,1,12.0,15.0,72,250.37754240165572,0.00573871082777307,0.11242031339064079,0.05104692074493744,0.0028809268633951343,-0.0009781314871523006,-0.005654737903620388,-49.90683104498789
permuted,1,15.0,18.0,102,352.8035707236535,0.004828244522994366,0.029773905266241112,0.16216362884948216,0.0024136694102926005,-0.004825258885423763,-0.00016977002816788227,-88.99247940608522
permuted,1,18.0,21.0,96,332.0532535398468,0.0037429341552013082,0.016056958726294725,0.23310355460227436,0.0018713376683751498,-0.0037427142118325223,4.057608556027869e-05,89.68943028463205
permuted,1,21.0,24.0,120,414.98287651795096,0.0038453742656187197,0.011546655482458505,0.3330292716761621,0.0019226511342809705,-0.0038224141953669007,0.0004195866558177437,86.86785931021365
permuted,1,24.0,27.0,144,498.0958414845488,0.0036714052531071424,0.008925615869007851,0.41133354907813735,0.0018356822270612378,-0.003667640245230897,0.00016622744690743675,88.70248753869295
permuted,1,27.0,30.0,162,560.3217874406894,0.003733593624413612,0.007159511204091036,0.5214872241948848,0.0018667832228299514,-0.0037260919850806698,0.00023655838809807881,88.18366921160585
permuted,1,30.0,33.0,180,622.5809912740009,0.0037299877022669986,0.005995861490801802,0.6220937071326847,0.0018649839972250599,-0.003722401594120833,0.0002377701224917188,88.17258543039259
permuted,1,33.0,36.0,162,560.3295872122667,0.0037080304473376797,0.005269039087818175,0.703739407800278,0.001854007388540386,-0.0037007013441948886,0.00023302222953490665,88.1985053977123
permuted,2,0.0,3.0,7,20.621804010977527,0.29726823098052485,0.41330590429533864,0.7192450625338853,0.1400618033611702,-0.05580546796350497,0.29198313460825936,50.41010118094274
permuted,2,3.0,6.0,30,112.18825919335808,0.05234611179989508,0.23060443585780685,0.22699525100277015,0.027679816143544048,-0.031301348825529804,-0.04195641765296006,-63.362285770393605
permuted,2,6.0,9.0,36,122.74667248308045,0.01949835365405776,0.22707656204621368,0.08586687009154884,0.009817540247407558,0.01162531155306212,-0.015653687313631506,-26.700168216954026
permuted,2,9.0,12.0,54,193.46968559241046,0.008600248361569722,0.20153311916058486,0.04267411925836817,0.004381334111863316,0.00707607698893621,-0.004888088207809892,-17.318177957293756
permuted,2,12.0,15.0,72,248.2701235767508,0.008287488054298318,0.09683145527317505,0.08558673450603584,0.0041477484956582746,0.005375702100168664,0.006307478512082267,24.77994824422951
permuted,2,15.0,18.0,102,352.95613633315736,0.0021079226578892907,0.03340240889964903,0.06310690537985238,0.001054108707336604,-0.0012912601170755533,0.0016661288190572422,63.88795260754982
permuted,2,18.0,21.0,96,331.92256015049827,0.0012869242972680162,0.0173686072282971,0.0740948471200009,0.0006434148172851182,-0.0010998621642778783,0.0006681896186628157,74.36021534132465
permuted,2,21.0,24.0,120,414.9277575544058,0.0010322718492076304,0.012756503279447924,0.08092122320626292,0.0005161239645265871,-0.0008240852960243964,0.0006216659839036747,71.48507986061254
permuted,2,24.0,27.0,144,497.8803043317644,0.001144886073928069,0.009670046000956854,0.11839510110032384,0.0005724357600635032,-0.0009805210760542862,0.0005910520634324636,74.45934310011418
permuted,2,27.0,30.0,162,560.1263384342999,0.0011150900112822193,0.0076153358373024825,0.14642689897143243,0.0005575406618256918,-0.0009417624593754232,0.0005970839165247501,73.81250991317738
permuted,2,30.0,33.0,180,622.3659297660342,0.0011145728627525592,0.006168974756084563,0.18067392181386985,0.0005572835937187187,-0.0009408707874359564,0.0005975239139432648,73.79068655702969
permuted,2,33.0,36.0,162,560.1351029394073,0.0011106763823227996,0.005198388009745235,0.21365784551685132,0.0005553361739642514,-0.000938377297843341,0.0005941801689234431,73.8290119450078
permuted,3,0.0,3.0,7,26.44948113159847,0.09532732945194841,0.21639921415842803,0.44051606112653585,0.04951103176245124,-0.07064919184306886,0.0639999330652897,68.91354515608616
permuted,3,3.0,6.0,30,104.59201607456266,0.09671283703984138,0.24277958392565452,0.3983565482567817,0.04975290745303679,-0.06865148285461001,0.06812009064995513,67.61130374761133
permuted,3,6.0,9.0,36,127.21475355627702,0.018275676154514243,0.22146690563842827,0.08252102544093659,0.009282902608224793,0.0033948102373057075,-0.017957605696678078,-39.64740397664847
permuted,3,9.0,12.0,54,190.17449557374175,0.05882280913307038,0.19424909217858116,0.30282153946435,0.029958951357045988,0.04378365008189828,-0.03928250068174779,-20.94915838068771
permuted,3,12.0,15.0,72,249.01184480028974,0.005456380060933968,0.11139555379498962,0.048982027334554055,0.002728608056143819,-0.003742788850637161,0.0039703419234247235,66.65507396010382
permuted,3,15.0,18.0,102,352.63420730058965,0.002356187601235506,0.03967946736047791,0.05938052494077448,0.00117783342545258,-0.0023416801023255955,0.00026106380558843295,86.81930473107269
permuted,3,18.0,21.0,96,331.92358504654044,0.0020588077919735685,0.021548730265844876,0.09554195382160478,0.0010293043611619038,-0.00205167003157171,0.00017128807851575414,87.61380314884012
permuted,3,21.0,24.0,120,414.9424992045232,0.0018651394008667164,0.014790192378482205,0.12610650038469076,0.0009325381602433313,-0.001862700836832584,-9.534451808386594e-05,-88.53490293726887
permuted,3,24.0,27.0,144,497.9069690887443,0.001978179236000558,0.010683394862616888,0.18516391666122553,0.0009890727043326629,-0.001970388273720268,0.0001753942431478724,87.45660972548258
permuted,3,27.0,30.0,162,560.1532055358828,0.0019481466055910302,0.008130402066634502,0.23961257876603953,0.0009740636891158992,-0.001945428340900861,0.00010287743822420673,88.48646245288315
permuted,3,30.0,33.0,180,622.3958136303396,0.0019458921728462604,0.006489972715453654,0.2998305629564178,0.0009729399612918472,-0.0019433101950184779,0.00010020895310093827,88.52404697125503
permuted,3,33.0,36.0,162,560.1620734844464,0.001937585359300677,0.005450503765124069,0.35548739030300847,0.0009687883492688965,-0.0019348413277051723,0.00010308278799304637,88.47516436054936
permuted,4,0.0,3.0,7,25.134225891767517,0.14822329706219856,0.24596895031303276,0.6026097882418165,0.07764044026628779,-0.058235709622965856,0.13630388078370462,56.567276110026036
permuted,4,3.0,6.0,30,106.07046630817712,0.02749149232298522,0.212357915785144,0.1294582884812267,0.01383614470126998,0.02223886475069164,0.016162148518844895,18.003934925955814
permuted,4,6.0,9.0,36,125.8731784955826,0.02512536992205222,0.23378666528840417,0.10747135595204728,0.012966284959340053,0.005622166141024735,-0.0244882719194859,-38.534881165945414
permuted,4,9.0,12.0,54,188.12067999076945,0.023119677555367542,0.20016395661738648,0.11550369979726578,0.011639606202521547,-0.016710614264893762,-0.01597732334135148,-68.14255245895357
permuted,4,12.0,15.0,72,251.01479489190737,0.013713487455550236,0.10777429811926255,0.12724265149354028,0.006868663827205179,0.011729539564803361,0.00710476176878903,15.60196576051598
permuted,4,15.0,18.0,102,352.2043960109139,0.004252336048767664,0.028911315603098346,0.1470820666601541,0.0021247258012413073,0.001496690491565651,0.003980236104065431,34.69610215501914
permuted,4,18.0,21.0,96,332.10986613714795,0.002833978366777772,0.013840791538271861,0.20475551264112296,0.0014169924592869448,0.001871792014008635,0.002127869366210695,24.33167415959795
permuted,4,21.0,24.0,120,415.06959306633587,0.0025192375819009525,0.009829641310134413,0.25628987899116984,0.001259601331695868,0.0015962240186870693,0.001949006638323395,25.34137114524422
permuted,4,24.0,27.0,144,498.1313271348638,0.0028143780336989583,0.007600457054973399,0.37029063033220555,0.0014071764828634849,0.0018453136707542025,0.002124980275930783,24.514623227907613
permuted,4,27.0,30.0,162,560.3814209208438,0.0027477132015223484,0.006048440209227009,0.45428459346108113,0.0013738489330774371,0.0017885201853381951,0.0020859346548868737,24.694791472109262
permuted,4,30.0,33.0,180,622.6480372590779,0.0027440988759467712,0.005025737220521824,0.5460092232322984,0.001372044008199471,0.0017859200099990678,0.0020834030716251864,24.698195815887473
permuted,4,33.0,36.0,162,560.3886580275088,0.0027339579707483445,0.004375708815478681,0.6248034515178915,0.0013669747567366883,0.0017800140777899025,0.0020751086884036145,24.688616286227635
permuted,5,0.0,3.0,7,24.73554466623367,0.16631111781459834,0.25809067599955404,0.6443902600142196,0.08617111499486285,0.16034526843949615,-0.04414502007936035,-7.696441910550149
permuted,5,3.0,6.0,30,107.16264771461633,0.046563805507420765,0.2615241555064505,0.17804781901407296,0.023689130309862777,-0.04143230584752611,0.02124975330421421,76.42383597777099
permuted,5,6.0,9.0,36,125.62660655294275,0.030807095468032144,0.15898009275191174,0.19377957915842067,0.015860390026200582,-0.01891877764165065,-0.024313720071643213,-63.94344220630728
permuted,5,9.0,12.0,54,188.973391916416,0.008895198578480274,0.1822278544678817,0.0488136053868103,0.004474177011682816,0.00496644362621323,-0.007379633829550317,-28.029856590156367
permuted,5,12.0,15.0,72,249.50952830706953,0.008275836833860161,0.0964706635200785,0.08578604657505756,0.004148796581523792,0.002359688857351446,0.00793229751063133,36.71669206962899
permuted,5,15.0,18.0,102,352.97534186195804,0.004771763369470047,0.034980685054886086,0.13641137564867467,0.0023851463536119005,-0.0045928318914046,-0.0012944577519227794,-82.12993926271913
permuted,5,18.0,21.0,96,332.00679942846784,0.003184474139407043,0.01714718498028241,0.1857141066051878,0.0015921773262654627,-0.002798822452171059,-0.001519035360278162,-75.75475338531483
permuted,5,21.0,24.0,120,415.10553402200225,0.003436871771733357,0.01173744608150681,0.29281257165035207,0.0017183996518157186,-0.0027657398530592714,-0.002040286901525682,-71.79189787412781
permuted,5,24.0,27.0,144,498.01809398540814,0.003187945515209954,0.008637380468770826,0.369087077585182,0.001593954793569545,-0.0027719177185698213,-0.001574632899893157,-75.20027758409636
permuted,5,27.0,30.0,162,560.3039965484725,0.0032634777065141483,0.006777907939086244,0.4814874642505266,0.0016317270414647929,-0.0027804549089898082,-0.001708612665289978,-74.21446456205315
permuted,5,30.0,33.0,180,622.5615824017325,0.00326078594344051,0.0056370996335662355,0.5784510041341273,0.0016303846015494176,-0.0027792445299702107,-0.0017054397707248058,-74.23264700168666
permuted,5,33.0,36.0,162,560.3085861661598,0.0032406152550192194,0.004958093121969072,0.6536011275504708,0.0016203011135331913,-0.0027652900864283143,-0.0016896029027450702,-74.28745447485825
permuted,6,0.0,3.0,7,24.997779586708326,0.15280906135719186,0.26935870807074536,0.5673069285625528,0.07844769976628307,0.08736563426145448,0.1253708705519739,27.56449883714317
permuted,6,3.0,6.0,30,105.90540589422365,0.08848187307296064,0.24868109831430046,0.35580457731906545,0.04501879871527847,-0.08668188068746768,0.01775650368127508,84.21164956444343
permuted,6,6.0,9.0,36,132.0778165427876,0.014352484507547074,0.2540679761341529,0.05649072632423647,0.0074440432835196964,0.00041936776023825757,-0.014346356409243831,-44.162813133415554
permuted,6,9.0,12.0,54,184.65748783834624,0.027035071712433297,0.20054436021186928,0.13480843681603177,0.013610373275966689,0.02663234078330251,0.0046490350502499745,4.950989079587171
permuted,6,12.0,15.0,72,249.04781559018159,0.01032606331178068,0.11450762030274317,0.09017795745366045,0.00516173744770491,0.006390226740776831,-0.008111262893061948,-25.884101258123202
permuted,6,15.0,18.0,102,352.52061606369375,0.003720010963418897,0.03913726733515855,0.09505035013206108,0.0018590262454888542,-0.0027450872250459834,0.0025105731805398815,68.77745676837229
permuted,6,18.0,21.0,96,332.0130849023354,0.0030666449738117403,0.018156088343244045,0.1689044972593368,0.001533187794531757,-0.0011216747391096648,0.0028541473639334173,55.727368372359884
permuted,6,21.0,24.0,120,415.0083279558629,0.0034700377474600557,0.012219089760023324,0.28398496251437894,0.0017349796030894094,-0.0014988428414582128,0.003129637695549938,57.79532210009286
permuted,6,24.0,27.0,144,498.0272844584939,0.002962096095068592,0.008737128338011943,0.33902398825728947,0.0014810304562799584,-0.001242769000912475,0.002688780111275671,57.40332015691842
permuted,6,27.0,30.0,162,560.2747495551296,0.0031097083339144977,0.006852209591112323,0.45382562990308317,0.001554842660486958,-0.0013226535475770187,0.0028144046466525045,57.585789813225844
permuted,6,30.0,33.0,180,622.5298022746515,0.0031060783668519394,0.00566970208757743,0.5478380202122957,0.0015530312449446412,-0.0013199848932265168,0.002811647684664526,57.57432897077738
permuted,6,33.0,36.0,162,560.28229693177,0.00308252144025282,0.004962056575671711,0.6212185196287369,0.0015412546841996025,-0.0013090073826888416,0.002790777329290968,57.56440620010961
permuted,7,0.0,3.0,7,22.648861366180235,0.23304266795310008,0.2961468408612781,0.7869159342552722,0.11389964922558367,0.23252058669872983,0.015590440916706982,1.9179623364025093
permuted,7,3.0,6.0,30,108.55954114010987,0.031185252403106902,0.20736922483883327,0.15038515202698946,0.0160495638519338,0.00307430458257959,-0.031033346883296602,-42.17123918121702
permuted,7,6.0,9.0,36,123.12311891783968,0.04145731273893055,0.23938099085370693,0.1731854839061402,0.020859962531621083,-0.026087728686136753,0.03222016746592126,64.49804067980342
permuted,7,9.0,12.0,54,191.3923173593263,0.006367241111138757,0.17509322944367145,0.03636486191596082,0.003230397756569059,0.005395642488373069,0.003380651047511231,16.034643372553887
permuted,7,12.0,15.0,72,249.37846080887746,0.02025234900865483,0.10373610566208351,0.1952295093342534,0.010146907222060972,-0.020163134713179015,-0.0018988519970123418,-87.3100344741267
permuted,7,15.0,18.0,102,352.6884295592328,0.0018779898401187173,0.03303073491407114,0.05685582972962224,0.0009385237403926834,0.0011269067865839174,0.0015023072035839525,26.56289865151991
permuted,7,18.0,21.0,96,332.1325960202204,0.0019966860691449954,0.014825229255449492,0.13468163188174975,0.0009983196737204031,-0.001267291709163646,0.0015429604604793924,64.69877708877614
permuted,7,21.0,24.0,120,415.1699662509736,0.0020418053417301453,0.01014954862872017,0.2011720339909945,0.0010208865004311095,-0.0008823846594446494,0.0018412947526929265,57.80232859543346
permuted,7,24.0,27.0,144,498.1938989491763,0.0019532224094767044,0.007475723234258702,0.2612753774144218,0.0009766034331317652,-0.0012025087994542076,0.0015391719748349053,63.999720982110595
permuted,7,27.0,30.0,162,560.4711093285989,0.001970933667403047,0.005846520704294399,0.3371122359928278,0.0009854622383366253,-0.0011176356499157042,0.0016234130944834488,62.272696793251605
permuted,7,30.0,33.0,180,622.747671683599,0.0019682395784260194,0.0047558831150050305,0.4138536483825965,0.0009841167584035586,-0.001116137959984857,0.0016211733690026729,62.273227230498314
permuted,7,33.0,36.0,162,560.476821635549,0.001956896106033106,0.004054435742498981,0.48265559755226484,0.0009784458302116573,-0.001114883865279607,0.0016082525724359145,62.36536949883505
permuted,8,0.0,3.0,7,26.366678803690437,0.06929084104548801,0.2226170149081964,0.3112558178630793,0.03608961435830756,-0.044548486292766594,0.05307214921043118,65.004961512041
permuted,8,3.0,6.0,30,105.30697117014462,0.09770749943234805,0.2824880289805889,0.3458819114740682,0.04995909571710568,-0.05162004811369535,0.08295858049690864,60.94573839897838
permuted,8,6.0,9.0,36,121.78995499511976,0.03830052666522191,0.24247197599506223,0.15795857029680768,0.019110661443557456,-0.003286987771428419,-0.03815921978007221,-47.46161731664992
permuted,8,9.0,12.0,54,188.63038632792285,0.03931481070838348,0.19712093637718758,0.19944512962923056,0.019955211220005643,0.021544053956343304,-0.032886290155050825,-28.385446472023798
permuted,8,12.0,15.0,72,253.1381839981177,0.005074342513137078,0.12014388848952991,0.04223554420397579,0.002546964264036706,0.005048423919729364,-0.0005122185737892801,-2.896733151871991
permuted,8,15.0,18.0,102,352.783679848272,0.004864161799447184,0.04122419276744823,0.11799289380599011,0.0024310990029226287,-0.0045988359827685765,-0.0015845433458237287,-80.49422453391848
permuted,8,18.0,21.0,96,332.15177078098986,0.0032089529069486496,0.018749574143394836,0.17114804221188729,0.0016044477212095389,-0.002986644943240718,-0.0011735973508954583,-79.27386712938524
permuted,8,21.0,24.0,120,415.12376968757064,0.003308219091847364,0.012434962334050226,0.2660417460846329,0.001654061114610474,-0.0030453191659910385,-0.0012924181741646328,-78.50193795446935
permuted,8,24.0,27.0,144,498.17192388565036,0.0033225941653569797,0.008925606110595891,0.3722541779445785,0.0016612727762512992,-0.003067903455688694,-0.0012757744213761342,-78.7101134994523
permuted,8,27.0,30.0,162,560.4350707064264,0.0033379227102158264,0.007011667957950692,0.4760525926546306,0.0016689473270911635,-0.003080018454126769,-0.001286551336563417,-78.66463427802431
permuted,8,30.0,33.0,180,622.7079290973313,0.0033333930021745826,0.0058334634279202345,0.5714260564693409,0.0016666873044261506,-0.003075117941031718,-0.0012865296559704039,-78.6485732184474
permuted,8,33.0,36.0,162,560.4418101497191,0.00331623067952525,0.005129780698526953,0.6464663646298809,0.0016581084644929054,-0.0030592071754429865,-0.0012800927222442317,-78.6468230302377
permuted,9,0.0,3.0,7,23.970056090883396,0.158637241849034,0.3330901145288041,0.47625923114964064,0.0794502556278271,0.1575504774639593,-0.018537031918496268,-3.3552200048160796
permuted,9,3.0,6.0,30,108.74785857881906,0.0397189134275075,0.2110203665734458,0.18822312780734982,0.020432216880146008,-0.009985037235304164,-0.03844334942836569,-52.27996444982674
permuted,9,6.0,9.0,36,125.00017832824383,0.024778592542803502,0.22893943731177238,0.10823208457990455,0.012519970944889698,-0.02352222847920622,-0.007789956082950476,-80.83822978280874
permuted,9,9.0,12.0,54,187.65339335211667,0.04527943172445813,0.18302911167262656,0.24738923393480045,0.022993780174904634,-0.023586138323588433,0.038651274445617154,60.69638157784221
permuted,9,12.0,15.0,72,250.99768885764666,0.02027366625509996,0.09786276826679856,0.20716424248115323,0.010188794195706175,0.008313416020601747,-0.018490772225398838,-32.895703540215194
permuted,9,15.0,18.0,102,353.0928411767733,0.004807775505170868,0.03389924654817937,0.14182543846034476,0.002404004720275021,-0.003989507181386703,-0.0026830090864149014,-73.0392602035006
permuted,9,18.0,21.0,96,332.04509583691515,0.005258178085743852,0.016756409548091097,0.31380100078437556,0.0026290346914764093,-0.0037853491737117446,-0.003649598390847504,-68.02300858297674
permuted,9,21.0,24.0,120,414.920011951332,0.0054676656760472946,0.012469448471660923,0.43848496495041894,0.002733766957711252,-0.003997712571534539,-0.003730102162196153,-68.49166600386661
permuted,9,24.0,27.0,144,498.02529692173925,0.005263854775536665,0.0096349529788804,0.5463290570358689,0.00263189060939,-0.0037666968981752,-0.003676977233437472,-67.84528037649999
permuted,9,27.0,30.0,162,560.2361416569186,0.005329640281080724,0.008083258952226668,0.6593430091228967,0.0026647936059578763,-0.003831284228395881,-0.0037049057595252262,-67.9803670191825
permuted,9,30.0,33.0,180,622.4856692765516,0.005326425213081719,0.007163674634445824,0.7435325422891387,0.002663191885340415,-0.0038284431606066902,-0.003703218669827168,-67.97626765204085
permuted,9,33.0,36.0,162,560.2439480899792,0.005296298502737936,0.00666358202500524,0.7948125321881621,0.0026481317020961856,-0.003805291961577712,-0.0036838201526752288,-67.96462194961053
permuted,10,0.0,3.0,7,24.140075600218154,0.049191792175670074,0.3135696656096167,0.15687675681266994,0.024889682589158076,0.04682256101979747,0.015082446651709306,8.927373612605694
permuted,10,3.0,6.0,30,107.75192558229834,0.06303791644743734,0.2677241779810707,0.23545843682408993,0.03262757766867946,0.061515126307479004,-0.013772005860040699,-6.309644585909264
permuted,10,6.0,9.0,36,126.46848291261041,0.06983479515421233,0.24847742630437147,0.28105086322275596,0.03502335297162533,-0.0032398259948680855,-0.06975960250570365,-46.32953069832577
permuted,10,9.0,12.0,54,188.0033117655169,0.03227095871449276,0.18903382409611055,0.17071526150835958,0.01635367562338473,-0.014715443370959168,0.028720558886424722,58.56453371727249
permuted,10,12.0,15.0,72,248.82047540819508,0.02558474971251059,0.11907319705484642,0.2148657325521038,0.012785266972647997,-0.011042206273822639,0.02307919189352527,57.78435841186389
permuted,10,15.0,18.0,102,352.58462087713065,0.000994808739664338,0.054472648100734725,0.018262536784051077,0.00049702240410542,0.0005822106511584372,0.0008066443988463673,27.08971466563217
permuted,10,18.0,21.0,96,332.123573876352,0.002513488565704409,0.026373200548894873,0.09530464689124478,0.0012566168837541102,0.0019117688237033034,0.0016317980066916662,20.241274036684334
permuted,10,21.0,24.0,120,415.1533001220581,0.002098660785585539,0.016366916062806165,0.1282257926619877,0.0010492868293609052,0.001892169564570166,0.0009077838023829571,12.814871692898446
permuted,10,24.0,27.0,144,498.2068651025453,0.0024181699059314774,0.010880134675395569,0.22225551227779816,0.0012090630670776566,0.0019065329984980996,0.0014875071830382854,18.980958874406603
permuted,10,27.0,30.0,162,560.4782415997947,0.0023327039984080396,0.007785622938937464,0.2996168728826718,0.0011663409304283464,0.0019112692866208507,0.001337369678962657,17.49079024979642
permuted,10,30.0,33.0,180,622.7552990999061,0.002334166641979341,0.005929312699606642,0.39366563381522995,0.0011670766834436515,0.001912146594359897,0.0013386669915281247,17.497662839775845
permuted,10,33.0,36.0,162,560.4841542079573,0.002328038200191818,0.004863209669688743,0.47870405726118287,0.0011640144913250467,0.001903217857686625,0.0013407175868672318,17.581347899192394
permuted,11,0.0,3.0,7,24.564683614528377,0.05841525590868359,0.2546881249708931,0.22935995117699165,0.029634274550691085,0.03649759554720766,-0.04560995113075042,-25.666406266549018
permuted,11,3.0,6.0,30,107.09050599837768,0.0425380649305492,0.19129800416867407,0.22236544032650707,0.021738154350790306,-0.0385726836913779,0.017934186373530534,77.53207563224504
permuted,11,6.0,9.0,36,125.32413922333014,0.03134460200798634,0.22332769396019522,0.14035250824545317,0.015905118226010338,-0.022778965735246102,-0.021531437366593652,-68.30634826435431
permuted,11,9.0,12.0,54,189.52806872315895,0.008288027129400058,0.179153232551926,0.046262224863834626,0.004234830462425933,0.004300520402377092,-0.0070849783321058745,-29.371306173914604
permuted,11,12.0,15.0,72,250.3297452906844,0.034598850283403,0.10165434317535231,0.3403578165245776,0.01731161113339857,0.02460953835350008,0.0243197669183104,22.330342102042124
permuted,11,15.0,18.0,102,352.5886836551523,0.003687221393710283,0.0430421977074847,0.08566526780924814,0.0018423001943575533,0.002399490632172285,0.0027996511054687247,24.700593338171682
permuted,11,18.0,21.0,96,331.96681271235855,0.0039493542530326785,0.022902127139634725,0.17244486631976966,0.0019744408115707638,0.0015795198509236702,0.0036197397774543646,33.21266658535536
permuted,11,21.0,24.0,120,414.9735950826374,0.003826587310671813,0.01579226445050096,0.24230770214530106,0.001913222305806724,0.0015639180466140916,0.00349241045549765,32.93846867893522
permuted,11,24.0,27.0,144,498.01068854932987,0.003965166946869159,0.011605497608807176,0.3416628119297594,0.001982545448043712,0.0016494852063452623,0.0036057935978910122,32.70903909239288
permuted,11,27.0,30.0,162,560.2505560410283,0.0039407787708318045,0.009014008920713234,0.4371838108320832,0.0019703672815517986,0.0016225551513756632,0.0035912465943433803,32.84307539502676
permuted,11,30.0,33.0,180,622.5024075344945,0.0039379203012184436,0.007347980190846754,0.5359187421495556,0.0019689454127532627,0.0016194081826862731,0.0035895310886795645,32.85880012716977
permuted,11,33.0,36.0,162,560.2580782709227,0.003920014606368022,0.0063176844303778675,0.6204828128988333,0.0019599962056586367,0.0016119199134693586,0.0035732658320784894,32.85980094904617
permuted,12,0.0,3.0,7,27.171659201902507,0.0562812182649001,0.18920021636166587,0.2974691009724623,0.029298209262400718,0.051391055805541035,-0.02294634856732312,-12.030493456886362
permuted,12,3.0,6.0,30,104.99514107169206,0.0860684950489369,0.26559027026449916,0.3240649401923572,0.04334080800292316,-0.029991392403897275,-0.08067404924549362,-55.19656280179756
permuted,12,6.0,9.0,36,127.06554327111695,0.014831438346580171,0.22652536810077986,0.06547363092676556,0.007650427853206578,0.0010001338543392435,-0.014797678726807569,-43.06670919199503
permuted,12,9.0,12.0,54,187.280170228986,0.03551593928257117,0.18630044820998454,0.19063797013810801,0.018068806821083538,-0.005257393203561429,0.0351246602805839,49.25636417727276
permuted,12,12.0,15.0,72,249.20071901493424,0.014084344254115401,0.12322983795177352,0.11429329526204006,0.006999554070544125,0.010966704439865173,0.008837428743535927,19.431659446916267
permuted,12,15.0,18.0,102,352.67448989254143,0.0017856743308070824,0.04917404538879477,0.036313350197012303,0.0008922895485409977,-0.00046940773646370076,-0.001722872366906889,-52.6203382188431
permuted,12,18.0,21.0,96,332.04127452813,0.0025067857130248797,0.023528456732387282,0.1065427172524346,0.0012532194174689915,0.00013556578029738403,-0.002503117362457864,-43.44997957626243
permuted,12,21.0,24.0,120,415.1199061820328,0.0029552467168079293,0.014932855247020782,0.1979023212856445,0.001477571557744405,-3.383194826826678e-05,-0.002955053054765755,-45.3279709577749
permuted,12,24.0,27.0,144,498.1179814528481,0.002579264107360465,0.00979965176537096,0.2631995676085974,0.001289612249422849,4.092188049536081e-05,-0.0025789394593930853,-44.545461549882944
permuted,12,27.0,30.0,162,560.3945195710062,0.002687261456474481,0.00723657374265988,0.3713444444893819,0.0013436193854295911,6.324475533392351e-06,-0.002687254014130889,-44.932577068497146
permuted,12,30.0,33.0,180,622.6620555351228,0.00268520005500355,0.005737177486423891,0.46803503314262884,0.001342592951873852,4.455816924889233e-06,-0.0026851963580130597,-44.95246171309115
permuted,12,33.0,36.0,162,560.3998515105648,0.0026661399812139015,0.004845962576384417,0.5501775837491328,0.001333064948309524,5.059085526179621e-06,-0.002666135181321626,-44.94563968418062
permuted,13,0.0,3.0,7,23.36607255547917,0.10750612480690311,0.24153434329130655,0.44509664067624344,0.05327389767271121,-0.08836648380282312,0.06122851795791588,72.64109130853086
permuted,13,3.0,6.0,30,104.63920924534771,0.0369744825498107,0.232682949760945,0.15890499320125404,0.018711587117713535,0.03479134425792365,0.012516977452759873,9.893674344453855
permuted,13,6.0,9.0,36,124.65936874141214,0.01562571778193624,0.20023230635939804,0.07803794535477983,0.007921706105146057,0.013282444234103841,-0.008230415018007293,-15.892132260176748
permuted,13,9.0,12.0,54,192.57332721597055,0.013857253091529478,0.18429783378149747,0.07518945180852514,0.007037091619764599,-0.011985777823933034,-0.006954465701836367,-74.93827889288703
permuted,13,12.0,15.0,72,248.73558117945646,0.009194405508517077,0.09492403328591309,0.09686067047765809,0.004592609629240938,0.009063520969685808,-0.0015458590773789228,-4.839567164064761
permuted,13,15.0,18.0,102,353.035483089904,0.003106952894417867,0.028341368288867394,0.10962607248706094,0.001553490019320837,0.0029148507860859646,-0.0010755469227261057,-10.126744794319722
permuted,13,18.0,21.0,96,332.20693106371806,0.0040504574508446805,0.012328617897821683,0.3285410809560695,0.0020251461484452277,0.004039136289171396,-0.0003026278219230894,-2.1424085906013115
permuted,13,21.0,24.0,120,415.23068011865473,0.0036029119880094827,0.008547315025381646,0.42152558754538344,0.0018014335868563854,0.003598743003149275,-0.00017327316764744952,-1.3782812662165493
permuted,13,24.0,27.0,144,498.3060219822987,0.004056223288513902,0.0067975493807576545,0.5967184732774675,0.0020280959932912064,0.004037916363864264,-0.0003849400014544316,-2.7228134129657944
permuted,13,27.0,30.0,162,560.5808307534767,0.003937473356194953,0.005700583253035901,0.6907141219449805,0.001968726455448307,0.003924249477780093,-0.00032243211206053906,-2.3485503006614095
permuted,13,30.0,33.0,180,622.867941112221,0.0039331899728010655,0.005110659512906118,0.769605167956983,0.0019665869539617752,0.003920035396867808,-0.0003214122733286498,-2.3436605783051405
permuted,13,33.0,36.0,162,560.5846622302367,0.003919154073330602,0.0048033885557608146,0.8159144378670492,0.0019595700905757876,0.003905874555592951,-0.00032235478354666804,-2.358985779514034
permuted,14,0.0,3.0,7,23.097707988164064,0.03541966407119862,0.2036571062987663,0.17391813482431465,0.018071463448860455,0.03362349670638383,-0.01113611566715945,-9.162445715578444
permuted,14,3.0,6.0,30,105.12683225764083,0.07041428542562886,0.2814812953637572,0.25015617941729573,0.0355727282255466,0.0024118368452994763,0.07037296807037191,44.01855776804676
permuted,14,6.0,9.0,36,128.36042201314044,0.08376446050810704,0.2686657965310878,0.3117793987535533,0.04332746507329311,0.0014190314490644836,-0.08375243992840323,-44.514660501921234
permuted,14,9.0,12.0,54,189.89870296848343,0.024173071325803586,0.20065847810528187,0.12046872653504535,0.012187303583303886,-0.010834177196655637,0.02160921057775722,58.31387181209237
permuted,14,12.0,15.0,72,249.26823927205845,0.0054397802162985225,0.09215563668077739,0.0590281876641106,0.0027209335711661435,0.0007170265842011727,-0.005392316911975927,-41.212852452083645
permuted,14,15.0,18.0,102,352.9365780440284,0.004420932861037823,0.03315759761420924,0.13333091596308208,0.002210776468352387,-0.004411337288812865,0.0002911197110008902,88.11216211189587
permuted,14,18.0,21.0,96,332.0286142650442,0.002234215027738533,0.015418388742168294,0.14490586954965662,0.0011170333752496381,-0.002116777062918584,-0.0007148228144613646,-80.67024274909167
permuted,14,21.0,24.0,120,415.06772833024854,0.0021797163882758086,0.01079583785044171,0.20190340189174164,0.0010898396693362323,-0.002036188103802069,-0.0007778827284707321,-79.5458487349057
permuted,14,24.0,27.0,144,498.09246208986133,0.002213914179381965,0.007983019254753669,0.27732792678204304,0.0011069469373282865,-0.0021010195011689913,-0.0006979491739203674,-80.81187307864427
permuted,14,27.0,30.0,162,560.351597246847,0.002217478070584649,0.006349529761245049,0.34923500699520055,0.0011087327773499378,-0.0020955465455754557,-0.0007251852651913101,-80.45564967040818
permuted,14,30.0,33.0,180,622.6148506203658,0.002213714017662852,0.005206732911214852,0.425163736149151,0.0011068527813119424,-0.002092075092142665,-0.0007237068196675121,-80.45903863478996
permuted,14,33.0,36.0,162,560.3583104450788,0.0022024219905270276,0.004459978488178013,0.4938189716306814,0.0011012078612940377,-0.0020819533949854954,-0.000718423750627304,-80.48094048536957
permuted,15,0.0,3.0,7,24.06359200091994,0.02965293714080464,0.24120075142964675,0.12293882570864952,0.014812337198678114,-0.019610260682691207,-0.02224262477841603,-65.70054288848438
permuted,15,3.0,6.0,30,107.29230020122776,0.005065620242474759,0.2366944304732772,0.021401518541631536,0.002573150622844794,-0.002622626379420806,0.0043338596325834255,60.59007218046757
permuted,15,6.0,9.0,36,127.47763063606627,0.015140366909319022,0.20955256402645786,0.07225092653797077,0.007696297736347658,0.014776006031742776,-0.0033015687027083836,-6.297673384156536
permuted,15,9.0,12.0,54,188.57759878280527,0.018949247645129837,0.20663831707118038,0.0917024872913692,0.009713377494907928,-0.018304099144208916,0.004902442333717864,82.50310497996223
permuted,15,12.0,15.0,72,248.290884075951,0.011714677169718753,0.11026816796888267,0.10623806838819158,0.005835936515050489,0.004746815977909888,0.010709873914411371,33.048092605229776
permuted,15,15.0,18.0,102,352.7939198340183,0.005136546721397462,0.038837053812475424,0.1322589181506728,0.002567520672213579,-0.0016483178902598544,0.004864890579833047,54.358681176978095
permuted,15,18.0,21.0,96,332.09621133996654,0.004621724245272808,0.018217785934988167,0.2536929713504074,0.0023107081761861493,-0.0014970287510448444,0.004372555307584756,54.44981501697695
permuted,15,21.0,24.0,120,415.0595469480493,0.005305920946072273,0.012637850306914144,0.41984362982756757,0.0026528963792855887,-0.002011287806555564,0.0049099407781733355,56.137882797810576
permuted,15,24.0,27.0,144,498.12557585267496,0.004733446342270063,0.00933645342061267,0.5069854824980692,0.002366691719547072,-0.001565397076895605,0.004467107147449737,54.65593145295848
permuted,15,27.0,30.0,162,560.3727871399544,0.004898502750410985,0.0077796441777369585,0.6296564005368075,0.0024492295800488434,-0.0016946373587567527,0.00459603453186439,55.119901111939384
permuted,15,30.0,33.0,180,622.6374307400544,0.004893262378161983,0.006819542205873616,0.7175353169524277,0.0024466147954343375,-0.0016901144424295482,0.004592116056136487,55.10299289767177
permuted,15,33.0,36.0,162,560.3787894211764,0.004859215186987716,0.00623398798597831,0.779471374971723,0.0024295940640556195,-0.001673877086497845,0.004561809699313371,55.0748688701976
permuted,16,0.0,3.0,7,27.72812738793711,0.09564104248924031,0.26167551733062344,0.36549480618165414,0.050741046892372514,0.07732569722255822,-0.056284505483071644,-18.025225988006053
permuted,16,3.0,6.0,30,104.38220690863004,0.03389320079765408,0.2537954359061195,0.13354535189589217,0.01725910835403064,-0.006957387548969762,0.03317143076208109,50.92276498532512
permuted,16,6.0,9.0,36,128.73734600566334,0.020247759142985447,0.2297662497263947,0.08812329559757556,0.010262772298268927,0.005913984665934323,-0.019364827282561663,-36.508709783146735
permuted,16,9.0,12.0,54,185.97858874913732,0.02073063316809532,0.1990980944213619,0.10412271010601427,0.010448770743308461,-0.015383374330905359,-0.013896436440518696,-68.95359784164938
permuted,16,12.0,15.0,72,248.77497096561677,0.014334751124659336,0.10422940520933476,0.13753077738349714,0.007193620860587989,-0.0018235178888831275,0.014218293579570135,48.65418754341448
permuted,16,15.0,18.0,102,353.117413860183,0.0013025791945190767,0.03943703588383493,0.033029338167197254,0.0006513206626052682,-0.0012666911231780354,0.000303654666448473,83.25964415863787
permuted,16,18.0,21.0,96,332.0648087275287,0.0015573458047553445,0.021548030518317197,0.07227323181260122,0.0007786258441325855,-0.0015079413650817383,0.00038915137808376727,82.76475998399584
permuted,16,21.0,24.0,120,415.0594497755644,0.0016844174413716431,0.014551538159861783,0.11575528462124052,0.0008421824580696743,-0.0016224804797474637,0.00045256956331091543,82.20712783745437
permuted,16,24.0,27.0,144,498.083625497293,0.0015289959672583765,0.010265855402257723,0.14893994775360964,0.0007644859661063998,-0.001464040766075144,0.0004409232395355038,81.61967171612093
permuted,16,27.0,30.0,162,560.3406129085623,0.0015795048193045801,0.00761421516750442,0.20744157927733836,0.0007897454812838225,-0.0015161757542115884,0.0004427714495620917,81.86025986112219
permuted,16,30.0,33.0,180,622.6034338454463,0.0015796466823530314,0.005979401806097129,0.26418139030935894,0.0007898190572089812,-0.001516888377472567,0.00044083249807334016,81.89763696039756
permuted,16,33.0,36.0,162,560.3484112023875,0.0015697565318807474,0.004964826394025822,0.3161755129584463,0.0007848753109708373,-0.0015074477837048086,0.00043787754999055666,81.90134096781314
permuted,17,0.0,3.0,7,26.5668908965672,0.4137395789322724,0.41715371177576527,0.9918156479323668,0.2144015216505729,-0.40070288193417275,-0.10304193119649141,-82.78934202723346
permuted,17,3.0,6.0,30,106.13420617404348,0.04784177006076281,0.2267227716257227,0.2110144019399194,0.024426675212991803,0.016418787935285933,-0.04493615877311955,-34.96434570509339
permuted,17,6.0,9.0,36,125.86166102978895,0.03853519626648315,0.22675935173692435,0.1699387300735887,0.019672742735426935,0.02812806400388978,0.026339577951999472,21.559662816449148
permuted,17,9.0,12.0,54,190.79879086578765,0.04588517277683808,0.1988291259829509,0.23077691736558062,0.023496638831840538,0.03294521415649418,0.03193840861631991,22.055503557101506
permuted,17,12.0,15.0,72,248.94719348303357,0.009117346084168762,0.11957282167330624,0.07624931783477468,0.004560217854942402,-0.00902816407462358,-0.001272105758254243,-85.98979397640728
permuted,17,15.0,18.0,102,352.42821665717656,0.0047131378385932635,0.04096478293047863,0.11505340688834931,0.002355648728177521,-0.0008090923853686264,0.004643171092854332,49.94239133628999
permuted,17,18.0,21.0,96,331.90473562388013,0.0031576538223754835,0.02162212997860097,0.14603805570961584,0.0015787162451901232,-0.0014439882455823045,0.0028081445134790764,58.606439246284836
permuted,17,21.0,24.0,120,414.81879024292255,0.0036024726633606934,0.015164961472688619,0.2375523782139887,0.0018011738098698631,-0.0015825870601896969,0.003236236624102326,58.029797752589225
permuted,17,24.0,27.0,144,497.84872441198826,0.003294479597982816,0.011281659038517734,0.2920208443399002,0.0016472101481764822,-0.0014829287427840442,0.0029418562448477914,58.37586289702742
permuted,17,27.0,30.0,162,560.061188075324,0.0033889255096169004,0.008890543104421694,0.3811831819286074,0.0016944439852132954,-0.0015122019538383216,0.0030328305855322236,58.25066879266711
permuted,17,30.0,33.0,180,622.2925845761894,0.003388436762004207,0.007283978704122821,0.4651903718617836,0.001694205630558706,-0.00151315884080755,0.003031807053984061,58.26177019465209
permuted,17,33.0,36.0,162,560.0707692627616,0.003367531521153084,0.0062525428420633425,0.5385859171565143,0.0016837561743434238,-0.0015048454472959417,0.0030125916958181173,58.271489531254026
permuted,18,0.0,3.0,7,24.85251539763089,0.27234526381628277,0.3485851343655759,0.7812876596471919,0.1348418184337957,0.18295407744233977,0.20174178612866253,23.897989825739668
permuted,18,3.0,6.0,30,105.52254650497157,0.09823472411385885,0.29973616009784715,0.3277373143159994,0.05045178693939677,-0.05117082891565413,0.08385467959399055,60.69644392318233
permuted,18,6.0,9.0,36,124.98755957500055,0.029658095647105705,0.23370951355847455,0.12690153342724406,0.015151961555902154,0.011672214359162283,-0.027264666683578513,-33.41192948566
permuted,18,9.0,12.0,54,189.69630466528406,0.042277098480830985,0.20234571513992347,0.2089349826439175,0.02144043565711344,0.00013088109339920673,-0.0422768958900399,-44.911311957093154
permuted,18,12.0,15.0,72,250.20212284285225,0.007090013692509954,0.12597214594129577,0.05628239194888343,0.0035334702929769608,0.0017245645777828654,-0.006877075772233081,-37.96111961382947
permuted,18,15.0,18.0,102,352.96847742224446,0.001564977365781629,0.05456492071705886,0.028681016030366255,0.0007823658621179292,0.0004503250466611122,0.0014987866785365,36.63829647007875
permuted,18,18.0,21.0,96,332.08647613266373,0.001859581506679292,0.027593015759515168,0.0673931955421739,0.000929675943835354,0.0014487527714079477,0.001165829656219731,19.412036415486792
permuted,18,21.0,24.0,120,415.1020360912919,0.0013956832049059004,0.017703096181238376,0.07883836762888043,0.0006978102001647315,0.0011845561214968508,0.000738077505063488,15.963178575164145
permuted,18,24.0,27.0,144,498.1505403389607,0.0017290161941403031,0.011868541403391022,0.14568059674513137,0.0008644909819489565,0.0012575618179898258,0.0011866066212243814,21.668573705128512
permuted,18,27.0,30.0,162,560.412748497248,0.001633170397553169,0.008472177232304867,0.19276867713836326,0.000816576881108593,0.001225223018292055,0.0010798491111684459,20.695654187082255
permuted,18,30.0,33.0,180,622.6841070140167,0.001632146397160897,0.0063529596399081,0.25691118623012493,0.0008160684044554062,0.0012251419284905593,0.001078391912441729,20.677407000221034
permuted,18,33.0,36.0,162,560.4209562321666,0.0016286814613887496,0.005081493948273613,0.32051232924169437,0.0008143375813250042,0.0012197507140641677,0.0010792643319462317,20.751581635690183
permuted,19,0.0,3.0,7,26.998866047095948,0.23689995522708604,0.2938242207197636,0.806264216907532,0.12770703665441085,-0.23646037994994554,0.014424891698822787,88.25454381567364
permuted,19,3.0,6.0,30,103.14158206386097,0.055642685354001,0.26735891685951035,0.20811980392350135,0.028229586163071297,0.042750333883162066,0.03561625171579012,19.899215356809208
permuted,19,6.0,9.0,36,130.2577269416115,0.05234921717993154,0.23175893110231574,0.22587788496841435,0.027018986577538717,0.05037898283025048,0.014226687187851111,7.884662072685736
permuted,19,9.0,12.0,54,185.33587008202667,0.025500283005607183,0.19050497847293735,0.1338562551488894,0.012767394011955709,-0.01495172544614715,-0.020656968304886718,-62.948702455911764
permuted,19,12.0,15.0,72,251.82307987553384,0.012289160385935383,0.09408437119623259,0.13061851006373604,0.00618205356639723,-0.0036176944984810033,-0.011744605123498354,-53.5602095587255
permuted,19,15.0,18.0,102,352.4220168811392,0.0017398003617611405,0.040192258010051836,0.04328695246049692,0.0008696873811929825,0.0013284414600568419,-0.0011234538646452026,-20.110486447698644
permuted,19,18.0,21.0,96,331.9658162576849,0.001629691069370091,0.02152404614454599,0.07571490315648857,0.0008147723887353283,0.00114385910292781,-0.0011608097752146196,-22.71069935020735
permuted,19,21.0,24.0,120,414.9001668091667,0.0016933717328688565,0.014895187128546317,0.11368583142024075,0.0008466581276983806,0.0013866295347484804,-0.0009719909253910174,-17.514723889496306
permuted,19,24.0,27.0,144,497.94040476124957,0.0017384897501633305,0.010797892882358245,0.16100268534833312,0.0008692304043924318,0.0012582400957968536,-0.0011996576481447046,-21.817324807358364
permuted,19,27.0,30.0,162,560.1663548456847,0.0017253128762786498,0.008294381610243439,0.20800982609094254,0.0008626480731350431,0.0012945346684913586,-0.0011405632438084598,-20.691000024325618
permuted,19,30.0,33.0,180,622.4102039152106,0.001722750728406607,0.006628344669847203,0.25990663042064166,0.0008613700756368689,0.0012913267748955145,-0.0011403268095872535,-20.72331482057024
permuted,19,33.0,36.0,162,560.1762652713979,0.0017147197478243645,0.005553618015692209,0.30875723590986653,0.0008573561754504843,0.0012824843880620575,-0.001138199283058965,-20.794457405126423
permuted,20,0.0,3.0,7,27.735822324590675,0.06480933754679737,0.24248189528375874,0.26727495457323014,0.03437160548267626,0.012972492299416629,-0.06349775332085612,-39.22672704449484
permuted,20,3.0,6.0,30,101.82938359475106,0.029863912852180256,0.25468248505089236,0.11725939004487353,0.015072570140662888,0.01082240155295145,-0.027833952566412325,-34.37645787138551
permuted,20,6.0,9.0,36,128.8701243620008,0.035150839083037975,0.2211100916167296,0.158974377089799,0.017982869275049135,-0.010716663190843958,0.03347737472227534,53.875365633822014
permuted,20,9.0,12.0,54,186.69512392790952,0.021147611003207393,0.17231407017915895,0.12272712832573526,0.010646589061274416,0.011235518230173588,-0.017916042566437917,-28.953665419874127
permuted,20,12.0,15.0,72,250.35120834648018,0.017934274195236136,0.0986296364430616,0.1818345361699625,0.008973072267979538,-0.006258963944315706,0.016806652291687024,55.212914803215895
permuted,20,15.0,18.0,102,352.47161451407726,0.002113170342739861,0.03361326166073906,0.06286716130282842,0.0010558844169868914,-0.0021042989380644873,0.0001934292550158123,87.37403683747078
permuted,20,18.0,21.0,96,332.1418744591473,0.0008363080738858421,0.014365885485815844,0.058214864284667364,0.0004181282659790218,-0.00022768186101321657,0.0008047186866304307,52.898992235450166
permuted,20,21.0,24.0,120,415.120126827635,0.0005246278059999858,0.009955996846305002,0.05269465369454114,0.000262309304401942,-0.00018078871599158672,0.0004924934263505171,55.07880492763129
permuted,20,24.0,27.0,144,498.1877650167642,0.0006988598093035355,0.007298071904141451,0.09575951271553684,0.0003494270071375739,-0.00013422601957288876,0.0006858486777193584,50.536639458545665
permuted,20,27.0,30.0,162,560.4476916959065,0.0006480465020333875,0.005657914697614549,0.11453804743762087,0.00032402171395271815,-0.00015234427230428627,0.0006298853002680621,51.79823752191229
permuted,20,30.0,33.0,180,622.7214239621798,0.0006470035227533961,0.004580633648752764,0.14124760292270155,0.00032350077402785635,-0.0001517310087280721,0.0006289604593658221,51.78147113992001
permuted,20,33.0,36.0,162,560.4541594763502,0.00064642936217529,0.00390611591117878,0.1654915975036214,0.0003232139644433828,-0.00015034550954860033,0.0006287027501458253,51.72446043229455
permuted,21,0.0,3.0,7,23.5399839348371,0.11137432127050559,0.23797828580430638,0.4680020317571772,0.05690215941230586,-0.0948167361392672,-0.05842966700540382,-74.17852513773128
permuted,21,3.0,6.0,30,102.91578354614936,0.02954974146829794,0.21983125491386685,0.1344201100060861,0.014945349574370992,0.007949408985963404,-0.028460395598394816,-37.19708313990898
permuted,21,6.0,9.0,36,126.73694375961806,0.03447409968047708,0.20927943793142728,0.16472760067223088,0.01768412844009922,0.02574219020326798,0.022930398869584537,20.84686299497098
permuted,21,9.0,12.0,54,193.80074213221334,0.015215047840015752,0.16686915393291338,0.09117951090069455,0.007694210982968035,-0.015124221668364479,-0.0016599999096814397,-86.86820909868248
permuted,21,12.0,15.0,72,247.5809899603742,0.010418370359164583,0.11981934691849871,0.08695065218683903,0.0051888874043239976,-0.003882005687298054,0.009668116299698961,55.93838603944893
permuted,21,15.0,18.0,102,352.7643270236332,0.003550456561989674,0.032034130612092426,0.11083355452916295,0.0017744435321544218,-0.0033478837167189397,0.0011821236897650406,80.2760437269151
permuted,21,18.0,21.0,96,332.1680759802975,0.003388938265187104,0.014137689050292812,0.2397094923457037,0.0016944454026522869,-0.003230347414651633,0.0010245770570839893,81.20120465012934
permuted,21,21.0,24.0,120,415.2690012582394,0.0029634799470756707,0.009898328634062249,0.29939195359484305,0.001481718048102537,-0.002855358490141296,0.0007931842720942207,82.23767312056744
permuted,21,24.0,27.0,144,498.22304801268336,0.003292667479327885,0.0075267947693150325,0.4374594472472285,0.001646320155952239,-0.0031201215756452827,0.0010519032667580452,80.68460997914823
permuted,21,27.0,30.0,162,560.530132872896,0.003204488004438761,0.00597572348233465,0.53625105209634,0.001602235811706885,-0.0030494333551516132,0.0009847332547856242,81.05175998272192
permuted,21,30.0,33.0,180,622.8126480631588,0.003202135230496528,0.004982432966156064,0.6426850601397991,0.0016010617634842055,-0.0030475190641828355,0.0009830043681638594,81.06121619102586
permuted,21,33.0,36.0,162,560.5333647064786,0.0031904313131370333,0.004374136267960376,0.7293854415341993,0.001595210988774294,-0.003035691699236079,0.000981543616470741,81.04109719484715
permuted,22,0.0,3.0,7,24.90409461940679,0.060175675478171854,0.2323961287966362,0.25893579118449955,0.030715160115096084,-0.060083946115729835,0.0033213458742393765,88.41799985518222
permuted,22,3.0,6.0,30,103.12328430901776,0.01894063327081653,0.21617102349461428,0.08761874262619856,0.009565752318567407,-0.005132626651252852,-0.018231942638084704,-52.86144290046346
permuted,22,6.0,9.0,36,127.33547820748866,0.05520682906763495,0.23271445452476885,0.2372299098497083,0.02797949905917571,-0.020060911581938713,0.051433003044783425,55.65387824484715
permuted,22,9.0,12.0,54,189.27399197335242,0.04752227374495886,0.18274960520191733,0.2600403633838344,0.02412754855021501,0.03348599212897522,-0.03372024366799588,-22.599853607465164
permuted,22,12.0,15.0,72,250.18159134809238,0.004181174645509276,0.10552659418787294,0.039621999342321,0.0020952511253900896,-0.004061160912805222,0.000994582051191695,83.11952737323138
permuted,22,15.0,18.0,102,353.102511969135,0.002248297607293617,0.03825108821964127,0.0587773501863185,0.0011237536575375519,-0.002220167258999042,0.00035454121485503523,85.46348708985859
permuted,22,18.0,21.0,96,332.0995002081096,0.0013515997174523657,0.019970194606771442,0.06768084858792857,0.0006757347649737879,2.522710309246173e-06,-0.0013515973631781065,-44.94652975444209
permuted,22,21.0,24.0,120,415.1112640889222,0.0012597019868567467,0.01322767665601972,0.09523229359280377,0.0006298319213822438,-0.0003331835399650768,-0.0012148406580235844,-52.66844236168166
permuted,22,24.0,27.0,144,498.20316992843,0.001219320597609143,0.00922562642411871,0.1321666997507565,0.000609651554118739,1.3971348065887272e-05,-0.0012192405509935844,-44.67173654020283
permuted,22,27.0,30.0,162,560.4610205295503,0.001226126426775366,0.00672275195786729,0.18238460000602782,0.000613058541824001,-8.87549229657309e-05,-0.001222909881424741,-47.07553391884503
permuted,22,30.0,33.0,180,622.7363671901942,0.001225807757533993,0.005142266142792483,0.23837890212122,0.0006129011132397079,-8.857661362029507e-05,-0.0012226033052262198,-47.07189629037756
permuted,22,33.0,36.0,162,560.468214536045,0.0012193691240609756,0.00416891193002546,0.2924909771489293,0.0006096827291811685,-8.320816690208318e-05,-0.0012165268026944685,-46.95641518247237
permuted,23,0.0,3.0,7,26.46432172075598,0.12736156669094792,0.2630278442871382,0.48421324759789236,0.06615559315979677,-0.12722160427055773,-0.005969260992650906,-88.65682085459224
permuted,23,3.0,6.0,30,105.63969041110548,0.09996574581569859,0.2572634131120258,0.3885735037347434,0.05094477103248106,0.09982425406640541,-0.005316825798782749,-1.5243995984479188
permuted,23,6.0,9.0,36,124.65853077090122,0.044409827514546245,0.19485199579571763,0.22791569228321068,0.022601020889355995,-0.04064418882390685,0.017896443633257257,78.11757656029212
permuted,23,9.0,12.0,54,191.75215510840104,0.03448000871021908,0.1665049153276871,0.20708102606077003,0.017629196394909282,-0.03433932756716251,-0.003111524207184719,-87.41125264079663
permuted,23,12.0,15.0,72,248.1577000414224,0.01655598846314987,0.1081561233213501,0.1530749064845754,0.00825697331174041,0.013843184317652794,-0.009081134397168851,-16.632445306275077
permuted,23,15.0,18.0,102,352.8691410346537,0.0035482592062351767,0.040248237951615896,0.08815936763494314,0.0017736313116151787,0.00014462835686543583,-0.003545310428301461,-43.83197784457033
permuted,23,18.0,21.0,96,331.9802207633213,0.002670208323714797,0.021208782424323235,0.12590106637392234,0.0013350051726669508,-0.0009956779745608994,-0.002477627466551437,-55.94679584091111
permuted,23,21.0,24.0,120,414.98758728431744,0.002710535424986415,0.014418888439973665,0.18798504727118656,0.0013552257006873454,-0.0012709372091450366,-0.002394101271984314,-58.981065305383865
permuted,23,24.0,27.0,144,497.97663146424145,0.0026162719097578314,0.010565240700617705,0.2476301282567911,0.001308114118934943,-0.000916246678773141,-0.002450585793116633,-55.250104564211895
permuted,23,27.0,30.0,162,560.2274393424955,0.0026477733575107545,0.008162923645315597,0.32436581212299037,0.0013238736344079445,-0.0010153976900830035,-0.0024453366401618153,-56.27505092392705
permuted,23,30.0,33.0,180,622.4777002779413,0.0026445684750369737,0.0065855284302364725,0.4015727064353457,0.001322275816482426,-0.001014759696297919,-0.0024421312777835554,-56.28198400474408
permuted,23,33.0,36.0,162,560.2354768468928,0.002629449027434385,0.005574005220019943,0.4717342240711028,0.0013147184846201518,-0.0010042689077109505,-0.0024301123737145752,-56.22668188197022
permuted,24,0.0,3.0,7,26.870425872870257,0.21290115116564284,0.3222096670746363,0.6607534562776687,0.1082321199843342,-0.024043112448623283,-0.21153919001319535,-48.2421476012091
permuted,24,3.0,6.0,30,108.30107204271023,0.033608134819240514,0.23073452035394004,0.14565715943885038,0.017157035224190993,0.03275239262718949,0.0075357483518672585,6.478623578786881
permuted,24,6.0,9.0,36,123.4850595417013,0.030203324163535047,0.24062755186629223,0.12551897706343249,0.015184840436392802,-0.026839871863068545,-0.013851428406544991,-76.3514012146565
permuted,24,9.0,12.0,54,187.71681513206525,0.01969119982724416,0.17964548608278533,0.10961143670579034,0.01005117598901514,0.015799379631613538,0.011752572224522416,18.322095235693826
permuted,24,12.0,15.0,72,248.76295233014963,0.00308298647713793,0.10278382445888383,0.02999486050814546,0.001540092043297048,-0.0011434819200875743,0.0028630848252624613,55.88558903052221
permuted,24,15.0,18.0,102,352.8171367940702,0.00650500593777705,0.03917565518112804,0.16604715116317148,0.0032505194853358977,0.004119367994258777,-0.005034472125098231,-25.354429321720122
permuted,24,18.0,21.0,96,332.1455904737494,0.006052055337930032,0.0170941436550495,0.35404261600096554,0.0030260250071303483,0.003388369223794976,-0.005014611432265358,-27.97656749872642
permuted,24,21.0,24.0,120,415.16074089573476,0.006361232990248173,0.011792567491906627,0.5394273125520765,0.0031805384404327277,0.003942838366501002,-0.0049919245559072135,-25.848395782306255
permuted,24,24.0,27.0,144,498.1727246811519,0.006184580287439065,0.009169596369987777,0.6744659238962019,0.003092245355560799,0.0034322806191723287,-0.005144752966181553,-28.145541578386975
permuted,24,27.0,30.0,162,560.4442188483763,0.00624506652057866,0.008022684173460137,0.7784260710695781,0.003122501033564145,0.0035882253001443647,-0.005111310501413148,-27.465252111311223
permuted,24,30.0,33.0,180,622.7154938241351,0.00623502473440157,0.007449515985887972,0.8369704483100541,0.003117486391434906,0.00358353005508911,-0.005102337286271108,-27.459219830175623
permuted,24,33.0,36.0,162,560.4469029150114,0.006199030223249718,0.007154271423786748,0.8664795974386694,0.003099492242428675,0.003557075171774369,-0.005076927410462925,-27.491776459921432
permuted,25,0.0,3.0,7,23.724529018848116,0.1268910227855115,0.3015501680967631,0.420795728904366,0.06510241231734955,-0.1266582230311684,-0.007682851172579901,-88.26439910766953
permuted,25,3.0,6.0,30,108.64651612908892,0.05129159084991372,0.18601882691782262,0.27573333140399153,0.026258293834390267,0.0500108144834348,0.011390598167718011,6.4154788958985876
permuted,25,6.0,9.0,36,123.67367948828367,0.027033543460462092,0.2519383674986447,0.10730220938106033,0.013667233079475656,0.02476777657478553,0.010833730454935554,11.812580339814808
permuted,25,9.0,12.0,54,188.8542285913033,0.02967841077312647,0.20720714397325485,0.1432306348325384,0.015041859055273237,-0.022999222873319215,-0.01875750018637397,-70.40015579877068
permuted,25,12.0,15.0,72,250.7093720799605,0.012165186355723627,0.1217006258559464,0.09995993258180295,0.0060947209900085175,0.011877499656428914,0.002629973570402437,6.242632095558709
permuted,25,15.0,18.0,102,352.9317167386076,0.002770621564000012,0.04388766227582822,0.06312985063061727,0.0013847408980158288,0.0021406083659951877,-0.0017590166782419335,-19.70560211410249
permuted,25,18.0,21.0,96,332.0578729783133,0.004903459973836113,0.021792415993376845,0.22500763455168873,0.0024513781269618483,0.004788702596441843,-0.001054631289998552,-6.210081183779073
permuted,25,21.0,24.0,120,415.04969966158853,0.004532715986279607,0.01471875814967059,0.3079550557314545,0.002266274880995572,0.004398248349465541,-0.0010958675415844523,-6.995468471456962
permuted,25,24.0,27.0,144,498.1270637699128,0.004814836886246725,0.010853309500605238,0.4436284513933952,0.002407372455894267,0.00470484677779142,-0.0010232648917400365,-6.135131791291787
permuted,25,27.0,30.0,162,560.3727549757389,0.004738138743724713,0.008515861977896508,0.5563898001192211,0.002369042133571968,0.004619850334671954,-0.0010521129407134202,-6.414791225902373
permuted,25,30.0,33.0,180,622.6376045717872,0.004733679794046897,0.007120818546152685,0.6647662432859579,0.0023668210355837368,0.004615190717621607,-0.0010524918206557385,-6.423288727306014
permuted,25,33.0,36.0,162,560.379373438099,0.004713026808014585,0.0063500212759407025,0.7422064593502311,0.0023564986669883307,0.004595341249049882,-0.0010466424880754778,-6.415450180317171
permuted,26,0.0,3.0,7,24.88483525986036,0.15028324003756446,0.28264541420544126,0.5317023821526814,0.0784012143000779,-0.14100054759701,0.051999017428520145,79.8783677801565
permuted,26,3.0,6.0,30,103.11463344906814,0.028195075624252105,0.273849943134999,0.10295812115744302,0.014398086833875253,0.006218215885150484,0.027500837817473076,38.62954712924341
permuted,26,6.0,9.0,36,130.14649338825228,0.0229899567524641,0.21593728515700888,0.10646589696516749,0.011951582624258293,0.019090747656316565,-0.012809428769582715,-16.930326639018066
permuted,26,9.0,12.0,54,187.66670516479564,0.029964909189140784,0.19705521553555957,0.15206351736340354,0.015067292791001727,0.026374953683880153,-0.014221729883759944,-14.167071704242488
permuted,26,12.0,15.0,72,250.75968393123125,0.007895702188746986,0.11423378892017737,0.06911879806651805,0.003943022175704566,-0.005294030692595846,0.005857930699422544,66.0526493853026
permuted,26,15.0,18.0,102,353.2227558045998,0.004936924673595556,0.034978935708956584,0.14113993389259766,0.0024693845109375,0.004931952071511016,-0.00022152651551176486,-1.2859014837937006
permuted,26,18.0,21.0,96,331.9662888944006,0.004670951385537336,0.017965257186539393,0.2599991381719312,0.0023354188838585733,0.004545898259099606,0.0010735901750520676,6.643943932443052
permuted,26,21.0,24.0,120,414.99445754608575,0.00519221070965854,0.012989103036766293,0.39973589361495815,0.002596035587612255,0.0050420694906992206,0.001239591587763063,6.906111237452324
permuted,26,24.0,27.0,144,497.93140201771416,0.004755949037893565,0.010008052267008054,0.47521225019694807,0.002377939756293022,0.004626986175420251,0.0011000228104501304,6.686635518374137
permuted,26,27.0,30.0,162,560.1879109732665,0.004882844566633327,0.00818124876395212,0.5968336506460865,0.0024413979146269958,0.004749362548854504,0.0011338987791857144,6.713931702725986
permuted,26,30.0,33.0,180,622.4329577109677,0.004879242932353401,0.007012200660691223,0.6958219207424154,0.0024396031900710716,0.0047455432869780685,0.0011343855183922314,6.721918810348692
permuted,26,33.0,36.0,162,560.1940534547826,0.004848181177292246,0.006345801370374906,0.7639982555908174,0.002424075614023088,0.004715381426086921,0.001126959952423025,6.720679706571219
permuted,27,0.0,3.0,7,23.099870386127314,0.03662795914104838,0.2418128603193433,0.15147233729701848,0.018051049165856557,-0.03537568693056458,-0.009495691919443891,-82.48730400508893
permuted,27,3.0,6.0,30,110.90467347793737,0.03907877546183225,0.2506271191883527,0.15592397019280085,0.02045692656205979,0.015351202940886322,-0.035937324049851366,-33.43473698491673
permuted,27,6.0,9.0,36,125.25727455226615,0.0128891185276565,0.24000967218334202,0.053702496280277304,0.00659013530303447,-0.0046789164446492375,0.012009875824669005,55.6426724730923
permuted,27,9.0,12.0,54,188.37720425732684,0.010678118295742793,0.17056346278031495,0.06260495724981947,0.005385157663364229,-0.005064174723385099,0.009400869359208457,59.15549943292317
permuted,27,12.0,15.0,72,249.22378380385527,0.010413890576042494,0.09948040511589507,0.1046828324021225,0.005206211546861846,0.006387399242061512,0.008224977073056111,26.083799595942917
permuted,27,15.0,18.0,102,352.934700346158,0.002529229073542593,0.0379856114872703,0.0665838714848696,0.0012644513464903499,0.002488252881330619,0.00045342839015989687,5.163776494791212
permuted,27,18.0,21.0,96,331.9746152853594,0.0019260090669022706,0.01786361210413996,0.10781744787527661,0.0009629787126608038,0.0015741839924467253,0.0011097097294852573,17.59082437738158
permuted,27,21.0,24.0,120,414.9083538686058,0.002335826972964614,0.012749649468322074,0.1832071523823644,0.0011678859515247535,0.001967729116466634,0.0012586221719954201,16.30213777367226
permuted,27,24.0,27.0,144,497.9715397850978,0.0020106044079546046,0.009444925924691375,0.2128766730396886,0.0010052897887877594,0.0016381689063225055,0.0011657326964808923,17.717963222272846
permuted,27,27.0,30.0,162,560.1943231214134,0.0021145722344718307,0.007468058222099608,0.2831488683650526,0.0010572781090618952,0.0017423410217114607,0.001198191762140207,17.257971395994023
permuted,27,30.0,33.0,180,622.4402767713003,0.0021118784633811665,0.006098194988494875,0.34631205912003965,0.0010559338806614678,0.001739348171323258,0.0011977890394421033,17.276474556957858
permuted,27,33.0,36.0,162,560.2032577338057,0.0020960638994203433,0.005200451340464595,0.40305422783421074,0.0010480280302453608,0.0017252025163473311,0.001190445357016462,17.303463476987925
permuted,28,0.0,3.0,7,23.104979363608425,0.16208362062307166,0.21369676986780967,0.7584748273141176,0.0789720987098065,0.04042067166981279,0.15696263687911532,37.77953943422865
permuted,28,3.0,6.0,30,105.08360095636559,0.0583534255369998,0.22808901145731747,0.2558361981761648,0.02974096808193661,0.01553116303427749,-0.056248602175564086,-37.28214828292915
permuted,28,6.0,9.0,36,128.3797634460254,0.06463261967351597,0.18491805969732533,0.3495203214835096,0.03300478603391358,-0.05852425325574685,-0.027427856400356342,-77.44474468725268
permuted,28,9.0,12.0,54,190.69058172657716,0.02336387877406865,0.18957417736581084,0.12324399398017517,0.011878956694163577,0.023316456654770286,0.001487844224236541,1.8255726773131653
permuted,28,12.0,15.0,72,248.85949526753814,0.014333451057213644,0.09142598221434323,0.15677656077688779,0.0071871872488825095,-0.004687883255303579,0.013545167765449907,54.54518088799344
permuted,28,15.0,18.0,102,352.6983516745538,0.0015378277848923827,0.03827004459667773,0.04018359009244225,0.0007685456516119298,-0.0008427090023957571,-0.0012863731314312187,-61.61449696016743
permuted,28,18.0,21.0,96,332.01040519773665,0.003095380162092326,0.017939621807905336,0.1725443376252394,0.001547606464297466,-0.0018081544041167786,-0.0025123606426522066,-62.87134614736437
permuted,28,21.0,24.0,120,415.1146302326155,0.002612212282108867,0.011739184224174139,0.22252076739111215,0.0013060788595006788,-0.0016300439609251082,-0.0020412274964471742,-64.30474361653333
permuted,28,24.0,27.0,144,498.0468805539991,0.0031202895935174575,0.008499172014175386,0.3671286553929332,0.0015601275095915744,-0.0018582335425503722,-0.002506626268264584,-63.275297410780034
permuted,28,27.0,30.0,162,560.3296264974177,0.0029907421607923866,0.006730427623905178,0.44436138800005043,0.0014953609510382061,-0.0018023936661372088,-0.0023866117708185356,-63.53023822108736
permuted,28,30.0,33.0,180,622.5897780515132,0.0029884826155383718,0.005609369586758654,0.5327662171864934,0.001494234167311284,-0.0018001059989020463,-0.0023855076474603755,-63.51911691115995
permuted,28,33.0,36.0,162,560.3340159924551,0.002980462382593703,0.004946514799786269,0.6025378480061323,0.001490225557359252,-0.0017941840997862993,-0.0023799284506325308,-63.50598280871127
permuted,29,0.0,3.0,7,28.141815267639053,0.051591559006287736,0.13843582496395876,0.37267491286825066,0.027779439821175585,-0.040909065208998986,0.0314346519692065,71.23060667697331
permuted,29,3.0,6.0,30,108.0115621834994,0.008047789162927642,0.23756536664390662,0.033876104402838725,0.0040888517436254105,0.006430303713478995,-0.0048392256160829945,-18.481930993577805
permuted,29,6.0,9.0,36,119.94740888826357,0.00970669741333201,0.22936521058251572,0.042319833023848924,0.004821852040086463,-0.004420878492324359,0.00864151653531313,58.546823733501206
permuted,29,9.0,12.0,54,190.890021965861,0.008227139175737556,0.17684653183132065,0.046521348711462136,0.004186414695096125,0.005193057425621001,0.0063810636723949255,25.430252639091197
permuted,29,12.0,15.0,72,248.89766456062895,0.01560787531260156,0.0989799154051163,0.15768729695029407,0.0078469248714478,-0.0036308746717461523,-0.015179674597691135,-51.72600785103983
permuted,29,15.0,18.0,102,352.67733716404916,0.0037645715984093086,0.032207643181213,0.11688441706921346,0.001881312217475761,-0.00010136214578557541,-0.0037632067488980406,-45.771445695641965
permuted,29,18.0,21.0,96,332.0725972215307,0.002341942525118831,0.01589269795977139,0.14735965731223893,0.0011709415354298363,-0.0008869255971640967,-0.0021675003520311305,-56.12701289781364
permuted,29,21.0,24.0,120,415.09408554773404,0.0026041007054675145,0.010894051241725792,0.23903877884229444,0.001302027623196692,-0.000945066786622816,-0.002426559138582621,-55.63965725379822
permuted,29,24.0,27.0,144,498.0955177696477,0.0024534323506858998,0.008248237507747249,0.2974492851814083,0.001226704769793772,-0.0008777815817199061,-0.0022910324734026445,-55.48186724229354
permuted,29,27.0,30.0,162,560.3615673191473,0.0024998145064658995,0.006511306935948534,0.38391900904940823,0.0012499001192508461,-0.0008980069900134094,-0.002332950066466148,-55.526440725156405
permuted,29,30.0,33.0,180,622.625691684035,0.002498598709365377,0.005361444989368683,0.46603083950686774,0.001249294436003751,-0.0008976059969920641,-0.0023318016606491665,-55.52688002602737
permuted,29,33.0,36.0,162,560.3675549212973,0.0024839218438640117,0.004628351214054167,0.5366753145961541,0.0012419571772826008,-0.0008919685858688153,-0.002318244975891888,-55.52237136654014
permuted,30,0.0,3.0,7,22.86928481608584,0.09125532307358017,0.23518783970371016,0.38801038007978517,0.04527076844777958,-0.08076045367414307,0.04248862331977918,76.12541863596411
permuted,30,3.0,6.0,30,107.0625773039646,0.04639140769457392,0.2527635511650714,0.18353677767518486,0.023563372103774766,0.023285804809520215,-0.040123982881278095,-29.935711146261873
permuted,30,6.0,9.0,36,125.29356104120637,0.022377033322031115,0.22342592207468948,0.1001541500388243,0.011412698578795559,-0.01831833812663445,-0.012851852340171886,-72.47355797729657
permuted,30,9.0,12.0,54,187.36011870572437,0.04635505281809419,0.18251923304916523,0.25397352401545276,0.023343992291499218,0.02102458496988356,0.04131292471627309,31.513987398600413
permuted,30,12.0,15.0,72,251.89985577363944,0.007943558594841738,0.10235678605281945,0.07760656524270508,0.003983770653524172,-0.0013582249586950126,-0.007826579592086316,-49.922530849318235
permuted,30,15.0,18.0,102,352.89121665921573,0.00397458380855064,0.03300040804576409,0.1204404443435606,0.0019865500727374343,0.0031596147337285482,0.002411255105872953,18.674503644575985
permuted,30,18.0,21.0,96,332.2102446564177,0.0033452683635726587,0.014307015940528935,0.23382013254742925,0.0016726827944050936,0.002955668292117967,0.0015667946168175816,13.963992381258334
permuted,30,21.0,24.0,120,415.1499532573729,0.0034468140136281913,0.009397002650456109,0.3667993020583953,0.0017233824207597258,0.002960606011548927,0.0017650322628564152,15.401119935076805
permuted,30,24.0,27.0,144,498.27454603798174,0.0033185109024175866,0.007243249936754837,0.4581522012071235,0.0016592424985036015,0.002916024070609159,0.0015840827721720783,14.256151853138858
permuted,30,27.0,30.0,162,560.5272802367327,0.003358002617012849,0.005892127904108928,0.5699133948995092,0.0016789928790908587,0.0029346469142775542,0.001632185364591403,14.540919453070654
permuted,30,30.0,33.0,180,622.8093594589743,0.003353011011016151,0.005117852933040797,0.6551597036657993,0.0016764992664387655,0.002930143054928183,0.0016300136556641747,14.543407659202773
permuted,30,33.0,36.0,162,560.5335923327162,0.00333281376832017,0.004656794332003311,0.7156884179779578,0.0016664017667591753,0.0029133702510899437,0.0016186171240811127,14.527888860579653
permuted,31,0.0,3.0,7,23.046275150702954,0.11325080084971106,0.19003109715807454,0.5959593063629216,0.05614119797993062,0.07613196148134782,0.08384311739256532,23.879824244484563
permuted,31,3.0,6.0,30,106.98412209975771,0.021807395127056175,0.20217398758510965,0.10786449526735413,0.01129172706184698,-0.017693173670918497,-0.012748101336209633,-72.11344415109664
permuted,31,6.0,9.0,36,127.02359938032332,0.02355568948236018,0.20411334663324893,0.11540494470792775,0.011991889240372075,0.02196162307118005,0.008518076019195074,10.599686848798104
permuted,31,9.0,12.0,54,188.929656011425,0.012720189093668297,0.19529776529567858,0.06513228184874556,0.006388876763778302,-0.008704908912685229,-0.009275115708201767,-66.59178386829407
permuted,31,12.0,15.0,72,249.51001275659831,0.0053404179333874984,0.10675023159948124,0.0500272257340325,0.002678049629632136,0.003735946144214367,0.0038161197715449913,22.804117970337536
permuted,31,15.0,18.0,102,352.9296047721927,0.0011867693174370066,0.03277987262131747,0.036204207720600616,0.0005932988015471074,0.0010945586812855339,0.0004586531434890336,11.367577966730106
permuted,31,18.0,21.0,96,332.0716993372178,0.002321596222414622,0.015432532428936222,0.15043520777326183,0.0011607200484737305,0.002161061739013318,0.0008483048862894614,10.716016239716483
permuted,31,21.0,24.0,120,415.1251324899391,0.002003896551531644,0.010570084643181151,0.18958188313320407,0.00100193008712905,0.0017924519300386921,0.0008959450137932473,13.2789331175869
permuted,31,24.0,27.0,144,498.10481199800887,0.0024053470715231394,0.007765607518914161,0.30974357970894095,0.0012026619722449868,0.0022236401696393514,0.0009171253624511857,11.20668417677762
permuted,31,27.0,30.0,162,560.3828720085194,0.0023039636990451846,0.006122992396187264,0.3762806729075547,0.0011519750266031836,0.0021126566739789587,0.0009192010141476853,11.756747638116225
permuted,31,30.0,33.0,180,622.6491169960489,0.002301008903959896,0.0050211105196613605,0.45826693018401893,0.0011504998228090313,0.0021095651608606333,0.0009188997813612603,11.768664734168139
permuted,31,33.0,36.0,162,560.3879504084791,0.0022946005681719855,0.0043169458223770675,0.531533325314816,0.0011472967963618115,0.0021044440250823646,0.0009146076277564789,11.745069002669577
permuted,32,0.0,3.0,7,25.550728351343714,0.14348273267104547,0.315708366057228,0.45447871547704427,0.07353874663784708,-0.1401425416499261,0.030779255914486187,83.8064507501877
permuted,32,3.0,6.0,30,102.91735930944381,0.0807803950160142,0.23843267191633857,0.3387975077692309,0.041863495121993805,-0.07659906383079612,-0.02565259517454158,-80.74229610591382
permuted,32,6.0,9.0,36,125.8201169014026,0.035458555255379956,0.22255069609474515,0.15932799077961274,0.01779777247040344,0.03440449250989365,0.00858137727497777,7.002644867320507
permuted,32,9.0,12.0,54,192.3445022356719,0.025624921491240033,0.16733675347218355,0.15313385110880423,0.013129243936517309,0.02533344624732382,-0.0038539723229636786,-4.3250359783088195
permuted,32,12.0,15.0,72,250.77216611157206,0.01399196537775007,0.12015371870909329,0.11645053959275545,0.006996921993820559,0.011909869299487057,0.007343712167650113,15.829143029343506
permuted,32,15.0,18.0,102,352.53866353555776,0.0032431523918117437,0.04348995781079577,0.07457244281360689,0.001620556950138081,-0.0029217893723273566,0.0014075454878152767,77.13899019601732
permuted,32,18.0,21.0,96,331.95309727182007,0.0007433744666289886,0.020215850332873323,0.03677186239453778,0.0003716726670603996,-0.00011948866171462665,0.0007337084280268156,49.62487281932146
permuted,32,21.0,24.0,120,414.95785653289164,0.0010564723806653711,0.013549134075004628,0.07797342433966654,0.0005282203772550521,-0.0005967327568191755,0.0008718049713369061,62.195423004767875
permuted,32,24.0,27.0,144,497.9177466369466,0.0007688182812437182,0.009975922508159017,0.0770673870626926,0.0003844033614752484,-0.00020451801511396276,0.0007411166784443526,52.71366818893606
permuted,32,27.0,30.0,162,560.1692979908759,0.0008464112928319764,0.007649592157820415,0.11064789800155084,0.0004232020266926414,-0.00031942097687196787,0.0007838254373058171,56.085827426818796
permuted,32,30.0,33.0,180,622.4132660938308,0.0008458771202384009,0.006118934020732917,0.1382392941927952,0.00042293629088134625,-0.00031801915655647536,0.0007838188047029226,56.04194631740361
permuted,32,33.0,36.0,162,560.1774515080019,0.0008381255387321757,0.005125369366043664,0.16352490501170164,0.0004190611983706837,-0.00031093678106147677,0.0007783140348588269,55.88836467481527
permuted,33,0.0,3.0,7,24.39816473334254,0.14504860116057963,0.2738749831216279,0.5296161026002274,0.07185741426783608,-0.06399348948298078,-0.13016885189027572,-58.08980557459582
permuted,33,3.0,6.0,30,106.2291573169506,0.014663611141816895,0.23535184635398956,0.06230506099264483,0.007544536469641895,-0.005053021452267344,0.013765480954959133,55.07856742192801
permuted,33,6.0,9.0,36,119.57185929999633,0.030224795136480846,0.21208125835524105,0.14251516315436796,0.014933035055385289,0.027447194335443882,-0.01265660950470597,-12.377822960729432
permuted,33,9.0,12.0,54,194.4185121537546,0.016800919834243616,0.20964746813337717,0.08013891121048461,0.008607827059918343,-0.015596974722037379,-0.006245421266560606,-79.08879658501553
permuted,33,12.0,15.0,72,250.64299317595518,0.012910393665737471,0.10044312573930664,0.12853436778984284,0.006478097725644723,0.00769521346291267,0.01036638579083963,26.70631350205733
permuted,33,15.0,18.0,102,352.74077608739,0.0014005320360167138,0.04429062830042462,0.031621408179555825,0.0006999348670482402,0.000280803357389657,-0.001372093093921771,-39.216969637598154
permuted,33,18.0,21.0,96,332.11739114000034,0.0022083765791648118,0.02308076156695613,0.09568040347188815,0.0011040902784404346,0.000404050006233697,-0.0021710989631673235,-39.728818819388174
permuted,33,21.0,24.0,120,415.13368678088216,0.00197672636918103,0.014829238835343489,0.13329924692222028,0.0009883281371149538,-0.00038820879857308095,-0.0019382314277005372,-50.6629601976608
permuted,33,24.0,27.0,144,498.17255432317745,0.002255463376886429,0.01027106796099373,0.21959385191997227,0.0011277132619508523,0.00026275457198767676,-0.0022401060419934378,-41.655013229316246
permuted,33,27.0,30.0,162,560.4424505096238,0.002158561632091105,0.007548418580079715,0.2859621004308838,0.0010792712803165943,9.095231361422039e-05,-0.0021566446151798017,-43.79254618897256
permuted,33,30.0,33.0,180,622.7162010479517,0.002154349192941947,0.005933325853784981,0.36309301832253943,0.0010771687788112124,9.238781386078175e-05,-0.0021523672867286483,-43.77107767189843
permuted,33,33.0,36.0,162,560.4492149400044,0.0021474049750243615,0.004972052894546243,0.43189503824060527,0.0010736984474648047,0.00010189991099076776,-0.002144985905524661,-43.64007296312908
permuted,34,0.0,3.0,7,25.01858858441927,0.20378760704986212,0.28268616275477504,0.7208970013387039,0.10423294997776868,-0.0370897278893563,-0.2003839835720473,-50.243192749121945
permuted,34,3.0,6.0,30,106.23972720470479,0.030174623317656787,0.23931667736872161,0.12608658806994022,0.015545241215166355,0.019130401044814203,-0.023335287618262784,-25.327452880427984
permuted,34,6.0,9.0,36,128.05898306558223,0.08552317506868364,0.2096605490606519,0.4079125779831043,0.0443609891982982,-0.08440183598960806,-0.013803751497763696,-85.35581114226474
permuted,34,9.0,12.0,54,186.1429553061447,0.05330007060778048,0.19658505462396458,0.2711298206760167,0.026490365835763877,0.029777905625443926,0.04420603876572225,28.017576007952126
permuted,34,12.0,15.0,72,251.33826779415926,0.015089521873954874,0.128822322500289,0.11713437221969834,0.007595115568800119,0.01506133405960242,-0.0009218930141956241,-1.7513309637181957
permuted,34,15.0,18.0,102,352.69029046932616,0.0015499294549387343,0.05102341162531394,0.03037682909799346,0.000774451951372116,-0.0005532739889418358,-0.0014478153226316786,-55.457029115131725
permuted,34,18.0,21.0,96,331.9792851698079,0.0018844740680754512,0.02569823970927058,0.07333086193431496,0.0009421367475681661,-0.0005941153690305695,-0.0017883706107880743,-54.188512726816064
permuted,34,21.0,24.0,120,415.00167212529266,0.0013345376813960106,0.016684145891307005,0.07998837279955393,0.000667240478447092,-0.0008950803542642913,-0.0009898595771501888,-66.06072873546081
permuted,34,24.0,27.0,144,497.97665299751327,0.0018349358012327995,0.01151379551105503,0.15936845495223328,0.0009174498035858413,-0.0005370017458938085,-0.0017545992475642002,-53.50846431049069
permuted,34,27.0,30.0,162,560.2351441599038,0.0016773562977003371,0.008337904531468654,0.20117240385395546,0.0008386693874671996,-0.0006296902394564839,-0.0015546749987596178,-56.02471561303729
permuted,34,30.0,33.0,180,622.4864111943486,0.0016763139897264347,0.0063709411599988195,0.2631187367184451,0.0008381517339723086,-0.0006284624644280451,-0.001554047464834194,-56.00929383963112
permuted,34,33.0,36.0,162,560.243078856096,0.0016763918866617815,0.005190286358051811,0.32298639632111165,0.0008381923638958802,-0.0006197610240541188,-0.0015576219152056243,-55.848538919962245
permuted,35,0.0,3.0,7,21.82681865132086,0.16516228241446756,0.3568306465778567,0.4628590172913607,0.0790927618979578,-0.050247300002368045,-0.1573333670103973,-53.855918578408705
permuted,35,3.0,6.0,30,103.70601457840337,0.06910136733874857,0.24759065497641075,0.27909521603443477,0.0351250341016904,-0.02185249383124802,-0.06555507212596089,-54.217790281980456
permuted,35,6.0,9.0,36,128.47665792135135,0.06443411882351134,0.2067300970436937,0.311682332398329,0.032766934814387194,0.023146597434534875,0.06013310814988662,34.47357624703048
permuted,35,9.0,12.0,54,190.73400486561363,0.016333385410461716,0.180752350246479,0.09036333628961973,0.008245648463846697,-0.006091756297202446,0.015154866683088238,55.94924970206487
permuted,35,12.0,15.0,72,248.91277623972508,0.006954505588716934,0.10665855281136186,0.06520344975068987,0.003478663607815967,0.0016968875676016573,-0.0067443102365189285,-37.93867783243578
permuted,35,15.0,18.0,102,352.77362719006277,0.0035324601214151066,0.03744560670955971,0.09433576944857684,0.001765854575414136,-0.002354148306730517,-0.0026336780857397647,-65.89618106569942
permuted,35,18.0,21.0,96,332.2470562483228,0.0027839097047380017,0.01572375946113362,0.1770511506245907,0.001391888724601646,-0.0016360054521267495,-0.002252474063057326,-62.995731266525894
permuted,35,21.0,24.0,120,415.30028409110395,0.003267925887503951,0.009661547301676966,0.3382404272798761,0.001633934260849562,-0.0020014350489832946,-0.002583330670069111,-63.883364439996335
permuted,35,24.0,27.0,144,498.37032679976744,0.0027668586342380333,0.006591730813771246,0.4197469090299615,0.0013834186648156404,-0.0017761001338119267,-0.002121550144712778,-64.9675454792776
permuted,35,27.0,30.0,162,560.6622738134449,0.0029104707977109937,0.005205680504706447,0.559095164422719,0.0014552287120639276,-0.0018484578758383836,-0.002248120046968026,-64.71392858291091
permuted,35,30.0,33.0,180,622.9589601145499,0.0029047061323029064,0.00441363504850642,0.6581210499689735,0.00145234847419193,-0.0018452425535307666,-0.00224330061152699,-64.71962183584026
permuted,35,33.0,36.0,162,560.6660202468402,0.0028816325707536916,0.0039896266934153785,0.7222812539102066,0.0014408126945610901,-0.0018319516388402067,-0.0022243559665168725,-64.73722049358885
permuted,36,0.0,3.0,7,23.501625218213032,0.14442568182755017,0.3539002836276507,0.40809710675311256,0.07270396574761338,0.05308450336290487,-0.13431609387585128,-34.21752070086466
permuted,36,3.0,6.0,30,107.2597179609935,0.018820552035187392,0.22748164840392568,0.08273437513415963,0.009806691851460474,-0.005477826518004536,0.018005737850692,53.460581040620546
permuted,36,6.0,9.0,36,127.88546813111772,0.037519112457024884,0.2568022695697025,0.14610117161305408,0.019001505577592438,-0.037518207563229246,0.00026057782969358517,89.8010330078737
permuted,36,9.0,12.0,54,186.73690886374717,0.02815995274696006,0.20578493050906738,0.13684166608943826,0.014105184311100622,0.027759732061875507,0.004730773146527359,4.835675491313872
permuted,36,12.0,15.0,72,250.69449906353196,0.011788767804031309,0.09689127079845816,0.12167007106917731,0.005927700185217994,0.0024136526960012845,-0.011539034925003517,-39.09280975148405
permuted,36,15.0,18.0,102,352.79144595649757,0.005169048610951628,0.03092864772916571,0.16712818019771408,0.002584362105544854,0.0006181621523990283,-0.0051319527565754485,-41.56580394316114
permuted,36,18.0,21.0,96,332.0503631728411,0.005134985829229594,0.015742266154492993,0.32619101842360987,0.0025674119511172903,0.001849034139801517,-0.004790527342186579,-34.447275322411784
permuted,36,21.0,24.0,120,415.05409494861124,0.005000912204500261,0.011451411278755624,0.43670706455001135,0.0025004061806652104,0.0018832513200978164,-0.004632762387870706,-33.93895165616318
permuted,36,24.0,27.0,144,498.0655081454477,0.005069495347630454,0.008923017206655066,0.5681369014787359,0.0025347165459897406,0.0017715438202565862,-0.004749885848371256,-34.7731085252406
permuted,36,27.0,30.0,162,560.3194937643993,0.005062348867620809,0.007435547899904275,0.6808306443276333,0.0025311524938828687,0.0018058488838909065,-0.00472930077982482,-34.55050473343086
permuted,36,30.0,33.0,180,622.5786979015543,0.005058913840464523,0.006552151486125967,0.7720996456166587,0.002529439863367236,0.0018050657946729854,-0.00472592284343969,-34.547823868778785
permuted,36,33.0,36.0,162,560.3253855879834,0.0050343618462505325,0.006079066350593214,0.8281472114150004,0.0025171665330341263,0.0017945163016251508,-0.004703669890860185,-34.55872137581964
permuted,37,0.0,3.0,7,26.590802903567386,0.019412645344451085,0.21245116063855288,0.0913746259898207,0.010055840415808972,0.01939750222564401,-0.0007666202942618203,-1.1316214598885113
permuted,37,3.0,6.0,30,105.57592468830127,0.0907144486437843,0.2548078989592386,0.3560111323640552,0.04603103675709518,0.0880944430008673,-0.02164440586185542,-6.901942951790704
permuted,37,6.0,9.0,36,128.53748327588164,0.047450091807057934,0.18411438742449762,0.25772071629392057,0.024153084241985725,0.02207404257388792,0.042002950574268116,31.138239524447158
permuted,37,9.0,12.0,54,186.28898432643555,0.04875083610643828,0.18024106148621516,0.2704757490022147,0.024654228747507757,-0.04805366535596255,-0.008215185143012336,-85.14929234577961
permuted,37,12.0,15.0,72,248.15466058312822,0.013113584663171184,0.10408918136866274,0.12598412717576796,0.006552858208127723,-0.010297096492703673,-0.008120092766594984,-70.87068280968607
permuted,37,15.0,18.0,102,352.8001387364432,0.000943694601554892,0.050559673530996066,0.01866496627942725,0.00047180385376286907,-0.0007754377883178654,-0.0005378250063473653,-72.6278766240791
permuted,37,18.0,21.0,96,332.0921793398048,0.0013252240013999393,0.02292070759240527,0.057817761343417234,0.0006625451519851411,0.00120094227870538,-0.0005603180321071203,-12.506062759070778
permuted,37,21.0,24.0,120,415.1852526687185,0.0004128189697318414,0.014040047326372268,0.029402961409996008,0.00020640289168253725,0.0003552163543897317,-0.0002103350739760906,-15.31557254922971
permuted,37,24.0,27.0,144,498.1597915398859,0.0011751563842583852,0.009163982497751156,0.12823642827196244,0.000587569763248736,0.0009889227439149708,-0.0006348419756371867,-16.349279076836538
permuted,37,27.0,30.0,162,560.4505653755007,0.0009636322148819353,0.006647039528893193,0.14497163898202226,0.00048181264813245626,0.0008088414404767276,-0.0005237963055671514,-16.4633120417805
permuted,37,30.0,33.0,180,622.7254341418286,0.0009606285428584919,0.00514016493312847,0.18688671576805266,0.0004803122937694408,0.0008071050526176019,-0.0005209497397960455,-16.420205015289746
permuted,37,33.0,36.0,162,560.4563122259942,0.0009657723502789014,0.0042272120725424835,0.22846555453226444,0.0004828848680326511,0.000811615831260468,-0.0005234462484444919,-16.409862292732647
permuted,38,0.0,3.0,7,24.01907427512033,0.05321019600287381,0.22955045801021168,0.2318017418223,0.02630880509817538,-0.052948058918305695,-0.005275226577871003,-87.1551924429865
permuted,38,3.0,6.0,30,101.59485277517675,0.04621498745264616,0.22121465018196304,0.20891467818533452,0.023300018058222825,-0.0425341051697905,0.01807415178240581,78.48887587173651
permuted,38,6.0,9.0,36,125.47551420436965,0.012144129720252347,0.22550722463628736,0.05385250844995847,0.00621180889387203,0.011248450980170814,-0.0045773613806439385,-11.071505013596656
permuted,38,9.0,12.0,54,195.66888242140797,0.023831155730066923,0.17710931441024694,0.13455619660333423,0.012260186970344712,0.0069675422714840325,-0.02278985164773533,-36.50001678763421
permuted,38,12.0,15.0,72,248.42970228021068,0.021129016455813165,0.09395302681766442,0.22488915122254083,0.010485455480386784,0.015387506488707644,0.01447964020443891,21.62946329906498
permuted,38,15.0,18.0,102,353.0669551332402,0.0021614774682391035,0.036080827432533956,0.05990653823781509,0.0010807212058695438,0.0016436133676976715,0.0014037520946487817,20.24973456699737
permuted,38,18.0,21.0,96,332.0958048786795,0.0016123150681756732,0.01612238377270432,0.10000475679690561,0.0008061049690198393,0.0015142362857927562,0.0005537583858099888,10.043769371502002
permuted,38,21.0,24.0,120,415.0853470442091,0.0016018721546599867,0.011140756492427222,0.14378486377911928,0.0008009216875348114,0.0013240787998021761,0.0009015596107798186,17.125390932055147
permuted,38,24.0,27.0,144,498.156575941505,0.001664733596914984,0.007993011107163503,0.20827364989184305,0.0008323596700150566,0.0015191487802346092,0.0006808266535684392,12.070084565681174
permuted,38,27.0,30.0,162,560.4099405368718,0.0016431760298642477,0.00627767653059353,0.2617490757697405,0.0008215837917064544,0.001468283977289869,0.0007376785391715518,13.337674084768917
permuted,38,30.0,33.0,180,622.6788956232155,0.001641194912050993,0.005109653395717554,0.3211949588256795,0.0008205946544505511,0.0014672090978461426,0.0007354034284252247,13.310610923703138
permuted,38,33.0,36.0,162,560.4161242635528,0.0016334094497567526,0.004366107767010907,0.3741111161062809,0.0008167026395930442,0.0014622492896059038,0.0007279103279949298,13.232102264750429
permuted,39,0.0,3.0,7,24.587824193292622,0.17945637144314605,0.2967920828457828,0.6046534992525189,0.0921568799419886,-0.14460841914630782,-0.10626850127646557,-71.84446046729218
permuted,39,3.0,6.0,30,112.63237225216434,0.06211279045680687,0.28690897671481874,0.21648953325899464,0.032497263879521045,-0.04981356345189051,-0.03710266344288072,-71.6600668039437
permuted,39,6.0,9.0,36,120.99044966881328,0.0515253835693764,0.2825388726846934,0.1823656443440174,0.02560076438287912,0.019327422755383863,0.04776312261155079,33.984602435110894
permuted,39,9.0,12.0,54,186.47671417932347,0.051863630421331686,0.20344765508349516,0.2549237070343563,0.026317550164728434,0.042539802791960395,0.029668187320791954,17.446380245227594
permuted,39,12.0,15.0,72,251.94231978407709,0.016702617749331523,0.13172230799518675,0.12680173923115476,0.008385922205054935,-0.008382829182908952,-0.014446647174014266,-60.06246571480748
permuted,39,15.0,18.0,102,352.79577228069553,0.002187511679264047,0.044721323726314675,0.04891428734648307,0.0010933471329192073,-0.0021854974379340157,-9.385252101283292e-05,-88.7705198370149
permuted,39,18.0,21.0,96,332.0331967946762,0.0019095906584658529,0.0199124482804719,0.09589934053155005,0.0009547423781984273,-0.0017689444269902003,0.0007192858243566051,78.93621161284793
permuted,39,21.0,24.0,120,414.9473531017824,0.0020176616456115074,0.01261403459642903,0.15995371109753395,0.0010088041874204126,-0.001484272238048075,0.0013667093471296282,68.6806536235087
permuted,39,24.0,27.0,144,498.0111657419598,0.0018533263521679849,0.008909147396930382,0.20802510830683332,0.0009266517851048598,-0.0017099519669898679,0.0007147606859836176,78.65752533154662
permuted,39,27.0,30.0,162,560.2413164027012,0.0018856974232956502,0.006867819094096004,0.27457004872430474,0.0009428420519037372,-0.0016565339300928306,0.0009009717590885161,75.72934280873889
permuted,39,30.0,33.0,180,622.4930537092567,0.0018841849965653985,0.005546112105647596,0.33973078089184966,0.0009420881782234222,-0.0016554183924650512,0.0008998572371051843,75.73612521420804
permuted,39,33.0,36.0,162,560.2504693596688,0.0018728956899977162,0.004700300034166256,0.398463007974752,0.0009364447258631949,-0.001650234302758204,0.0008857002944631813,75.88850892480814
